Workbook

Sheet 폐기보고서
A1: 폐 기 보 고 서 | I1: 결 재 | J1: 작 성 | K1: 검 토 | L1: 승 인
A5: 폐기번호 | D5: 작성일 | G5: 작성부서 | K5: 작성자
A6: 폐기 구분 | E6: 발생 단계 | I6: NCR/CAPA (8D) 번호
A7: 고객사/ 협력사 | E7: 차종/프로젝트 | I7: 발생일자
A8: 1. 폐기 대상 내역
A9: No. | B9: 품 명 | D9: 품 번 | E9: LOT No. | G9: 수량 | H9: 단위 | I9: 단가(원) | J9: 금액(원) | K9: 보관 위치 | L9: 비 고
A10: 1 | J10: =IF(OR(G10="",I10=""),"",G10*I10)
A11: 2 | J11: =IF(OR(G11="",I11=""),"",G11*I11)
A12: 3 | J12: =IF(OR(G12="",I12=""),"",G12*I12)
A13: 4 | J13: =IF(OR(G13="",I13=""),"",G13*I13)
A14: 5 | J14: =IF(OR(G14="",I14=""),"",G14*I14)
A15: 6 | J15: =IF(OR(G15="",I15=""),"",G15*I15)
A16: 7 | J16: =IF(OR(G16="",I16=""),"",G16*I16)
A17: 8 | J17: =IF(OR(G17="",I17=""),"",G17*I17)
A18: 9 | J18: =IF(OR(G18="",I18=""),"",G18*I18)
A19: 10 | J19: =IF(OR(G19="",I19=""),"",G19*I19)
A20: 합 계 (폐기금액 · 품목별 단위 구분) | J20: =SUM(J10:J19) | K20: ※ 금액은 자동 계산
A21: 2. 폐기 사유 및 원인
A22: 폐기 사유 (품번별 기재)
A23: 발생 원인 (증빙 연계)
A24: 재작업·선별 특채 검토/판정
A25: 3. 폐기 처리 방법
A26: 처리 방법 | E26: 처리 업체 | I26: 폐기물 구분
A27: 폐기 예정일 | E27: 폐기 일시 | I27: 폐기 장소
A28: 올바로 인계 여부 | E28: 인계서/ 계량표 번호 | I28: 원가 손실 구분
A29: 4. 시정·재발방지 및 기록 연계
A30: 시정·재발방지 연계증빙
A31: LOT 이력 반영 여부 | E31: 재고 차감 처리 여부 | I31: 고객 통보 처리 여부
A32: 5. 폐기 확인 (입회 서명)
A33: 입회·확인 (성명·서명·일자) | B33: 품질 입회자 | E33: 현업 부서 입회자 | H33: 실제 폐기자 | K33: 외부업체(해당 시)
A35: 6. 증빙 사진 (폐기 전 / 폐기 후)
A36: 폐기 전 | G36: 폐기 후
A38: 양식번호: SH-FM-369 | 문서명 폐기보고서 | Rev.00 | 문서상태: 개정초안(미승인) | 제정일·승인일: 승인 시 기재 | G38: (주)신화에이치앤티 | 보존기간: 승인 문서관리기준 적용 | 폐기완료확인 시트 병행

Sheet 작성예시
A1: 폐 기 보 고 서 | I1: 결 재 | J1: 작 성 | K1: 검 토 | L1: 승 인
A5: 폐기번호 | B5: DSP-2026-001 | D5: 작성일 | E5: 46322 | G5: 작성부서 | I5: 품질관리팀 | K5: 작성자 | L5: 홍길동
A6: 폐기 구분 | B6: 부적합품(불량) | E6: 발생 단계 | F6: 공정 | I6: NCR/CAPA (8D) 번호 | J6: NCR-2026-001/002
A7: 고객사/ 협력사 | B7: ○○○(예시) | E7: 차종/프로젝트 | F7: - | I7: 발생일자 | J7: 46321
A8: 1. 폐기 대상 내역
A9: No. | B9: 품 명 | D9: 품 번 | E9: LOT No. | G9: 수량 | H9: 단위 | I9: 단가(원) | J9: 금액(원) | K9: 보관 위치 | L9: 비 고
A10: 1 | B10: AL 파이프 ASSY | D10: P-0000 | E10: L261026-0001 | G10: 12 | H10: EA | I10: 8500 | J10: =IF(OR(G10="",I10=""),"",G10*I10) | K10: 부적합 구역 | L10: 누설 불량
A11: 2 | B11: AL 파이프(소재) | D11: M-0000 | E11: L261020-0002 | G11: 35 | H11: EA | I11: 3200 | J11: =IF(OR(G11="",I11=""),"",G11*I11) | K11: 부적합 구역 | L11: 외관 불량
A12: 3 | J12: =IF(OR(G12="",I12=""),"",G12*I12)
A13: 4 | J13: =IF(OR(G13="",I13=""),"",G13*I13)
A14: 5 | J14: =IF(OR(G14="",I14=""),"",G14*I14)
A15: 6 | J15: =IF(OR(G15="",I15=""),"",G15*I15)
A16: 7 | J16: =IF(OR(G16="",I16=""),"",G16*I16)
A17: 8 | J17: =IF(OR(G17="",I17=""),"",G17*I17)
A18: 9 | J18: =IF(OR(G18="",I18=""),"",G18*I18)
A19: 10 | J19: =IF(OR(G19="",I19=""),"",G19*I19)
A20: 합 계 (폐기금액 · 품목별 단위 구분) | J20: =SUM(J10:J19) | K20: ※ 금액은 자동 계산
A21: 2. 폐기 사유 및 원인
A22: 폐기 사유 (품번별 기재) | B22: 품목 1: 접합부 누설 불량·재작업 불가. 품목 2: 원자재 외관 손상·재사용 불가.
A23: 발생 원인 (증빙 연계) | B23: 품목 1: 접합부 가열 편차(추정, NCR-001 참조). 품목 2: 운반 중 긁힘(NCR-002 참조).
A24: 재작업·선별 특채 검토/판정 | B24: 양 품목 재작업·선별·특채 적합성 검토 후 폐기 판정. 판정자/일자는 실제 승인 시 기재.
A25: 3. 폐기 처리 방법
A26: 처리 방법 | B26: 스크랩(유가물 매각) | E26: 처리 업체 | F26: ○○자원(예시) | I26: 폐기물 구분 | J26: 해당없음(유가물)
A27: 폐기 예정일 | B27: 46325 | E27: 폐기 일시 | I27: 폐기 장소 | J27: 자재 야적장(예시)
A28: 올바로 인계 여부 | B28: 해당없음 | E28: 인계서/ 계량표 번호 | I28: 원가 손실 구분 | J28: 불량 손실
A29: 4. 시정·재발방지 및 기록 연계
A30: 시정·재발방지 연계증빙 | B30: 용접조건 재점검 및 원자재 이송 보호대책 실시. 원인별 NCR·시정조치 기록을 연계.
A31: LOT 이력 반영 여부 | B31: 반영예정 | E31: 재고 차감 처리 여부 | F31: 처리예정 | I31: 고객 통보 처리 여부 | J31: 해당없음
A32: 5. 폐기 확인 (입회 서명)
A33: 입회·확인 (성명·서명·일자) | B33: 품질 입회자 | E33: 현업 부서 입회자 | H33: 실제 폐기자 | K33: 외부업체(해당 시)
A35: 6. 증빙 사진 (폐기 전 / 폐기 후)
A36: 폐기 전 | G36: 폐기 후
A38: 양식번호: SH-FM-369 | 문서명 폐기보고서 | Rev.00 | 문서상태: 개정초안(미승인) | 제정일·승인일: 승인 시 기재 | G38: (주)신화에이치앤티 | 보존기간: 승인 문서관리기준 적용 | 폐기완료확인 시트 병행
A40: [작성안내] 이 시트는 가상 데이터 예시입니다. 실제 자료는 '폐기보고서' 및 '폐기완료확인' 시트를 작성하세요.
A41: 노란색 칸 = 입력 / 푸른색 금액칸 = 자동 계산. 실폐기량·LOT 대장번호·재고전표는 폐기 후 '폐기완료확인' 시트에 기록.
A42: 작성 → 검토 → 승인 → 실제 폐기 → 사진·인계증빙 수집 → LOT 반영·재고 차감 → 최종 확인 순으로 운영합니다.
A43: 금액은 재료 손실 산정 예시입니다. 인계업체, 처리방법, 유가물 여부·원가부담은 사실관계에 따라 작성하세요.
A44: SH-FM-369 신규 등록. 실제 사용승인·보존기간은 회사 문서관리기준에 따라 확정합니다.

Sheet 폐기완료확인
A1: 폐 기 완 료 · L O T / 재 고 추 적 확 인 서
A3: 폐기번호 | D3: =IF(폐기보고서!B5="","",폐기보고서!B5) | G3: NCR/CAPA 번호 | J3: =IF(폐기보고서!J6="","",폐기보고서!J6)
A4: 폐기 사전승인일 | G4: 실제 폐기완료일
A5: 승인자 성명/서명 | G5: 폐기 실시자 성명/서명
A6: 폐기 방법 | D6: =IF(폐기보고서!B26="","",폐기보고서!B26) | G6: 처리업체 / 장소 | J6: =IF(폐기보고서!F26="","",폐기보고서!F26&" / "&폐기보고서!J27)
A7: 1. 품목별 실제 폐기수량 및 LOT·재고 기록 확인
A8: No. | B8: 품번 | D8: LOT No. | F8: 보고수량 | G8: 실폐기량 | H8: 단위 | I8: 차이 | J8: LOT 이력번호 | K8: 재고 전표번호 | L8: 차감일
A9: =IF(폐기보고서!B10="","",폐기보고서!A10) | B9: =IF(폐기보고서!D10="","",폐기보고서!D10) | D9: =IF(폐기보고서!E10="","",폐기보고서!E10) | F9: =IF(폐기보고서!G10="","",폐기보고서!G10) | H9: =IF(폐기보고서!H10="","",폐기보고서!H10) | I9: =IF(OR(F9="",G9=""),"",G9-F9)
A10: =IF(폐기보고서!B11="","",폐기보고서!A11) | B10: =IF(폐기보고서!D11="","",폐기보고서!D11) | D10: =IF(폐기보고서!E11="","",폐기보고서!E11) | F10: =IF(폐기보고서!G11="","",폐기보고서!G11) | H10: =IF(폐기보고서!H11="","",폐기보고서!H11) | I10: =IF(OR(F10="",G10=""),"",G10-F10)
A11: =IF(폐기보고서!B12="","",폐기보고서!A12) | B11: =IF(폐기보고서!D12="","",폐기보고서!D12) | D11: =IF(폐기보고서!E12="","",폐기보고서!E12) | F11: =IF(폐기보고서!G12="","",폐기보고서!G12) | H11: =IF(폐기보고서!H12="","",폐기보고서!H12) | I11: =IF(OR(F11="",G11=""),"",G11-F11)
A12: =IF(폐기보고서!B13="","",폐기보고서!A13) | B12: =IF(폐기보고서!D13="","",폐기보고서!D13) | D12: =IF(폐기보고서!E13="","",폐기보고서!E13) | F12: =IF(폐기보고서!G13="","",폐기보고서!G13) | H12: =IF(폐기보고서!H13="","",폐기보고서!H13) | I12: =IF(OR(F12="",G12=""),"",G12-F12)
A13: =IF(폐기보고서!B14="","",폐기보고서!A14) | B13: =IF(폐기보고서!D14="","",폐기보고서!D14) | D13: =IF(폐기보고서!E14="","",폐기보고서!E14) | F13: =IF(폐기보고서!G14="","",폐기보고서!G14) | H13: =IF(폐기보고서!H14="","",폐기보고서!H14) | I13: =IF(OR(F13="",G13=""),"",G13-F13)
A14: =IF(폐기보고서!B15="","",폐기보고서!A15) | B14: =IF(폐기보고서!D15="","",폐기보고서!D15) | D14: =IF(폐기보고서!E15="","",폐기보고서!E15) | F14: =IF(폐기보고서!G15="","",폐기보고서!G15) | H14: =IF(폐기보고서!H15="","",폐기보고서!H15) | I14: =IF(OR(F14="",G14=""),"",G14-F14)
A15: =IF(폐기보고서!B16="","",폐기보고서!A16) | B15: =IF(폐기보고서!D16="","",폐기보고서!D16) | D15: =IF(폐기보고서!E16="","",폐기보고서!E16) | F15: =IF(폐기보고서!G16="","",폐기보고서!G16) | H15: =IF(폐기보고서!H16="","",폐기보고서!H16) | I15: =IF(OR(F15="",G15=""),"",G15-F15)
A16: =IF(폐기보고서!B17="","",폐기보고서!A17) | B16: =IF(폐기보고서!D17="","",폐기보고서!D17) | D16: =IF(폐기보고서!E17="","",폐기보고서!E17) | F16: =IF(폐기보고서!G17="","",폐기보고서!G17) | H16: =IF(폐기보고서!H17="","",폐기보고서!H17) | I16: =IF(OR(F16="",G16=""),"",G16-F16)
A17: =IF(폐기보고서!B18="","",폐기보고서!A18) | B17: =IF(폐기보고서!D18="","",폐기보고서!D18) | D17: =IF(폐기보고서!E18="","",폐기보고서!E18) | F17: =IF(폐기보고서!G18="","",폐기보고서!G18) | H17: =IF(폐기보고서!H18="","",폐기보고서!H18) | I17: =IF(OR(F17="",G17=""),"",G17-F17)
A18: =IF(폐기보고서!B19="","",폐기보고서!A19) | B18: =IF(폐기보고서!D19="","",폐기보고서!D19) | D18: =IF(폐기보고서!E19="","",폐기보고서!E19) | F18: =IF(폐기보고서!G19="","",폐기보고서!G19) | H18: =IF(폐기보고서!H19="","",폐기보고서!H19) | I18: =IF(OR(F18="",G18=""),"",G18-F18)
A19: 보고 품목 수 | F19: =COUNT(폐기보고서!G10:G19) | G19: 폐기확인 품목 수 | I19: =COUNT(G9:G18) | J19: 불일치 품목 수 | L19: =COUNTIF(I9:I18,">0")+COUNTIF(I9:I18,"<0")
A20: 종합 대조 결과 | D20: =IF(F19=0,"폐기 대상 품목을 입력하세요",IF(D4="","폐기 사전승인일 미입력",IF(J4="","실제 폐기완료일 미입력",IF(I19<F19,"품목별 실제 폐기수량 미입력",IF(L19>0,"폐기수량 불일치: 원인 확인 필요",IF(COUNTIF(J9:J18,"?*")<F19,"LOT 추적이력번호 미입력",IF(COUNTIF(K9:K18,"?*")<F19,"재고 차감 전표번호 미입력",IF(COUNT(L9:L18)<F19,"재고 차감일 미입력","대조 완료: 승인·증빙 확인 후 종결"))))))))
A22: ※ 차이 = 실폐기량 − 보고수량. LOT 이력번호·재고전표번호는 폐기 후 원본 기록과 대조하여 입력합니다.
A23: 2. 처리증빙 및 고객통보 이력
A24: 외부 인계/계량표 번호 | D24: 폐기증빙·사진 파일명 | G24: 고객 통보 근거번호 | J24: 고객 통보일(해당 시)
A26: 격리 해제 / 재고 정리 | G26: 완료 확인일
A27: * 수량 일치만으로 종결되지 않습니다. 승인·인계증빙·LOT/재고 처리 상태를 함께 확인하세요.
A28: 3. 최종 확인 및 기록 보존
A29: 품질 최종 확인자 | D29: 재고관리 확인자 | G29: 현장 폐기 입회자 | J29: 최종 승인자
A31: 처리 완료 적합성 | G31: 승인/반려일
A32: 작성 순서: 폐기보고서 작성·승인 → 실제 폐기 → 실폐기량/LOT/재고 확인 → 증빙 첨부 → 최종 승인
A33: 작성자 입력: 연노랑 | 자동 연계·수식: 연파랑 / 원본 증빙은 승인된 전자문서 또는 관리대장에 별도 보관
A34: SH-FM-369 | Rev.00 | 문서상태: 개정초안(미승인) | 폐기보고서 부속 확인서 | NCR·8D / LOT 이력 / 재고 전표 연계
A35: ※ LOT 추적 기록은 SH-QP-018 기준(보존기간 5년, 입고~출하 추적 목표시간 1시간)을 따른다.
