Workbook

Sheet 01_자재목록
A1: 용접 부자재 관리대장 — 자재 목록 | Rev.00
A2: 관리구분: 부자재=용접·브레이징 투입 재료 / 소모재=마모·교체 부품. 기존 4품목은 부자재. 오른쪽 관리구분 열에서 선택하며 품목 종류는 별도 유지합니다.
A3: 노란색: 입력 · 회색: 자동 계산 | 자재 100품목·이력 각 200행. 자재코드는 사내 코드와 통일하고 신규 품목의 관리구분·단위·유효기간 대상을 입력하세요.
A4: (주)신화에이치앤티 | 문서번호 SH-FM-367 | Rev.00 | 문서상태: 승인완료 | 제정일: 2026-10-06 | 개정일: 2026-10-06
A5: 주관부서: 구매자재팀 | 결재: 작성 주관부서 담당 / 검토 품질책임자 / 승인 대표이사·권한자 (성명·서명·일자는 직접 기재) | 보관위치: 품질팀 서버 | 보존기간: 5년
A6: No | B6: 자재코드 | C6: 품목 종류 | D6: 자재명 | E6: 규격 | F6: 재질/등급 | G6: 제조사(선택) | H6: 공급업체 | I6: 단위 | J6: 최소재고 | K6: 보관위치 | L6: 보관조건 | M6: 유효기간 관리대상 | N6: 현재재고(자동) | O6: 재고상태(자동) | P6: 유효기간 상태(자동) | Q6: 비고(선택) | R6: 관리구분
A7: 1 | B7: SH-WEL-BR-001 | C7: 브레이징재 | D7: BRAZE RING | E7: A4047 1.6*10.0 | F7: A4047 | G7: Neis Co. Ltd. | H7: 창운상사 | I7: EA | K7: 2동_용접실 | L7: 습기·오염 방지 | M7: 미확인 | N7: =IF(B7="","",IF(OR(COUNTIF('02_입출고_재고'!$D$7:$D$206,B7)=0,COUNTIFS('02_입출고_재고'!$D$7:$D$206,B7,'02_입출고_재고'!$K$7:$K$206,"자재코드 확인")+COUNTIFS('02_입출고_재고'!$D$7:$D$206,B7,'02_입출고_재고'!$K$7:$K$206,"단위 입력 확인")+COUNTIFS('02_입출고_재고'!$D$7:$D$206,B7,'02_입출고_재고'!$K$7:$K$206,"일자/구분 확인")+COUNTIFS('02_입출고_재고'!$D$7:$D$206,B7,'02_입출고_재고'!$K$7:$K$206,"수량/구분 확인")>0),"",SUMIFS('02_입출고_재고'!$H$7:$H$206,'02_입출고_재고'!$D$7:$D$206,B7)-SUMIFS('02_입출고_재고'!$I$7:$I$206,'02_입출고_재고'!$D$7:$D$206,B7))) | O7: =IF(B7="","",IF(COUNTIF($B$7:$B$106,B7)>1,"코드 중복",IF(COUNTIF('02_입출고_재고'!$D$7:$D$206,B7)=0,"미등록",IF(COUNTIFS('02_입출고_재고'!$D$7:$D$206,B7,'02_입출고_재고'!$K$7:$K$206,"자재코드 확인")+COUNTIFS('02_입출고_재고'!$D$7:$D$206,B7,'02_입출고_재고'!$K$7:$K$206,"단위 입력 확인")+COUNTIFS('02_입출고_재고'!$D$7:$D$206,B7,'02_입출고_재고'!$K$7:$K$206,"일자/구분 확인")+COUNTIFS('02_입출고_재고'!$D$7:$D$206,B7,'02_입출고_재고'!$K$7:$K$206,"수량/구분 확인")>0,"입출고 입력 확인",IF(N7<0,"출고수량 초과",IF(J7="","최소재고 미설정",IF(OR(NOT(ISNUMBER(J7)),J7<0),"최소재고 확인",IF(N7<J7,"재고부족","정상")))))))) | P7: =IF(B7="","",IF(M7="해당없음","해당없음",IF(M7<>"대상","대상 여부 확인",IF(COUNTIF('03_유효기간'!$B$7:$B$206,B7)=0,"미등록",IF(COUNTIFS('03_유효기간'!$B$7:$B$206,B7,'03_유효기간'!$L$7:$L$206,"미입력")+COUNTIFS('03_유효기간'!$B$7:$B$206,B7,'03_유효기간'!$L$7:$L$206,"LOT 미입력")>0,"유효기한/LOT 미입력",IF(COUNTIFS('03_유효기간'!$B$7:$B$206,B7,'03_유효기간'!$L$7:$L$206,"날짜 확인")>0,"날짜 확인",IF(COUNTIFS('03_유효기간'!$B$7:$B$206,B7,'03_유효기간'!$L$7:$L$206,"만료")>0,"만료",IF(COUNTIFS('03_유효기간'!$B$7:$B$206,B7,'03_유효기간'!$L$7:$L$206,"유효기간 임박")>0,"유효기간 임박",IF(COUNTIFS('03_유효기간'!$B$7:$B$206,B7,'03_유효기간'!$L$7:$L$206,"정상")>0,"정상","활성 LOT 없음"))))))))) | R7: 부자재
A8: 2 | B8: SH-WEL-BR-002 | C8: 브레이징재 | D8: BRAZE RING | E8: A4045 1.6*12.0 | F8: A4045 | G8: Neis Co. Ltd. | H8: 창운상사 | I8: EA | K8: 2동_용접실 | L8: 습기·오염 방지 | M8: 미확인 | N8: =IF(B8="","",IF(OR(COUNTIF('02_입출고_재고'!$D$7:$D$206,B8)=0,COUNTIFS('02_입출고_재고'!$D$7:$D$206,B8,'02_입출고_재고'!$K$7:$K$206,"자재코드 확인")+COUNTIFS('02_입출고_재고'!$D$7:$D$206,B8,'02_입출고_재고'!$K$7:$K$206,"단위 입력 확인")+COUNTIFS('02_입출고_재고'!$D$7:$D$206,B8,'02_입출고_재고'!$K$7:$K$206,"일자/구분 확인")+COUNTIFS('02_입출고_재고'!$D$7:$D$206,B8,'02_입출고_재고'!$K$7:$K$206,"수량/구분 확인")>0),"",SUMIFS('02_입출고_재고'!$H$7:$H$206,'02_입출고_재고'!$D$7:$D$206,B8)-SUMIFS('02_입출고_재고'!$I$7:$I$206,'02_입출고_재고'!$D$7:$D$206,B8))) | O8: =IF(B8="","",IF(COUNTIF($B$7:$B$106,B8)>1,"코드 중복",IF(COUNTIF('02_입출고_재고'!$D$7:$D$206,B8)=0,"미등록",IF(COUNTIFS('02_입출고_재고'!$D$7:$D$206,B8,'02_입출고_재고'!$K$7:$K$206,"자재코드 확인")+COUNTIFS('02_입출고_재고'!$D$7:$D$206,B8,'02_입출고_재고'!$K$7:$K$206,"단위 입력 확인")+COUNTIFS('02_입출고_재고'!$D$7:$D$206,B8,'02_입출고_재고'!$K$7:$K$206,"일자/구분 확인")+COUNTIFS('02_입출고_재고'!$D$7:$D$206,B8,'02_입출고_재고'!$K$7:$K$206,"수량/구분 확인")>0,"입출고 입력 확인",IF(N8<0,"출고수량 초과",IF(J8="","최소재고 미설정",IF(OR(NOT(ISNUMBER(J8)),J8<0),"최소재고 확인",IF(N8<J8,"재고부족","정상")))))))) | P8: =IF(B8="","",IF(M8="해당없음","해당없음",IF(M8<>"대상","대상 여부 확인",IF(COUNTIF('03_유효기간'!$B$7:$B$206,B8)=0,"미등록",IF(COUNTIFS('03_유효기간'!$B$7:$B$206,B8,'03_유효기간'!$L$7:$L$206,"미입력")+COUNTIFS('03_유효기간'!$B$7:$B$206,B8,'03_유효기간'!$L$7:$L$206,"LOT 미입력")>0,"유효기한/LOT 미입력",IF(COUNTIFS('03_유효기간'!$B$7:$B$206,B8,'03_유효기간'!$L$7:$L$206,"날짜 확인")>0,"날짜 확인",IF(COUNTIFS('03_유효기간'!$B$7:$B$206,B8,'03_유효기간'!$L$7:$L$206,"만료")>0,"만료",IF(COUNTIFS('03_유효기간'!$B$7:$B$206,B8,'03_유효기간'!$L$7:$L$206,"유효기간 임박")>0,"유효기간 임박",IF(COUNTIFS('03_유효기간'!$B$7:$B$206,B8,'03_유효기간'!$L$7:$L$206,"정상")>0,"정상","활성 LOT 없음"))))))))) | R8: 부자재
A9: 3 | B9: SH-WEL-WR-001 | C9: 용접봉/전극 | D9: 용접봉 | E9: A4045 Φ2.0 Spool | F9: A4045 | G9: Kinzoku Youzai Co., Ltd.(일본) | H9: 창운상사 | I9: ㎏ | J9: 10 | K9: 2동_용접실 | L9: 습기·오염 방지 | M9: 미확인 | N9: =IF(B9="","",IF(OR(COUNTIF('02_입출고_재고'!$D$7:$D$206,B9)=0,COUNTIFS('02_입출고_재고'!$D$7:$D$206,B9,'02_입출고_재고'!$K$7:$K$206,"자재코드 확인")+COUNTIFS('02_입출고_재고'!$D$7:$D$206,B9,'02_입출고_재고'!$K$7:$K$206,"단위 입력 확인")+COUNTIFS('02_입출고_재고'!$D$7:$D$206,B9,'02_입출고_재고'!$K$7:$K$206,"일자/구분 확인")+COUNTIFS('02_입출고_재고'!$D$7:$D$206,B9,'02_입출고_재고'!$K$7:$K$206,"수량/구분 확인")>0),"",SUMIFS('02_입출고_재고'!$H$7:$H$206,'02_입출고_재고'!$D$7:$D$206,B9)-SUMIFS('02_입출고_재고'!$I$7:$I$206,'02_입출고_재고'!$D$7:$D$206,B9))) | O9: =IF(B9="","",IF(COUNTIF($B$7:$B$106,B9)>1,"코드 중복",IF(COUNTIF('02_입출고_재고'!$D$7:$D$206,B9)=0,"미등록",IF(COUNTIFS('02_입출고_재고'!$D$7:$D$206,B9,'02_입출고_재고'!$K$7:$K$206,"자재코드 확인")+COUNTIFS('02_입출고_재고'!$D$7:$D$206,B9,'02_입출고_재고'!$K$7:$K$206,"단위 입력 확인")+COUNTIFS('02_입출고_재고'!$D$7:$D$206,B9,'02_입출고_재고'!$K$7:$K$206,"일자/구분 확인")+COUNTIFS('02_입출고_재고'!$D$7:$D$206,B9,'02_입출고_재고'!$K$7:$K$206,"수량/구분 확인")>0,"입출고 입력 확인",IF(N9<0,"출고수량 초과",IF(J9="","최소재고 미설정",IF(OR(NOT(ISNUMBER(J9)),J9<0),"최소재고 확인",IF(N9<J9,"재고부족","정상")))))))) | P9: =IF(B9="","",IF(M9="해당없음","해당없음",IF(M9<>"대상","대상 여부 확인",IF(COUNTIF('03_유효기간'!$B$7:$B$206,B9)=0,"미등록",IF(COUNTIFS('03_유효기간'!$B$7:$B$206,B9,'03_유효기간'!$L$7:$L$206,"미입력")+COUNTIFS('03_유효기간'!$B$7:$B$206,B9,'03_유효기간'!$L$7:$L$206,"LOT 미입력")>0,"유효기한/LOT 미입력",IF(COUNTIFS('03_유효기간'!$B$7:$B$206,B9,'03_유효기간'!$L$7:$L$206,"날짜 확인")>0,"날짜 확인",IF(COUNTIFS('03_유효기간'!$B$7:$B$206,B9,'03_유효기간'!$L$7:$L$206,"만료")>0,"만료",IF(COUNTIFS('03_유효기간'!$B$7:$B$206,B9,'03_유효기간'!$L$7:$L$206,"유효기간 임박")>0,"유효기간 임박",IF(COUNTIFS('03_유효기간'!$B$7:$B$206,B9,'03_유효기간'!$L$7:$L$206,"정상")>0,"정상","활성 LOT 없음"))))))))) | R9: 부자재
A10: 4 | B10: SH-WEL-FL-001 | C10: 플럭스 | D10: Solvay Flux | E10: 0726-2Zn | G10: Solvay(독일) | H10: 창운상사 | I10: ㎏ | J10: 5 | K10: 2동_용접실 | L10: 밀봉·습기 방지 | M10: 대상 | N10: =IF(B10="","",IF(OR(COUNTIF('02_입출고_재고'!$D$7:$D$206,B10)=0,COUNTIFS('02_입출고_재고'!$D$7:$D$206,B10,'02_입출고_재고'!$K$7:$K$206,"자재코드 확인")+COUNTIFS('02_입출고_재고'!$D$7:$D$206,B10,'02_입출고_재고'!$K$7:$K$206,"단위 입력 확인")+COUNTIFS('02_입출고_재고'!$D$7:$D$206,B10,'02_입출고_재고'!$K$7:$K$206,"일자/구분 확인")+COUNTIFS('02_입출고_재고'!$D$7:$D$206,B10,'02_입출고_재고'!$K$7:$K$206,"수량/구분 확인")>0),"",SUMIFS('02_입출고_재고'!$H$7:$H$206,'02_입출고_재고'!$D$7:$D$206,B10)-SUMIFS('02_입출고_재고'!$I$7:$I$206,'02_입출고_재고'!$D$7:$D$206,B10))) | O10: =IF(B10="","",IF(COUNTIF($B$7:$B$106,B10)>1,"코드 중복",IF(COUNTIF('02_입출고_재고'!$D$7:$D$206,B10)=0,"미등록",IF(COUNTIFS('02_입출고_재고'!$D$7:$D$206,B10,'02_입출고_재고'!$K$7:$K$206,"자재코드 확인")+COUNTIFS('02_입출고_재고'!$D$7:$D$206,B10,'02_입출고_재고'!$K$7:$K$206,"단위 입력 확인")+COUNTIFS('02_입출고_재고'!$D$7:$D$206,B10,'02_입출고_재고'!$K$7:$K$206,"일자/구분 확인")+COUNTIFS('02_입출고_재고'!$D$7:$D$206,B10,'02_입출고_재고'!$K$7:$K$206,"수량/구분 확인")>0,"입출고 입력 확인",IF(N10<0,"출고수량 초과",IF(J10="","최소재고 미설정",IF(OR(NOT(ISNUMBER(J10)),J10<0),"최소재고 확인",IF(N10<J10,"재고부족","정상")))))))) | P10: =IF(B10="","",IF(M10="해당없음","해당없음",IF(M10<>"대상","대상 여부 확인",IF(COUNTIF('03_유효기간'!$B$7:$B$206,B10)=0,"미등록",IF(COUNTIFS('03_유효기간'!$B$7:$B$206,B10,'03_유효기간'!$L$7:$L$206,"미입력")+COUNTIFS('03_유효기간'!$B$7:$B$206,B10,'03_유효기간'!$L$7:$L$206,"LOT 미입력")>0,"유효기한/LOT 미입력",IF(COUNTIFS('03_유효기간'!$B$7:$B$206,B10,'03_유효기간'!$L$7:$L$206,"날짜 확인")>0,"날짜 확인",IF(COUNTIFS('03_유효기간'!$B$7:$B$206,B10,'03_유효기간'!$L$7:$L$206,"만료")>0,"만료",IF(COUNTIFS('03_유효기간'!$B$7:$B$206,B10,'03_유효기간'!$L$7:$L$206,"유효기간 임박")>0,"유효기간 임박",IF(COUNTIFS('03_유효기간'!$B$7:$B$206,B10,'03_유효기간'!$L$7:$L$206,"정상")>0,"정상","활성 LOT 없음"))))))))) | R10: 부자재
A11: 5 | N11: =IF(B11="","",IF(OR(COUNTIF('02_입출고_재고'!$D$7:$D$206,B11)=0,COUNTIFS('02_입출고_재고'!$D$7:$D$206,B11,'02_입출고_재고'!$K$7:$K$206,"자재코드 확인")+COUNTIFS('02_입출고_재고'!$D$7:$D$206,B11,'02_입출고_재고'!$K$7:$K$206,"단위 입력 확인")+COUNTIFS('02_입출고_재고'!$D$7:$D$206,B11,'02_입출고_재고'!$K$7:$K$206,"일자/구분 확인")+COUNTIFS('02_입출고_재고'!$D$7:$D$206,B11,'02_입출고_재고'!$K$7:$K$206,"수량/구분 확인")>0),"",SUMIFS('02_입출고_재고'!$H$7:$H$206,'02_입출고_재고'!$D$7:$D$206,B11)-SUMIFS('02_입출고_재고'!$I$7:$I$206,'02_입출고_재고'!$D$7:$D$206,B11))) | O11: =IF(B11="","",IF(COUNTIF($B$7:$B$106,B11)>1,"코드 중복",IF(COUNTIF('02_입출고_재고'!$D$7:$D$206,B11)=0,"미등록",IF(COUNTIFS('02_입출고_재고'!$D$7:$D$206,B11,'02_입출고_재고'!$K$7:$K$206,"자재코드 확인")+COUNTIFS('02_입출고_재고'!$D$7:$D$206,B11,'02_입출고_재고'!$K$7:$K$206,"단위 입력 확인")+COUNTIFS('02_입출고_재고'!$D$7:$D$206,B11,'02_입출고_재고'!$K$7:$K$206,"일자/구분 확인")+COUNTIFS('02_입출고_재고'!$D$7:$D$206,B11,'02_입출고_재고'!$K$7:$K$206,"수량/구분 확인")>0,"입출고 입력 확인",IF(N11<0,"출고수량 초과",IF(J11="","최소재고 미설정",IF(OR(NOT(ISNUMBER(J11)),J11<0),"최소재고 확인",IF(N11<J11,"재고부족","정상")))))))) | P11: =IF(B11="","",IF(M11="해당없음","해당없음",IF(M11<>"대상","대상 여부 확인",IF(COUNTIF('03_유효기간'!$B$7:$B$206,B11)=0,"미등록",IF(COUNTIFS('03_유효기간'!$B$7:$B$206,B11,'03_유효기간'!$L$7:$L$206,"미입력")+COUNTIFS('03_유효기간'!$B$7:$B$206,B11,'03_유효기간'!$L$7:$L$206,"LOT 미입력")>0,"유효기한/LOT 미입력",IF(COUNTIFS('03_유효기간'!$B$7:$B$206,B11,'03_유효기간'!$L$7:$L$206,"날짜 확인")>0,"날짜 확인",IF(COUNTIFS('03_유효기간'!$B$7:$B$206,B11,'03_유효기간'!$L$7:$L$206,"만료")>0,"만료",IF(COUNTIFS('03_유효기간'!$B$7:$B$206,B11,'03_유효기간'!$L$7:$L$206,"유효기간 임박")>0,"유효기간 임박",IF(COUNTIFS('03_유효기간'!$B$7:$B$206,B11,'03_유효기간'!$L$7:$L$206,"정상")>0,"정상","활성 LOT 없음")))))))))
A12: 6 | N12: =IF(B12="","",IF(OR(COUNTIF('02_입출고_재고'!$D$7:$D$206,B12)=0,COUNTIFS('02_입출고_재고'!$D$7:$D$206,B12,'02_입출고_재고'!$K$7:$K$206,"자재코드 확인")+COUNTIFS('02_입출고_재고'!$D$7:$D$206,B12,'02_입출고_재고'!$K$7:$K$206,"단위 입력 확인")+COUNTIFS('02_입출고_재고'!$D$7:$D$206,B12,'02_입출고_재고'!$K$7:$K$206,"일자/구분 확인")+COUNTIFS('02_입출고_재고'!$D$7:$D$206,B12,'02_입출고_재고'!$K$7:$K$206,"수량/구분 확인")>0),"",SUMIFS('02_입출고_재고'!$H$7:$H$206,'02_입출고_재고'!$D$7:$D$206,B12)-SUMIFS('02_입출고_재고'!$I$7:$I$206,'02_입출고_재고'!$D$7:$D$206,B12))) | O12: =IF(B12="","",IF(COUNTIF($B$7:$B$106,B12)>1,"코드 중복",IF(COUNTIF('02_입출고_재고'!$D$7:$D$206,B12)=0,"미등록",IF(COUNTIFS('02_입출고_재고'!$D$7:$D$206,B12,'02_입출고_재고'!$K$7:$K$206,"자재코드 확인")+COUNTIFS('02_입출고_재고'!$D$7:$D$206,B12,'02_입출고_재고'!$K$7:$K$206,"단위 입력 확인")+COUNTIFS('02_입출고_재고'!$D$7:$D$206,B12,'02_입출고_재고'!$K$7:$K$206,"일자/구분 확인")+COUNTIFS('02_입출고_재고'!$D$7:$D$206,B12,'02_입출고_재고'!$K$7:$K$206,"수량/구분 확인")>0,"입출고 입력 확인",IF(N12<0,"출고수량 초과",IF(J12="","최소재고 미설정",IF(OR(NOT(ISNUMBER(J12)),J12<0),"최소재고 확인",IF(N12<J12,"재고부족","정상")))))))) | P12: =IF(B12="","",IF(M12="해당없음","해당없음",IF(M12<>"대상","대상 여부 확인",IF(COUNTIF('03_유효기간'!$B$7:$B$206,B12)=0,"미등록",IF(COUNTIFS('03_유효기간'!$B$7:$B$206,B12,'03_유효기간'!$L$7:$L$206,"미입력")+COUNTIFS('03_유효기간'!$B$7:$B$206,B12,'03_유효기간'!$L$7:$L$206,"LOT 미입력")>0,"유효기한/LOT 미입력",IF(COUNTIFS('03_유효기간'!$B$7:$B$206,B12,'03_유효기간'!$L$7:$L$206,"날짜 확인")>0,"날짜 확인",IF(COUNTIFS('03_유효기간'!$B$7:$B$206,B12,'03_유효기간'!$L$7:$L$206,"만료")>0,"만료",IF(COUNTIFS('03_유효기간'!$B$7:$B$206,B12,'03_유효기간'!$L$7:$L$206,"유효기간 임박")>0,"유효기간 임박",IF(COUNTIFS('03_유효기간'!$B$7:$B$206,B12,'03_유효기간'!$L$7:$L$206,"정상")>0,"정상","활성 LOT 없음")))))))))
A13: 7 | N13: =IF(B13="","",IF(OR(COUNTIF('02_입출고_재고'!$D$7:$D$206,B13)=0,COUNTIFS('02_입출고_재고'!$D$7:$D$206,B13,'02_입출고_재고'!$K$7:$K$206,"자재코드 확인")+COUNTIFS('02_입출고_재고'!$D$7:$D$206,B13,'02_입출고_재고'!$K$7:$K$206,"단위 입력 확인")+COUNTIFS('02_입출고_재고'!$D$7:$D$206,B13,'02_입출고_재고'!$K$7:$K$206,"일자/구분 확인")+COUNTIFS('02_입출고_재고'!$D$7:$D$206,B13,'02_입출고_재고'!$K$7:$K$206,"수량/구분 확인")>0),"",SUMIFS('02_입출고_재고'!$H$7:$H$206,'02_입출고_재고'!$D$7:$D$206,B13)-SUMIFS('02_입출고_재고'!$I$7:$I$206,'02_입출고_재고'!$D$7:$D$206,B13))) | O13: =IF(B13="","",IF(COUNTIF($B$7:$B$106,B13)>1,"코드 중복",IF(COUNTIF('02_입출고_재고'!$D$7:$D$206,B13)=0,"미등록",IF(COUNTIFS('02_입출고_재고'!$D$7:$D$206,B13,'02_입출고_재고'!$K$7:$K$206,"자재코드 확인")+COUNTIFS('02_입출고_재고'!$D$7:$D$206,B13,'02_입출고_재고'!$K$7:$K$206,"단위 입력 확인")+COUNTIFS('02_입출고_재고'!$D$7:$D$206,B13,'02_입출고_재고'!$K$7:$K$206,"일자/구분 확인")+COUNTIFS('02_입출고_재고'!$D$7:$D$206,B13,'02_입출고_재고'!$K$7:$K$206,"수량/구분 확인")>0,"입출고 입력 확인",IF(N13<0,"출고수량 초과",IF(J13="","최소재고 미설정",IF(OR(NOT(ISNUMBER(J13)),J13<0),"최소재고 확인",IF(N13<J13,"재고부족","정상")))))))) | P13: =IF(B13="","",IF(M13="해당없음","해당없음",IF(M13<>"대상","대상 여부 확인",IF(COUNTIF('03_유효기간'!$B$7:$B$206,B13)=0,"미등록",IF(COUNTIFS('03_유효기간'!$B$7:$B$206,B13,'03_유효기간'!$L$7:$L$206,"미입력")+COUNTIFS('03_유효기간'!$B$7:$B$206,B13,'03_유효기간'!$L$7:$L$206,"LOT 미입력")>0,"유효기한/LOT 미입력",IF(COUNTIFS('03_유효기간'!$B$7:$B$206,B13,'03_유효기간'!$L$7:$L$206,"날짜 확인")>0,"날짜 확인",IF(COUNTIFS('03_유효기간'!$B$7:$B$206,B13,'03_유효기간'!$L$7:$L$206,"만료")>0,"만료",IF(COUNTIFS('03_유효기간'!$B$7:$B$206,B13,'03_유효기간'!$L$7:$L$206,"유효기간 임박")>0,"유효기간 임박",IF(COUNTIFS('03_유효기간'!$B$7:$B$206,B13,'03_유효기간'!$L$7:$L$206,"정상")>0,"정상","활성 LOT 없음")))))))))
A14: 8 | N14: =IF(B14="","",IF(OR(COUNTIF('02_입출고_재고'!$D$7:$D$206,B14)=0,COUNTIFS('02_입출고_재고'!$D$7:$D$206,B14,'02_입출고_재고'!$K$7:$K$206,"자재코드 확인")+COUNTIFS('02_입출고_재고'!$D$7:$D$206,B14,'02_입출고_재고'!$K$7:$K$206,"단위 입력 확인")+COUNTIFS('02_입출고_재고'!$D$7:$D$206,B14,'02_입출고_재고'!$K$7:$K$206,"일자/구분 확인")+COUNTIFS('02_입출고_재고'!$D$7:$D$206,B14,'02_입출고_재고'!$K$7:$K$206,"수량/구분 확인")>0),"",SUMIFS('02_입출고_재고'!$H$7:$H$206,'02_입출고_재고'!$D$7:$D$206,B14)-SUMIFS('02_입출고_재고'!$I$7:$I$206,'02_입출고_재고'!$D$7:$D$206,B14))) | O14: =IF(B14="","",IF(COUNTIF($B$7:$B$106,B14)>1,"코드 중복",IF(COUNTIF('02_입출고_재고'!$D$7:$D$206,B14)=0,"미등록",IF(COUNTIFS('02_입출고_재고'!$D$7:$D$206,B14,'02_입출고_재고'!$K$7:$K$206,"자재코드 확인")+COUNTIFS('02_입출고_재고'!$D$7:$D$206,B14,'02_입출고_재고'!$K$7:$K$206,"단위 입력 확인")+COUNTIFS('02_입출고_재고'!$D$7:$D$206,B14,'02_입출고_재고'!$K$7:$K$206,"일자/구분 확인")+COUNTIFS('02_입출고_재고'!$D$7:$D$206,B14,'02_입출고_재고'!$K$7:$K$206,"수량/구분 확인")>0,"입출고 입력 확인",IF(N14<0,"출고수량 초과",IF(J14="","최소재고 미설정",IF(OR(NOT(ISNUMBER(J14)),J14<0),"최소재고 확인",IF(N14<J14,"재고부족","정상")))))))) | P14: =IF(B14="","",IF(M14="해당없음","해당없음",IF(M14<>"대상","대상 여부 확인",IF(COUNTIF('03_유효기간'!$B$7:$B$206,B14)=0,"미등록",IF(COUNTIFS('03_유효기간'!$B$7:$B$206,B14,'03_유효기간'!$L$7:$L$206,"미입력")+COUNTIFS('03_유효기간'!$B$7:$B$206,B14,'03_유효기간'!$L$7:$L$206,"LOT 미입력")>0,"유효기한/LOT 미입력",IF(COUNTIFS('03_유효기간'!$B$7:$B$206,B14,'03_유효기간'!$L$7:$L$206,"날짜 확인")>0,"날짜 확인",IF(COUNTIFS('03_유효기간'!$B$7:$B$206,B14,'03_유효기간'!$L$7:$L$206,"만료")>0,"만료",IF(COUNTIFS('03_유효기간'!$B$7:$B$206,B14,'03_유효기간'!$L$7:$L$206,"유효기간 임박")>0,"유효기간 임박",IF(COUNTIFS('03_유효기간'!$B$7:$B$206,B14,'03_유효기간'!$L$7:$L$206,"정상")>0,"정상","활성 LOT 없음")))))))))
A15: 9 | N15: =IF(B15="","",IF(OR(COUNTIF('02_입출고_재고'!$D$7:$D$206,B15)=0,COUNTIFS('02_입출고_재고'!$D$7:$D$206,B15,'02_입출고_재고'!$K$7:$K$206,"자재코드 확인")+COUNTIFS('02_입출고_재고'!$D$7:$D$206,B15,'02_입출고_재고'!$K$7:$K$206,"단위 입력 확인")+COUNTIFS('02_입출고_재고'!$D$7:$D$206,B15,'02_입출고_재고'!$K$7:$K$206,"일자/구분 확인")+COUNTIFS('02_입출고_재고'!$D$7:$D$206,B15,'02_입출고_재고'!$K$7:$K$206,"수량/구분 확인")>0),"",SUMIFS('02_입출고_재고'!$H$7:$H$206,'02_입출고_재고'!$D$7:$D$206,B15)-SUMIFS('02_입출고_재고'!$I$7:$I$206,'02_입출고_재고'!$D$7:$D$206,B15))) | O15: =IF(B15="","",IF(COUNTIF($B$7:$B$106,B15)>1,"코드 중복",IF(COUNTIF('02_입출고_재고'!$D$7:$D$206,B15)=0,"미등록",IF(COUNTIFS('02_입출고_재고'!$D$7:$D$206,B15,'02_입출고_재고'!$K$7:$K$206,"자재코드 확인")+COUNTIFS('02_입출고_재고'!$D$7:$D$206,B15,'02_입출고_재고'!$K$7:$K$206,"단위 입력 확인")+COUNTIFS('02_입출고_재고'!$D$7:$D$206,B15,'02_입출고_재고'!$K$7:$K$206,"일자/구분 확인")+COUNTIFS('02_입출고_재고'!$D$7:$D$206,B15,'02_입출고_재고'!$K$7:$K$206,"수량/구분 확인")>0,"입출고 입력 확인",IF(N15<0,"출고수량 초과",IF(J15="","최소재고 미설정",IF(OR(NOT(ISNUMBER(J15)),J15<0),"최소재고 확인",IF(N15<J15,"재고부족","정상")))))))) | P15: =IF(B15="","",IF(M15="해당없음","해당없음",IF(M15<>"대상","대상 여부 확인",IF(COUNTIF('03_유효기간'!$B$7:$B$206,B15)=0,"미등록",IF(COUNTIFS('03_유효기간'!$B$7:$B$206,B15,'03_유효기간'!$L$7:$L$206,"미입력")+COUNTIFS('03_유효기간'!$B$7:$B$206,B15,'03_유효기간'!$L$7:$L$206,"LOT 미입력")>0,"유효기한/LOT 미입력",IF(COUNTIFS('03_유효기간'!$B$7:$B$206,B15,'03_유효기간'!$L$7:$L$206,"날짜 확인")>0,"날짜 확인",IF(COUNTIFS('03_유효기간'!$B$7:$B$206,B15,'03_유효기간'!$L$7:$L$206,"만료")>0,"만료",IF(COUNTIFS('03_유효기간'!$B$7:$B$206,B15,'03_유효기간'!$L$7:$L$206,"유효기간 임박")>0,"유효기간 임박",IF(COUNTIFS('03_유효기간'!$B$7:$B$206,B15,'03_유효기간'!$L$7:$L$206,"정상")>0,"정상","활성 LOT 없음")))))))))
A16: 10 | N16: =IF(B16="","",IF(OR(COUNTIF('02_입출고_재고'!$D$7:$D$206,B16)=0,COUNTIFS('02_입출고_재고'!$D$7:$D$206,B16,'02_입출고_재고'!$K$7:$K$206,"자재코드 확인")+COUNTIFS('02_입출고_재고'!$D$7:$D$206,B16,'02_입출고_재고'!$K$7:$K$206,"단위 입력 확인")+COUNTIFS('02_입출고_재고'!$D$7:$D$206,B16,'02_입출고_재고'!$K$7:$K$206,"일자/구분 확인")+COUNTIFS('02_입출고_재고'!$D$7:$D$206,B16,'02_입출고_재고'!$K$7:$K$206,"수량/구분 확인")>0),"",SUMIFS('02_입출고_재고'!$H$7:$H$206,'02_입출고_재고'!$D$7:$D$206,B16)-SUMIFS('02_입출고_재고'!$I$7:$I$206,'02_입출고_재고'!$D$7:$D$206,B16))) | O16: =IF(B16="","",IF(COUNTIF($B$7:$B$106,B16)>1,"코드 중복",IF(COUNTIF('02_입출고_재고'!$D$7:$D$206,B16)=0,"미등록",IF(COUNTIFS('02_입출고_재고'!$D$7:$D$206,B16,'02_입출고_재고'!$K$7:$K$206,"자재코드 확인")+COUNTIFS('02_입출고_재고'!$D$7:$D$206,B16,'02_입출고_재고'!$K$7:$K$206,"단위 입력 확인")+COUNTIFS('02_입출고_재고'!$D$7:$D$206,B16,'02_입출고_재고'!$K$7:$K$206,"일자/구분 확인")+COUNTIFS('02_입출고_재고'!$D$7:$D$206,B16,'02_입출고_재고'!$K$7:$K$206,"수량/구분 확인")>0,"입출고 입력 확인",IF(N16<0,"출고수량 초과",IF(J16="","최소재고 미설정",IF(OR(NOT(ISNUMBER(J16)),J16<0),"최소재고 확인",IF(N16<J16,"재고부족","정상")))))))) | P16: =IF(B16="","",IF(M16="해당없음","해당없음",IF(M16<>"대상","대상 여부 확인",IF(COUNTIF('03_유효기간'!$B$7:$B$206,B16)=0,"미등록",IF(COUNTIFS('03_유효기간'!$B$7:$B$206,B16,'03_유효기간'!$L$7:$L$206,"미입력")+COUNTIFS('03_유효기간'!$B$7:$B$206,B16,'03_유효기간'!$L$7:$L$206,"LOT 미입력")>0,"유효기한/LOT 미입력",IF(COUNTIFS('03_유효기간'!$B$7:$B$206,B16,'03_유효기간'!$L$7:$L$206,"날짜 확인")>0,"날짜 확인",IF(COUNTIFS('03_유효기간'!$B$7:$B$206,B16,'03_유효기간'!$L$7:$L$206,"만료")>0,"만료",IF(COUNTIFS('03_유효기간'!$B$7:$B$206,B16,'03_유효기간'!$L$7:$L$206,"유효기간 임박")>0,"유효기간 임박",IF(COUNTIFS('03_유효기간'!$B$7:$B$206,B16,'03_유효기간'!$L$7:$L$206,"정상")>0,"정상","활성 LOT 없음")))))))))
A17: 11 | N17: =IF(B17="","",IF(OR(COUNTIF('02_입출고_재고'!$D$7:$D$206,B17)=0,COUNTIFS('02_입출고_재고'!$D$7:$D$206,B17,'02_입출고_재고'!$K$7:$K$206,"자재코드 확인")+COUNTIFS('02_입출고_재고'!$D$7:$D$206,B17,'02_입출고_재고'!$K$7:$K$206,"단위 입력 확인")+COUNTIFS('02_입출고_재고'!$D$7:$D$206,B17,'02_입출고_재고'!$K$7:$K$206,"일자/구분 확인")+COUNTIFS('02_입출고_재고'!$D$7:$D$206,B17,'02_입출고_재고'!$K$7:$K$206,"수량/구분 확인")>0),"",SUMIFS('02_입출고_재고'!$H$7:$H$206,'02_입출고_재고'!$D$7:$D$206,B17)-SUMIFS('02_입출고_재고'!$I$7:$I$206,'02_입출고_재고'!$D$7:$D$206,B17))) | O17: =IF(B17="","",IF(COUNTIF($B$7:$B$106,B17)>1,"코드 중복",IF(COUNTIF('02_입출고_재고'!$D$7:$D$206,B17)=0,"미등록",IF(COUNTIFS('02_입출고_재고'!$D$7:$D$206,B17,'02_입출고_재고'!$K$7:$K$206,"자재코드 확인")+COUNTIFS('02_입출고_재고'!$D$7:$D$206,B17,'02_입출고_재고'!$K$7:$K$206,"단위 입력 확인")+COUNTIFS('02_입출고_재고'!$D$7:$D$206,B17,'02_입출고_재고'!$K$7:$K$206,"일자/구분 확인")+COUNTIFS('02_입출고_재고'!$D$7:$D$206,B17,'02_입출고_재고'!$K$7:$K$206,"수량/구분 확인")>0,"입출고 입력 확인",IF(N17<0,"출고수량 초과",IF(J17="","최소재고 미설정",IF(OR(NOT(ISNUMBER(J17)),J17<0),"최소재고 확인",IF(N17<J17,"재고부족","정상")))))))) | P17: =IF(B17="","",IF(M17="해당없음","해당없음",IF(M17<>"대상","대상 여부 확인",IF(COUNTIF('03_유효기간'!$B$7:$B$206,B17)=0,"미등록",IF(COUNTIFS('03_유효기간'!$B$7:$B$206,B17,'03_유효기간'!$L$7:$L$206,"미입력")+COUNTIFS('03_유효기간'!$B$7:$B$206,B17,'03_유효기간'!$L$7:$L$206,"LOT 미입력")>0,"유효기한/LOT 미입력",IF(COUNTIFS('03_유효기간'!$B$7:$B$206,B17,'03_유효기간'!$L$7:$L$206,"날짜 확인")>0,"날짜 확인",IF(COUNTIFS('03_유효기간'!$B$7:$B$206,B17,'03_유효기간'!$L$7:$L$206,"만료")>0,"만료",IF(COUNTIFS('03_유효기간'!$B$7:$B$206,B17,'03_유효기간'!$L$7:$L$206,"유효기간 임박")>0,"유효기간 임박",IF(COUNTIFS('03_유효기간'!$B$7:$B$206,B17,'03_유효기간'!$L$7:$L$206,"정상")>0,"정상","활성 LOT 없음")))))))))
A18: 12 | N18: =IF(B18="","",IF(OR(COUNTIF('02_입출고_재고'!$D$7:$D$206,B18)=0,COUNTIFS('02_입출고_재고'!$D$7:$D$206,B18,'02_입출고_재고'!$K$7:$K$206,"자재코드 확인")+COUNTIFS('02_입출고_재고'!$D$7:$D$206,B18,'02_입출고_재고'!$K$7:$K$206,"단위 입력 확인")+COUNTIFS('02_입출고_재고'!$D$7:$D$206,B18,'02_입출고_재고'!$K$7:$K$206,"일자/구분 확인")+COUNTIFS('02_입출고_재고'!$D$7:$D$206,B18,'02_입출고_재고'!$K$7:$K$206,"수량/구분 확인")>0),"",SUMIFS('02_입출고_재고'!$H$7:$H$206,'02_입출고_재고'!$D$7:$D$206,B18)-SUMIFS('02_입출고_재고'!$I$7:$I$206,'02_입출고_재고'!$D$7:$D$206,B18))) | O18: =IF(B18="","",IF(COUNTIF($B$7:$B$106,B18)>1,"코드 중복",IF(COUNTIF('02_입출고_재고'!$D$7:$D$206,B18)=0,"미등록",IF(COUNTIFS('02_입출고_재고'!$D$7:$D$206,B18,'02_입출고_재고'!$K$7:$K$206,"자재코드 확인")+COUNTIFS('02_입출고_재고'!$D$7:$D$206,B18,'02_입출고_재고'!$K$7:$K$206,"단위 입력 확인")+COUNTIFS('02_입출고_재고'!$D$7:$D$206,B18,'02_입출고_재고'!$K$7:$K$206,"일자/구분 확인")+COUNTIFS('02_입출고_재고'!$D$7:$D$206,B18,'02_입출고_재고'!$K$7:$K$206,"수량/구분 확인")>0,"입출고 입력 확인",IF(N18<0,"출고수량 초과",IF(J18="","최소재고 미설정",IF(OR(NOT(ISNUMBER(J18)),J18<0),"최소재고 확인",IF(N18<J18,"재고부족","정상")))))))) | P18: =IF(B18="","",IF(M18="해당없음","해당없음",IF(M18<>"대상","대상 여부 확인",IF(COUNTIF('03_유효기간'!$B$7:$B$206,B18)=0,"미등록",IF(COUNTIFS('03_유효기간'!$B$7:$B$206,B18,'03_유효기간'!$L$7:$L$206,"미입력")+COUNTIFS('03_유효기간'!$B$7:$B$206,B18,'03_유효기간'!$L$7:$L$206,"LOT 미입력")>0,"유효기한/LOT 미입력",IF(COUNTIFS('03_유효기간'!$B$7:$B$206,B18,'03_유효기간'!$L$7:$L$206,"날짜 확인")>0,"날짜 확인",IF(COUNTIFS('03_유효기간'!$B$7:$B$206,B18,'03_유효기간'!$L$7:$L$206,"만료")>0,"만료",IF(COUNTIFS('03_유효기간'!$B$7:$B$206,B18,'03_유효기간'!$L$7:$L$206,"유효기간 임박")>0,"유효기간 임박",IF(COUNTIFS('03_유효기간'!$B$7:$B$206,B18,'03_유효기간'!$L$7:$L$206,"정상")>0,"정상","활성 LOT 없음")))))))))
A19: 13 | N19: =IF(B19="","",IF(OR(COUNTIF('02_입출고_재고'!$D$7:$D$206,B19)=0,COUNTIFS('02_입출고_재고'!$D$7:$D$206,B19,'02_입출고_재고'!$K$7:$K$206,"자재코드 확인")+COUNTIFS('02_입출고_재고'!$D$7:$D$206,B19,'02_입출고_재고'!$K$7:$K$206,"단위 입력 확인")+COUNTIFS('02_입출고_재고'!$D$7:$D$206,B19,'02_입출고_재고'!$K$7:$K$206,"일자/구분 확인")+COUNTIFS('02_입출고_재고'!$D$7:$D$206,B19,'02_입출고_재고'!$K$7:$K$206,"수량/구분 확인")>0),"",SUMIFS('02_입출고_재고'!$H$7:$H$206,'02_입출고_재고'!$D$7:$D$206,B19)-SUMIFS('02_입출고_재고'!$I$7:$I$206,'02_입출고_재고'!$D$7:$D$206,B19))) | O19: =IF(B19="","",IF(COUNTIF($B$7:$B$106,B19)>1,"코드 중복",IF(COUNTIF('02_입출고_재고'!$D$7:$D$206,B19)=0,"미등록",IF(COUNTIFS('02_입출고_재고'!$D$7:$D$206,B19,'02_입출고_재고'!$K$7:$K$206,"자재코드 확인")+COUNTIFS('02_입출고_재고'!$D$7:$D$206,B19,'02_입출고_재고'!$K$7:$K$206,"단위 입력 확인")+COUNTIFS('02_입출고_재고'!$D$7:$D$206,B19,'02_입출고_재고'!$K$7:$K$206,"일자/구분 확인")+COUNTIFS('02_입출고_재고'!$D$7:$D$206,B19,'02_입출고_재고'!$K$7:$K$206,"수량/구분 확인")>0,"입출고 입력 확인",IF(N19<0,"출고수량 초과",IF(J19="","최소재고 미설정",IF(OR(NOT(ISNUMBER(J19)),J19<0),"최소재고 확인",IF(N19<J19,"재고부족","정상")))))))) | P19: =IF(B19="","",IF(M19="해당없음","해당없음",IF(M19<>"대상","대상 여부 확인",IF(COUNTIF('03_유효기간'!$B$7:$B$206,B19)=0,"미등록",IF(COUNTIFS('03_유효기간'!$B$7:$B$206,B19,'03_유효기간'!$L$7:$L$206,"미입력")+COUNTIFS('03_유효기간'!$B$7:$B$206,B19,'03_유효기간'!$L$7:$L$206,"LOT 미입력")>0,"유효기한/LOT 미입력",IF(COUNTIFS('03_유효기간'!$B$7:$B$206,B19,'03_유효기간'!$L$7:$L$206,"날짜 확인")>0,"날짜 확인",IF(COUNTIFS('03_유효기간'!$B$7:$B$206,B19,'03_유효기간'!$L$7:$L$206,"만료")>0,"만료",IF(COUNTIFS('03_유효기간'!$B$7:$B$206,B19,'03_유효기간'!$L$7:$L$206,"유효기간 임박")>0,"유효기간 임박",IF(COUNTIFS('03_유효기간'!$B$7:$B$206,B19,'03_유효기간'!$L$7:$L$206,"정상")>0,"정상","활성 LOT 없음")))))))))
A20: 14 | N20: =IF(B20="","",IF(OR(COUNTIF('02_입출고_재고'!$D$7:$D$206,B20)=0,COUNTIFS('02_입출고_재고'!$D$7:$D$206,B20,'02_입출고_재고'!$K$7:$K$206,"자재코드 확인")+COUNTIFS('02_입출고_재고'!$D$7:$D$206,B20,'02_입출고_재고'!$K$7:$K$206,"단위 입력 확인")+COUNTIFS('02_입출고_재고'!$D$7:$D$206,B20,'02_입출고_재고'!$K$7:$K$206,"일자/구분 확인")+COUNTIFS('02_입출고_재고'!$D$7:$D$206,B20,'02_입출고_재고'!$K$7:$K$206,"수량/구분 확인")>0),"",SUMIFS('02_입출고_재고'!$H$7:$H$206,'02_입출고_재고'!$D$7:$D$206,B20)-SUMIFS('02_입출고_재고'!$I$7:$I$206,'02_입출고_재고'!$D$7:$D$206,B20))) | O20: =IF(B20="","",IF(COUNTIF($B$7:$B$106,B20)>1,"코드 중복",IF(COUNTIF('02_입출고_재고'!$D$7:$D$206,B20)=0,"미등록",IF(COUNTIFS('02_입출고_재고'!$D$7:$D$206,B20,'02_입출고_재고'!$K$7:$K$206,"자재코드 확인")+COUNTIFS('02_입출고_재고'!$D$7:$D$206,B20,'02_입출고_재고'!$K$7:$K$206,"단위 입력 확인")+COUNTIFS('02_입출고_재고'!$D$7:$D$206,B20,'02_입출고_재고'!$K$7:$K$206,"일자/구분 확인")+COUNTIFS('02_입출고_재고'!$D$7:$D$206,B20,'02_입출고_재고'!$K$7:$K$206,"수량/구분 확인")>0,"입출고 입력 확인",IF(N20<0,"출고수량 초과",IF(J20="","최소재고 미설정",IF(OR(NOT(ISNUMBER(J20)),J20<0),"최소재고 확인",IF(N20<J20,"재고부족","정상")))))))) | P20: =IF(B20="","",IF(M20="해당없음","해당없음",IF(M20<>"대상","대상 여부 확인",IF(COUNTIF('03_유효기간'!$B$7:$B$206,B20)=0,"미등록",IF(COUNTIFS('03_유효기간'!$B$7:$B$206,B20,'03_유효기간'!$L$7:$L$206,"미입력")+COUNTIFS('03_유효기간'!$B$7:$B$206,B20,'03_유효기간'!$L$7:$L$206,"LOT 미입력")>0,"유효기한/LOT 미입력",IF(COUNTIFS('03_유효기간'!$B$7:$B$206,B20,'03_유효기간'!$L$7:$L$206,"날짜 확인")>0,"날짜 확인",IF(COUNTIFS('03_유효기간'!$B$7:$B$206,B20,'03_유효기간'!$L$7:$L$206,"만료")>0,"만료",IF(COUNTIFS('03_유효기간'!$B$7:$B$206,B20,'03_유효기간'!$L$7:$L$206,"유효기간 임박")>0,"유효기간 임박",IF(COUNTIFS('03_유효기간'!$B$7:$B$206,B20,'03_유효기간'!$L$7:$L$206,"정상")>0,"정상","활성 LOT 없음")))))))))
A21: 15 | N21: =IF(B21="","",IF(OR(COUNTIF('02_입출고_재고'!$D$7:$D$206,B21)=0,COUNTIFS('02_입출고_재고'!$D$7:$D$206,B21,'02_입출고_재고'!$K$7:$K$206,"자재코드 확인")+COUNTIFS('02_입출고_재고'!$D$7:$D$206,B21,'02_입출고_재고'!$K$7:$K$206,"단위 입력 확인")+COUNTIFS('02_입출고_재고'!$D$7:$D$206,B21,'02_입출고_재고'!$K$7:$K$206,"일자/구분 확인")+COUNTIFS('02_입출고_재고'!$D$7:$D$206,B21,'02_입출고_재고'!$K$7:$K$206,"수량/구분 확인")>0),"",SUMIFS('02_입출고_재고'!$H$7:$H$206,'02_입출고_재고'!$D$7:$D$206,B21)-SUMIFS('02_입출고_재고'!$I$7:$I$206,'02_입출고_재고'!$D$7:$D$206,B21))) | O21: =IF(B21="","",IF(COUNTIF($B$7:$B$106,B21)>1,"코드 중복",IF(COUNTIF('02_입출고_재고'!$D$7:$D$206,B21)=0,"미등록",IF(COUNTIFS('02_입출고_재고'!$D$7:$D$206,B21,'02_입출고_재고'!$K$7:$K$206,"자재코드 확인")+COUNTIFS('02_입출고_재고'!$D$7:$D$206,B21,'02_입출고_재고'!$K$7:$K$206,"단위 입력 확인")+COUNTIFS('02_입출고_재고'!$D$7:$D$206,B21,'02_입출고_재고'!$K$7:$K$206,"일자/구분 확인")+COUNTIFS('02_입출고_재고'!$D$7:$D$206,B21,'02_입출고_재고'!$K$7:$K$206,"수량/구분 확인")>0,"입출고 입력 확인",IF(N21<0,"출고수량 초과",IF(J21="","최소재고 미설정",IF(OR(NOT(ISNUMBER(J21)),J21<0),"최소재고 확인",IF(N21<J21,"재고부족","정상")))))))) | P21: =IF(B21="","",IF(M21="해당없음","해당없음",IF(M21<>"대상","대상 여부 확인",IF(COUNTIF('03_유효기간'!$B$7:$B$206,B21)=0,"미등록",IF(COUNTIFS('03_유효기간'!$B$7:$B$206,B21,'03_유효기간'!$L$7:$L$206,"미입력")+COUNTIFS('03_유효기간'!$B$7:$B$206,B21,'03_유효기간'!$L$7:$L$206,"LOT 미입력")>0,"유효기한/LOT 미입력",IF(COUNTIFS('03_유효기간'!$B$7:$B$206,B21,'03_유효기간'!$L$7:$L$206,"날짜 확인")>0,"날짜 확인",IF(COUNTIFS('03_유효기간'!$B$7:$B$206,B21,'03_유효기간'!$L$7:$L$206,"만료")>0,"만료",IF(COUNTIFS('03_유효기간'!$B$7:$B$206,B21,'03_유효기간'!$L$7:$L$206,"유효기간 임박")>0,"유효기간 임박",IF(COUNTIFS('03_유효기간'!$B$7:$B$206,B21,'03_유효기간'!$L$7:$L$206,"정상")>0,"정상","활성 LOT 없음")))))))))
A22: 16 | N22: =IF(B22="","",IF(OR(COUNTIF('02_입출고_재고'!$D$7:$D$206,B22)=0,COUNTIFS('02_입출고_재고'!$D$7:$D$206,B22,'02_입출고_재고'!$K$7:$K$206,"자재코드 확인")+COUNTIFS('02_입출고_재고'!$D$7:$D$206,B22,'02_입출고_재고'!$K$7:$K$206,"단위 입력 확인")+COUNTIFS('02_입출고_재고'!$D$7:$D$206,B22,'02_입출고_재고'!$K$7:$K$206,"일자/구분 확인")+COUNTIFS('02_입출고_재고'!$D$7:$D$206,B22,'02_입출고_재고'!$K$7:$K$206,"수량/구분 확인")>0),"",SUMIFS('02_입출고_재고'!$H$7:$H$206,'02_입출고_재고'!$D$7:$D$206,B22)-SUMIFS('02_입출고_재고'!$I$7:$I$206,'02_입출고_재고'!$D$7:$D$206,B22))) | O22: =IF(B22="","",IF(COUNTIF($B$7:$B$106,B22)>1,"코드 중복",IF(COUNTIF('02_입출고_재고'!$D$7:$D$206,B22)=0,"미등록",IF(COUNTIFS('02_입출고_재고'!$D$7:$D$206,B22,'02_입출고_재고'!$K$7:$K$206,"자재코드 확인")+COUNTIFS('02_입출고_재고'!$D$7:$D$206,B22,'02_입출고_재고'!$K$7:$K$206,"단위 입력 확인")+COUNTIFS('02_입출고_재고'!$D$7:$D$206,B22,'02_입출고_재고'!$K$7:$K$206,"일자/구분 확인")+COUNTIFS('02_입출고_재고'!$D$7:$D$206,B22,'02_입출고_재고'!$K$7:$K$206,"수량/구분 확인")>0,"입출고 입력 확인",IF(N22<0,"출고수량 초과",IF(J22="","최소재고 미설정",IF(OR(NOT(ISNUMBER(J22)),J22<0),"최소재고 확인",IF(N22<J22,"재고부족","정상")))))))) | P22: =IF(B22="","",IF(M22="해당없음","해당없음",IF(M22<>"대상","대상 여부 확인",IF(COUNTIF('03_유효기간'!$B$7:$B$206,B22)=0,"미등록",IF(COUNTIFS('03_유효기간'!$B$7:$B$206,B22,'03_유효기간'!$L$7:$L$206,"미입력")+COUNTIFS('03_유효기간'!$B$7:$B$206,B22,'03_유효기간'!$L$7:$L$206,"LOT 미입력")>0,"유효기한/LOT 미입력",IF(COUNTIFS('03_유효기간'!$B$7:$B$206,B22,'03_유효기간'!$L$7:$L$206,"날짜 확인")>0,"날짜 확인",IF(COUNTIFS('03_유효기간'!$B$7:$B$206,B22,'03_유효기간'!$L$7:$L$206,"만료")>0,"만료",IF(COUNTIFS('03_유효기간'!$B$7:$B$206,B22,'03_유효기간'!$L$7:$L$206,"유효기간 임박")>0,"유효기간 임박",IF(COUNTIFS('03_유효기간'!$B$7:$B$206,B22,'03_유효기간'!$L$7:$L$206,"정상")>0,"정상","활성 LOT 없음")))))))))
... A106: 100 | N106: =IF(B106="","",IF(OR(COUNTIF('02_입출고_재고'!$D$7:$D$206,B106)=0,COUNTIFS('02_입출고_재고'!$D$7:$D$206,B106,'02_입출고_재고'!$K$7:$K$206,"자재코드 확인")+COUNTIFS('02_입출고_재고'!$D$7:$D$206,B106,'02_입출고_재고'!$K$7:$K$206,"단위 입력 확인")+COUNTIFS('02_입출고_재고'!$D$7:$D$206,B106,'02_입출고_재고'!$K$7:$K$206,"일자/구분 확인")+COUNTIFS('02_입출고_재고'!$D$7:$D$206,B106,'02_입출고_재고'!$K$7:$K$206,"수량/구분 확인")>0),"",SUMIFS('02_입출고_재고'!$H$7:$H$206,'02_입출고_재고'!$D$7:$D$206,B106)-SUMIFS('02_입출고_재고'!$I$7:$I$206,'02_입출고_재고'!$D$7:$D$206,B106))) | O106: =IF(B106="","",IF(COUNTIF($B$7:$B$106,B106)>1,"코드 중복",IF(COUNTIF('02_입출고_재고'!$D$7:$D$206,B106)=0,"미등록",IF(COUNTIFS('02_입출고_재고'!$D$7:$D$206,B106,'02_입출고_재고'!$K$7:$K$206,"자재코드 확인")+COUNTIFS('02_입출고_재고'!$D$7:$D$206,B106,'02_입출고_재고'!$K$7:$K$206,"단위 입력 확인")+COUNTIFS('02_입출고_재고'!$D$7:$D$206,B106,'02_입출고_재고'!$K$7:$K$206,"일자/구분 확인")+COUNTIFS('02_입출고_재고'!$D$7:$D$206,B106,'02_입출고_재고'!$K$7:$K$206,"수량/구분 확인")>0,"입출고 입력 확인",IF(N106<0,"출고수량 초과",IF(J106="","최소재고 미설정",IF(OR(NOT(ISNUMBER(J106)),J106<0),"최소재고 확인",IF(N106<J106,"재고부족","정상")))))))) | P106: =IF(B106="","",IF(M106="해당없음","해당없음",IF(M106<>"대상","대상 여부 확인",IF(COUNTIF('03_유효기간'!$B$7:$B$206,B106)=0,"미등록",IF(COUNTIFS('03_유효기간'!$B$7:$B$206,B106,'03_유효기간'!$L$7:$L$206,"미입력")+COUNTIFS('03_유효기간'!$B$7:$B$206,B106,'03_유효기간'!$L$7:$L$206,"LOT 미입력")>0,"유효기한/LOT 미입력",IF(COUNTIFS('03_유효기간'!$B$7:$B$206,B106,'03_유효기간'!$L$7:$L$206,"날짜 확인")>0,"날짜 확인",IF(COUNTIFS('03_유효기간'!$B$7:$B$206,B106,'03_유효기간'!$L$7:$L$206,"만료")>0,"만료",IF(COUNTIFS('03_유효기간'!$B$7:$B$206,B106,'03_유효기간'!$L$7:$L$206,"유효기간 임박")>0,"유효기간 임박",IF(COUNTIFS('03_유효기간'!$B$7:$B$206,B106,'03_유효기간'!$L$7:$L$206,"정상")>0,"정상","활성 LOT 없음")))))))))

Sheet 02_입출고_재고
A1: 용접 부자재 관리대장 — 입출고·재고 | Rev.00
A2: 시작 재고도 입고로 등록. 일자·구분·자재코드·수량을 입력. 입고/출고는 한쪽 수량만 양수로 입력, 조정도 한쪽만 입력하고 사유 기재. 잔량은 자재코드별 행 누계.
A3: 노란색: 입력 · 회색: 자동 계산 | 기본 자재코드는 임의 관리코드이며 사내 코드가 있으면 통일하세요.
A4: (주)신화에이치앤티 | 문서번호 SH-FM-367 | Rev.00 | 문서상태: 승인완료 | 제정일: 2026-10-06 | 개정일: 2026-10-06
A5: 주관부서: 구매자재팀 | 결재: 작성 주관부서 담당 / 검토 품질책임자 / 승인 대표이사·권한자 (성명·서명·일자는 직접 기재) | 보관위치: 품질팀 서버 | 보존기간: 5년
A6: No | B6: 일자 | C6: 구분 | D6: 자재코드 | E6: 자재명(자동) | F6: 제조 LOT | G6: 사내 입고 LOT | H6: 입고수량 | I6: 출고수량 | J6: 단위(자동) | K6: 잔량(자동) | L6: 보관위치 | M6: 담당자 | N6: 비고(선택) | O6: 관리구분(자동)
A7: 1 | E7: =IF(D7="","",IFERROR(INDEX('01_자재목록'!$D$7:$D$106,MATCH(D7,'01_자재목록'!$B$7:$B$106,0))&"","자재코드 확인")) | J7: =IF(D7="","",IFERROR(INDEX('01_자재목록'!$I$7:$I$106,MATCH(D7,'01_자재목록'!$B$7:$B$106,0))&"","자재코드 확인")) | K7: =IF(D7="",IF(OR(B7<>"",C7<>"",H7<>"",I7<>""),"자재코드 입력 확인",""),IF(COUNTIF('01_자재목록'!$B$7:$B$106,D7)<>1,"자재코드 확인",IF(J7="","단위 입력 확인",IF(OR(NOT(ISNUMBER(B7)),B7<1,AND(C7<>"입고",C7<>"출고",C7<>"조정")),"일자/구분 확인",IF(OR(AND(H7<>"",NOT(ISNUMBER(H7))),AND(I7<>"",NOT(ISNUMBER(I7))),H7<0,I7<0,AND(H7<=0,I7<=0),AND(H7>0,I7>0),AND(C7="입고",I7>0),AND(C7="출고",H7>0)),"수량/구분 확인",SUMIFS($H$7:H7,$D$7:D7,D7)-SUMIFS($I$7:I7,$D$7:D7,D7)))))) | O7: =IF(D7="","",IF(COUNTIF('01_자재목록'!$B$7:$B$106,D7)<>1,"자재코드 확인",IF(INDEX('01_자재목록'!$R$7:$R$106,MATCH(D7,'01_자재목록'!$B$7:$B$106,0))="","구분 미입력",INDEX('01_자재목록'!$R$7:$R$106,MATCH(D7,'01_자재목록'!$B$7:$B$106,0)))))
A8: 2 | E8: =IF(D8="","",IFERROR(INDEX('01_자재목록'!$D$7:$D$106,MATCH(D8,'01_자재목록'!$B$7:$B$106,0))&"","자재코드 확인")) | J8: =IF(D8="","",IFERROR(INDEX('01_자재목록'!$I$7:$I$106,MATCH(D8,'01_자재목록'!$B$7:$B$106,0))&"","자재코드 확인")) | K8: =IF(D8="",IF(OR(B8<>"",C8<>"",H8<>"",I8<>""),"자재코드 입력 확인",""),IF(COUNTIF('01_자재목록'!$B$7:$B$106,D8)<>1,"자재코드 확인",IF(J8="","단위 입력 확인",IF(OR(NOT(ISNUMBER(B8)),B8<1,AND(C8<>"입고",C8<>"출고",C8<>"조정")),"일자/구분 확인",IF(OR(AND(H8<>"",NOT(ISNUMBER(H8))),AND(I8<>"",NOT(ISNUMBER(I8))),H8<0,I8<0,AND(H8<=0,I8<=0),AND(H8>0,I8>0),AND(C8="입고",I8>0),AND(C8="출고",H8>0)),"수량/구분 확인",SUMIFS($H$7:H8,$D$7:D8,D8)-SUMIFS($I$7:I8,$D$7:D8,D8)))))) | O8: =IF(D8="","",IF(COUNTIF('01_자재목록'!$B$7:$B$106,D8)<>1,"자재코드 확인",IF(INDEX('01_자재목록'!$R$7:$R$106,MATCH(D8,'01_자재목록'!$B$7:$B$106,0))="","구분 미입력",INDEX('01_자재목록'!$R$7:$R$106,MATCH(D8,'01_자재목록'!$B$7:$B$106,0)))))
A9: 3 | E9: =IF(D9="","",IFERROR(INDEX('01_자재목록'!$D$7:$D$106,MATCH(D9,'01_자재목록'!$B$7:$B$106,0))&"","자재코드 확인")) | J9: =IF(D9="","",IFERROR(INDEX('01_자재목록'!$I$7:$I$106,MATCH(D9,'01_자재목록'!$B$7:$B$106,0))&"","자재코드 확인")) | K9: =IF(D9="",IF(OR(B9<>"",C9<>"",H9<>"",I9<>""),"자재코드 입력 확인",""),IF(COUNTIF('01_자재목록'!$B$7:$B$106,D9)<>1,"자재코드 확인",IF(J9="","단위 입력 확인",IF(OR(NOT(ISNUMBER(B9)),B9<1,AND(C9<>"입고",C9<>"출고",C9<>"조정")),"일자/구분 확인",IF(OR(AND(H9<>"",NOT(ISNUMBER(H9))),AND(I9<>"",NOT(ISNUMBER(I9))),H9<0,I9<0,AND(H9<=0,I9<=0),AND(H9>0,I9>0),AND(C9="입고",I9>0),AND(C9="출고",H9>0)),"수량/구분 확인",SUMIFS($H$7:H9,$D$7:D9,D9)-SUMIFS($I$7:I9,$D$7:D9,D9)))))) | O9: =IF(D9="","",IF(COUNTIF('01_자재목록'!$B$7:$B$106,D9)<>1,"자재코드 확인",IF(INDEX('01_자재목록'!$R$7:$R$106,MATCH(D9,'01_자재목록'!$B$7:$B$106,0))="","구분 미입력",INDEX('01_자재목록'!$R$7:$R$106,MATCH(D9,'01_자재목록'!$B$7:$B$106,0)))))
A10: 4 | E10: =IF(D10="","",IFERROR(INDEX('01_자재목록'!$D$7:$D$106,MATCH(D10,'01_자재목록'!$B$7:$B$106,0))&"","자재코드 확인")) | J10: =IF(D10="","",IFERROR(INDEX('01_자재목록'!$I$7:$I$106,MATCH(D10,'01_자재목록'!$B$7:$B$106,0))&"","자재코드 확인")) | K10: =IF(D10="",IF(OR(B10<>"",C10<>"",H10<>"",I10<>""),"자재코드 입력 확인",""),IF(COUNTIF('01_자재목록'!$B$7:$B$106,D10)<>1,"자재코드 확인",IF(J10="","단위 입력 확인",IF(OR(NOT(ISNUMBER(B10)),B10<1,AND(C10<>"입고",C10<>"출고",C10<>"조정")),"일자/구분 확인",IF(OR(AND(H10<>"",NOT(ISNUMBER(H10))),AND(I10<>"",NOT(ISNUMBER(I10))),H10<0,I10<0,AND(H10<=0,I10<=0),AND(H10>0,I10>0),AND(C10="입고",I10>0),AND(C10="출고",H10>0)),"수량/구분 확인",SUMIFS($H$7:H10,$D$7:D10,D10)-SUMIFS($I$7:I10,$D$7:D10,D10)))))) | O10: =IF(D10="","",IF(COUNTIF('01_자재목록'!$B$7:$B$106,D10)<>1,"자재코드 확인",IF(INDEX('01_자재목록'!$R$7:$R$106,MATCH(D10,'01_자재목록'!$B$7:$B$106,0))="","구분 미입력",INDEX('01_자재목록'!$R$7:$R$106,MATCH(D10,'01_자재목록'!$B$7:$B$106,0)))))
A11: 5 | E11: =IF(D11="","",IFERROR(INDEX('01_자재목록'!$D$7:$D$106,MATCH(D11,'01_자재목록'!$B$7:$B$106,0))&"","자재코드 확인")) | J11: =IF(D11="","",IFERROR(INDEX('01_자재목록'!$I$7:$I$106,MATCH(D11,'01_자재목록'!$B$7:$B$106,0))&"","자재코드 확인")) | K11: =IF(D11="",IF(OR(B11<>"",C11<>"",H11<>"",I11<>""),"자재코드 입력 확인",""),IF(COUNTIF('01_자재목록'!$B$7:$B$106,D11)<>1,"자재코드 확인",IF(J11="","단위 입력 확인",IF(OR(NOT(ISNUMBER(B11)),B11<1,AND(C11<>"입고",C11<>"출고",C11<>"조정")),"일자/구분 확인",IF(OR(AND(H11<>"",NOT(ISNUMBER(H11))),AND(I11<>"",NOT(ISNUMBER(I11))),H11<0,I11<0,AND(H11<=0,I11<=0),AND(H11>0,I11>0),AND(C11="입고",I11>0),AND(C11="출고",H11>0)),"수량/구분 확인",SUMIFS($H$7:H11,$D$7:D11,D11)-SUMIFS($I$7:I11,$D$7:D11,D11)))))) | O11: =IF(D11="","",IF(COUNTIF('01_자재목록'!$B$7:$B$106,D11)<>1,"자재코드 확인",IF(INDEX('01_자재목록'!$R$7:$R$106,MATCH(D11,'01_자재목록'!$B$7:$B$106,0))="","구분 미입력",INDEX('01_자재목록'!$R$7:$R$106,MATCH(D11,'01_자재목록'!$B$7:$B$106,0)))))
A12: 6 | E12: =IF(D12="","",IFERROR(INDEX('01_자재목록'!$D$7:$D$106,MATCH(D12,'01_자재목록'!$B$7:$B$106,0))&"","자재코드 확인")) | J12: =IF(D12="","",IFERROR(INDEX('01_자재목록'!$I$7:$I$106,MATCH(D12,'01_자재목록'!$B$7:$B$106,0))&"","자재코드 확인")) | K12: =IF(D12="",IF(OR(B12<>"",C12<>"",H12<>"",I12<>""),"자재코드 입력 확인",""),IF(COUNTIF('01_자재목록'!$B$7:$B$106,D12)<>1,"자재코드 확인",IF(J12="","단위 입력 확인",IF(OR(NOT(ISNUMBER(B12)),B12<1,AND(C12<>"입고",C12<>"출고",C12<>"조정")),"일자/구분 확인",IF(OR(AND(H12<>"",NOT(ISNUMBER(H12))),AND(I12<>"",NOT(ISNUMBER(I12))),H12<0,I12<0,AND(H12<=0,I12<=0),AND(H12>0,I12>0),AND(C12="입고",I12>0),AND(C12="출고",H12>0)),"수량/구분 확인",SUMIFS($H$7:H12,$D$7:D12,D12)-SUMIFS($I$7:I12,$D$7:D12,D12)))))) | O12: =IF(D12="","",IF(COUNTIF('01_자재목록'!$B$7:$B$106,D12)<>1,"자재코드 확인",IF(INDEX('01_자재목록'!$R$7:$R$106,MATCH(D12,'01_자재목록'!$B$7:$B$106,0))="","구분 미입력",INDEX('01_자재목록'!$R$7:$R$106,MATCH(D12,'01_자재목록'!$B$7:$B$106,0)))))
A13: 7 | E13: =IF(D13="","",IFERROR(INDEX('01_자재목록'!$D$7:$D$106,MATCH(D13,'01_자재목록'!$B$7:$B$106,0))&"","자재코드 확인")) | J13: =IF(D13="","",IFERROR(INDEX('01_자재목록'!$I$7:$I$106,MATCH(D13,'01_자재목록'!$B$7:$B$106,0))&"","자재코드 확인")) | K13: =IF(D13="",IF(OR(B13<>"",C13<>"",H13<>"",I13<>""),"자재코드 입력 확인",""),IF(COUNTIF('01_자재목록'!$B$7:$B$106,D13)<>1,"자재코드 확인",IF(J13="","단위 입력 확인",IF(OR(NOT(ISNUMBER(B13)),B13<1,AND(C13<>"입고",C13<>"출고",C13<>"조정")),"일자/구분 확인",IF(OR(AND(H13<>"",NOT(ISNUMBER(H13))),AND(I13<>"",NOT(ISNUMBER(I13))),H13<0,I13<0,AND(H13<=0,I13<=0),AND(H13>0,I13>0),AND(C13="입고",I13>0),AND(C13="출고",H13>0)),"수량/구분 확인",SUMIFS($H$7:H13,$D$7:D13,D13)-SUMIFS($I$7:I13,$D$7:D13,D13)))))) | O13: =IF(D13="","",IF(COUNTIF('01_자재목록'!$B$7:$B$106,D13)<>1,"자재코드 확인",IF(INDEX('01_자재목록'!$R$7:$R$106,MATCH(D13,'01_자재목록'!$B$7:$B$106,0))="","구분 미입력",INDEX('01_자재목록'!$R$7:$R$106,MATCH(D13,'01_자재목록'!$B$7:$B$106,0)))))
A14: 8 | E14: =IF(D14="","",IFERROR(INDEX('01_자재목록'!$D$7:$D$106,MATCH(D14,'01_자재목록'!$B$7:$B$106,0))&"","자재코드 확인")) | J14: =IF(D14="","",IFERROR(INDEX('01_자재목록'!$I$7:$I$106,MATCH(D14,'01_자재목록'!$B$7:$B$106,0))&"","자재코드 확인")) | K14: =IF(D14="",IF(OR(B14<>"",C14<>"",H14<>"",I14<>""),"자재코드 입력 확인",""),IF(COUNTIF('01_자재목록'!$B$7:$B$106,D14)<>1,"자재코드 확인",IF(J14="","단위 입력 확인",IF(OR(NOT(ISNUMBER(B14)),B14<1,AND(C14<>"입고",C14<>"출고",C14<>"조정")),"일자/구분 확인",IF(OR(AND(H14<>"",NOT(ISNUMBER(H14))),AND(I14<>"",NOT(ISNUMBER(I14))),H14<0,I14<0,AND(H14<=0,I14<=0),AND(H14>0,I14>0),AND(C14="입고",I14>0),AND(C14="출고",H14>0)),"수량/구분 확인",SUMIFS($H$7:H14,$D$7:D14,D14)-SUMIFS($I$7:I14,$D$7:D14,D14)))))) | O14: =IF(D14="","",IF(COUNTIF('01_자재목록'!$B$7:$B$106,D14)<>1,"자재코드 확인",IF(INDEX('01_자재목록'!$R$7:$R$106,MATCH(D14,'01_자재목록'!$B$7:$B$106,0))="","구분 미입력",INDEX('01_자재목록'!$R$7:$R$106,MATCH(D14,'01_자재목록'!$B$7:$B$106,0)))))
A15: 9 | E15: =IF(D15="","",IFERROR(INDEX('01_자재목록'!$D$7:$D$106,MATCH(D15,'01_자재목록'!$B$7:$B$106,0))&"","자재코드 확인")) | J15: =IF(D15="","",IFERROR(INDEX('01_자재목록'!$I$7:$I$106,MATCH(D15,'01_자재목록'!$B$7:$B$106,0))&"","자재코드 확인")) | K15: =IF(D15="",IF(OR(B15<>"",C15<>"",H15<>"",I15<>""),"자재코드 입력 확인",""),IF(COUNTIF('01_자재목록'!$B$7:$B$106,D15)<>1,"자재코드 확인",IF(J15="","단위 입력 확인",IF(OR(NOT(ISNUMBER(B15)),B15<1,AND(C15<>"입고",C15<>"출고",C15<>"조정")),"일자/구분 확인",IF(OR(AND(H15<>"",NOT(ISNUMBER(H15))),AND(I15<>"",NOT(ISNUMBER(I15))),H15<0,I15<0,AND(H15<=0,I15<=0),AND(H15>0,I15>0),AND(C15="입고",I15>0),AND(C15="출고",H15>0)),"수량/구분 확인",SUMIFS($H$7:H15,$D$7:D15,D15)-SUMIFS($I$7:I15,$D$7:D15,D15)))))) | O15: =IF(D15="","",IF(COUNTIF('01_자재목록'!$B$7:$B$106,D15)<>1,"자재코드 확인",IF(INDEX('01_자재목록'!$R$7:$R$106,MATCH(D15,'01_자재목록'!$B$7:$B$106,0))="","구분 미입력",INDEX('01_자재목록'!$R$7:$R$106,MATCH(D15,'01_자재목록'!$B$7:$B$106,0)))))
A16: 10 | E16: =IF(D16="","",IFERROR(INDEX('01_자재목록'!$D$7:$D$106,MATCH(D16,'01_자재목록'!$B$7:$B$106,0))&"","자재코드 확인")) | J16: =IF(D16="","",IFERROR(INDEX('01_자재목록'!$I$7:$I$106,MATCH(D16,'01_자재목록'!$B$7:$B$106,0))&"","자재코드 확인")) | K16: =IF(D16="",IF(OR(B16<>"",C16<>"",H16<>"",I16<>""),"자재코드 입력 확인",""),IF(COUNTIF('01_자재목록'!$B$7:$B$106,D16)<>1,"자재코드 확인",IF(J16="","단위 입력 확인",IF(OR(NOT(ISNUMBER(B16)),B16<1,AND(C16<>"입고",C16<>"출고",C16<>"조정")),"일자/구분 확인",IF(OR(AND(H16<>"",NOT(ISNUMBER(H16))),AND(I16<>"",NOT(ISNUMBER(I16))),H16<0,I16<0,AND(H16<=0,I16<=0),AND(H16>0,I16>0),AND(C16="입고",I16>0),AND(C16="출고",H16>0)),"수량/구분 확인",SUMIFS($H$7:H16,$D$7:D16,D16)-SUMIFS($I$7:I16,$D$7:D16,D16)))))) | O16: =IF(D16="","",IF(COUNTIF('01_자재목록'!$B$7:$B$106,D16)<>1,"자재코드 확인",IF(INDEX('01_자재목록'!$R$7:$R$106,MATCH(D16,'01_자재목록'!$B$7:$B$106,0))="","구분 미입력",INDEX('01_자재목록'!$R$7:$R$106,MATCH(D16,'01_자재목록'!$B$7:$B$106,0)))))
A17: 11 | E17: =IF(D17="","",IFERROR(INDEX('01_자재목록'!$D$7:$D$106,MATCH(D17,'01_자재목록'!$B$7:$B$106,0))&"","자재코드 확인")) | J17: =IF(D17="","",IFERROR(INDEX('01_자재목록'!$I$7:$I$106,MATCH(D17,'01_자재목록'!$B$7:$B$106,0))&"","자재코드 확인")) | K17: =IF(D17="",IF(OR(B17<>"",C17<>"",H17<>"",I17<>""),"자재코드 입력 확인",""),IF(COUNTIF('01_자재목록'!$B$7:$B$106,D17)<>1,"자재코드 확인",IF(J17="","단위 입력 확인",IF(OR(NOT(ISNUMBER(B17)),B17<1,AND(C17<>"입고",C17<>"출고",C17<>"조정")),"일자/구분 확인",IF(OR(AND(H17<>"",NOT(ISNUMBER(H17))),AND(I17<>"",NOT(ISNUMBER(I17))),H17<0,I17<0,AND(H17<=0,I17<=0),AND(H17>0,I17>0),AND(C17="입고",I17>0),AND(C17="출고",H17>0)),"수량/구분 확인",SUMIFS($H$7:H17,$D$7:D17,D17)-SUMIFS($I$7:I17,$D$7:D17,D17)))))) | O17: =IF(D17="","",IF(COUNTIF('01_자재목록'!$B$7:$B$106,D17)<>1,"자재코드 확인",IF(INDEX('01_자재목록'!$R$7:$R$106,MATCH(D17,'01_자재목록'!$B$7:$B$106,0))="","구분 미입력",INDEX('01_자재목록'!$R$7:$R$106,MATCH(D17,'01_자재목록'!$B$7:$B$106,0)))))
A18: 12 | E18: =IF(D18="","",IFERROR(INDEX('01_자재목록'!$D$7:$D$106,MATCH(D18,'01_자재목록'!$B$7:$B$106,0))&"","자재코드 확인")) | J18: =IF(D18="","",IFERROR(INDEX('01_자재목록'!$I$7:$I$106,MATCH(D18,'01_자재목록'!$B$7:$B$106,0))&"","자재코드 확인")) | K18: =IF(D18="",IF(OR(B18<>"",C18<>"",H18<>"",I18<>""),"자재코드 입력 확인",""),IF(COUNTIF('01_자재목록'!$B$7:$B$106,D18)<>1,"자재코드 확인",IF(J18="","단위 입력 확인",IF(OR(NOT(ISNUMBER(B18)),B18<1,AND(C18<>"입고",C18<>"출고",C18<>"조정")),"일자/구분 확인",IF(OR(AND(H18<>"",NOT(ISNUMBER(H18))),AND(I18<>"",NOT(ISNUMBER(I18))),H18<0,I18<0,AND(H18<=0,I18<=0),AND(H18>0,I18>0),AND(C18="입고",I18>0),AND(C18="출고",H18>0)),"수량/구분 확인",SUMIFS($H$7:H18,$D$7:D18,D18)-SUMIFS($I$7:I18,$D$7:D18,D18)))))) | O18: =IF(D18="","",IF(COUNTIF('01_자재목록'!$B$7:$B$106,D18)<>1,"자재코드 확인",IF(INDEX('01_자재목록'!$R$7:$R$106,MATCH(D18,'01_자재목록'!$B$7:$B$106,0))="","구분 미입력",INDEX('01_자재목록'!$R$7:$R$106,MATCH(D18,'01_자재목록'!$B$7:$B$106,0)))))
... A206: 200 | E206: =IF(D206="","",IFERROR(INDEX('01_자재목록'!$D$7:$D$106,MATCH(D206,'01_자재목록'!$B$7:$B$106,0))&"","자재코드 확인")) | J206: =IF(D206="","",IFERROR(INDEX('01_자재목록'!$I$7:$I$106,MATCH(D206,'01_자재목록'!$B$7:$B$106,0))&"","자재코드 확인")) | K206: =IF(D206="",IF(OR(B206<>"",C206<>"",H206<>"",I206<>""),"자재코드 입력 확인",""),IF(COUNTIF('01_자재목록'!$B$7:$B$106,D206)<>1,"자재코드 확인",IF(J206="","단위 입력 확인",IF(OR(NOT(ISNUMBER(B206)),B206<1,AND(C206<>"입고",C206<>"출고",C206<>"조정")),"일자/구분 확인",IF(OR(AND(H206<>"",NOT(ISNUMBER(H206))),AND(I206<>"",NOT(ISNUMBER(I206))),H206<0,I206<0,AND(H206<=0,I206<=0),AND(H206>0,I206>0),AND(C206="입고",I206>0),AND(C206="출고",H206>0)),"수량/구분 확인",SUMIFS($H$7:H206,$D$7:D206,D206)-SUMIFS($I$7:I206,$D$7:D206,D206)))))) | O206: =IF(D206="","",IF(COUNTIF('01_자재목록'!$B$7:$B$106,D206)<>1,"자재코드 확인",IF(INDEX('01_자재목록'!$R$7:$R$106,MATCH(D206,'01_자재목록'!$B$7:$B$106,0))="","구분 미입력",INDEX('01_자재목록'!$R$7:$R$106,MATCH(D206,'01_자재목록'!$B$7:$B$106,0)))))

Sheet 03_유효기간
A1: 용접 부자재 관리대장 — 유효기간 | Rev.00
A2: 유효기간 대상 LOT만 등록. 제조 LOT 또는 사내 입고 LOT 입력. 개봉 후 기한이 있으면 실제 마감일로 유효기한을 입력하세요. 소진·폐기는 운영상태 변경(재고 차감은 입출고 시트에 별도 입력).
A3: 노란색: 입력 · 회색: 자동 계산 | 기본 자재코드는 임의 관리코드이며 사내 코드가 있으면 통일하세요.
A4: (주)신화에이치앤티 | 문서번호 SH-FM-367 | Rev.00 | 문서상태: 승인완료 | 제정일: 2026-10-06 | 개정일: 2026-10-06
A5: 주관부서: 구매자재팀 | 결재: 작성 주관부서 담당 / 검토 품질책임자 / 승인 대표이사·권한자 (성명·서명·일자는 직접 기재) | 보관위치: 품질팀 서버 | 보존기간: 5년
A6: No | B6: 자재코드 | C6: 자재명(자동) | D6: 제조 LOT | E6: 사내 입고 LOT | F6: 유효기한 | G6: 개봉일자(해당 시) | H6: 보관위치 | I6: 보관상태 | J6: LOT 운영상태 | K6: 잔여일수(자동) | L6: 유효기간 상태(자동) | M6: 조치내용 | N6: 담당자 | O6: 비고(선택) | P6: 관리구분(자동)
A7: 1 | C7: =IF(B7="","",IFERROR(INDEX('01_자재목록'!$D$7:$D$106,MATCH(B7,'01_자재목록'!$B$7:$B$106,0))&"","자재코드 확인")) | K7: =IF(OR(B7="",F7=""),"",IF(ISNUMBER(F7),F7-TODAY(),"날짜 확인")) | L7: =IF(B7="",IF(OR(D7<>"",E7<>"",F7<>""),"자재코드 확인",""),IF(COUNTIF('01_자재목록'!$B$7:$B$106,B7)<>1,"자재코드 확인",IF(OR(J7="소진",J7="폐기"),J7,IF(AND(D7="",E7=""),"LOT 미입력",IF(F7="","미입력",IF(OR(NOT(ISNUMBER(F7)),F7<1),"날짜 확인",IF(K7<0,"만료",IF(K7<=$I$4,"유효기간 임박","정상")))))))) | P7: =IF(B7="","",IF(COUNTIF('01_자재목록'!$B$7:$B$106,B7)<>1,"자재코드 확인",IF(INDEX('01_자재목록'!$R$7:$R$106,MATCH(B7,'01_자재목록'!$B$7:$B$106,0))="","구분 미입력",INDEX('01_자재목록'!$R$7:$R$106,MATCH(B7,'01_자재목록'!$B$7:$B$106,0)))))
A8: 2 | C8: =IF(B8="","",IFERROR(INDEX('01_자재목록'!$D$7:$D$106,MATCH(B8,'01_자재목록'!$B$7:$B$106,0))&"","자재코드 확인")) | K8: =IF(OR(B8="",F8=""),"",IF(ISNUMBER(F8),F8-TODAY(),"날짜 확인")) | L8: =IF(B8="",IF(OR(D8<>"",E8<>"",F8<>""),"자재코드 확인",""),IF(COUNTIF('01_자재목록'!$B$7:$B$106,B8)<>1,"자재코드 확인",IF(OR(J8="소진",J8="폐기"),J8,IF(AND(D8="",E8=""),"LOT 미입력",IF(F8="","미입력",IF(OR(NOT(ISNUMBER(F8)),F8<1),"날짜 확인",IF(K8<0,"만료",IF(K8<=$I$4,"유효기간 임박","정상")))))))) | P8: =IF(B8="","",IF(COUNTIF('01_자재목록'!$B$7:$B$106,B8)<>1,"자재코드 확인",IF(INDEX('01_자재목록'!$R$7:$R$106,MATCH(B8,'01_자재목록'!$B$7:$B$106,0))="","구분 미입력",INDEX('01_자재목록'!$R$7:$R$106,MATCH(B8,'01_자재목록'!$B$7:$B$106,0)))))
A9: 3 | C9: =IF(B9="","",IFERROR(INDEX('01_자재목록'!$D$7:$D$106,MATCH(B9,'01_자재목록'!$B$7:$B$106,0))&"","자재코드 확인")) | K9: =IF(OR(B9="",F9=""),"",IF(ISNUMBER(F9),F9-TODAY(),"날짜 확인")) | L9: =IF(B9="",IF(OR(D9<>"",E9<>"",F9<>""),"자재코드 확인",""),IF(COUNTIF('01_자재목록'!$B$7:$B$106,B9)<>1,"자재코드 확인",IF(OR(J9="소진",J9="폐기"),J9,IF(AND(D9="",E9=""),"LOT 미입력",IF(F9="","미입력",IF(OR(NOT(ISNUMBER(F9)),F9<1),"날짜 확인",IF(K9<0,"만료",IF(K9<=$I$4,"유효기간 임박","정상")))))))) | P9: =IF(B9="","",IF(COUNTIF('01_자재목록'!$B$7:$B$106,B9)<>1,"자재코드 확인",IF(INDEX('01_자재목록'!$R$7:$R$106,MATCH(B9,'01_자재목록'!$B$7:$B$106,0))="","구분 미입력",INDEX('01_자재목록'!$R$7:$R$106,MATCH(B9,'01_자재목록'!$B$7:$B$106,0)))))
A10: 4 | C10: =IF(B10="","",IFERROR(INDEX('01_자재목록'!$D$7:$D$106,MATCH(B10,'01_자재목록'!$B$7:$B$106,0))&"","자재코드 확인")) | K10: =IF(OR(B10="",F10=""),"",IF(ISNUMBER(F10),F10-TODAY(),"날짜 확인")) | L10: =IF(B10="",IF(OR(D10<>"",E10<>"",F10<>""),"자재코드 확인",""),IF(COUNTIF('01_자재목록'!$B$7:$B$106,B10)<>1,"자재코드 확인",IF(OR(J10="소진",J10="폐기"),J10,IF(AND(D10="",E10=""),"LOT 미입력",IF(F10="","미입력",IF(OR(NOT(ISNUMBER(F10)),F10<1),"날짜 확인",IF(K10<0,"만료",IF(K10<=$I$4,"유효기간 임박","정상")))))))) | P10: =IF(B10="","",IF(COUNTIF('01_자재목록'!$B$7:$B$106,B10)<>1,"자재코드 확인",IF(INDEX('01_자재목록'!$R$7:$R$106,MATCH(B10,'01_자재목록'!$B$7:$B$106,0))="","구분 미입력",INDEX('01_자재목록'!$R$7:$R$106,MATCH(B10,'01_자재목록'!$B$7:$B$106,0)))))
A11: 5 | C11: =IF(B11="","",IFERROR(INDEX('01_자재목록'!$D$7:$D$106,MATCH(B11,'01_자재목록'!$B$7:$B$106,0))&"","자재코드 확인")) | K11: =IF(OR(B11="",F11=""),"",IF(ISNUMBER(F11),F11-TODAY(),"날짜 확인")) | L11: =IF(B11="",IF(OR(D11<>"",E11<>"",F11<>""),"자재코드 확인",""),IF(COUNTIF('01_자재목록'!$B$7:$B$106,B11)<>1,"자재코드 확인",IF(OR(J11="소진",J11="폐기"),J11,IF(AND(D11="",E11=""),"LOT 미입력",IF(F11="","미입력",IF(OR(NOT(ISNUMBER(F11)),F11<1),"날짜 확인",IF(K11<0,"만료",IF(K11<=$I$4,"유효기간 임박","정상")))))))) | P11: =IF(B11="","",IF(COUNTIF('01_자재목록'!$B$7:$B$106,B11)<>1,"자재코드 확인",IF(INDEX('01_자재목록'!$R$7:$R$106,MATCH(B11,'01_자재목록'!$B$7:$B$106,0))="","구분 미입력",INDEX('01_자재목록'!$R$7:$R$106,MATCH(B11,'01_자재목록'!$B$7:$B$106,0)))))
A12: 6 | C12: =IF(B12="","",IFERROR(INDEX('01_자재목록'!$D$7:$D$106,MATCH(B12,'01_자재목록'!$B$7:$B$106,0))&"","자재코드 확인")) | K12: =IF(OR(B12="",F12=""),"",IF(ISNUMBER(F12),F12-TODAY(),"날짜 확인")) | L12: =IF(B12="",IF(OR(D12<>"",E12<>"",F12<>""),"자재코드 확인",""),IF(COUNTIF('01_자재목록'!$B$7:$B$106,B12)<>1,"자재코드 확인",IF(OR(J12="소진",J12="폐기"),J12,IF(AND(D12="",E12=""),"LOT 미입력",IF(F12="","미입력",IF(OR(NOT(ISNUMBER(F12)),F12<1),"날짜 확인",IF(K12<0,"만료",IF(K12<=$I$4,"유효기간 임박","정상")))))))) | P12: =IF(B12="","",IF(COUNTIF('01_자재목록'!$B$7:$B$106,B12)<>1,"자재코드 확인",IF(INDEX('01_자재목록'!$R$7:$R$106,MATCH(B12,'01_자재목록'!$B$7:$B$106,0))="","구분 미입력",INDEX('01_자재목록'!$R$7:$R$106,MATCH(B12,'01_자재목록'!$B$7:$B$106,0)))))
A13: 7 | C13: =IF(B13="","",IFERROR(INDEX('01_자재목록'!$D$7:$D$106,MATCH(B13,'01_자재목록'!$B$7:$B$106,0))&"","자재코드 확인")) | K13: =IF(OR(B13="",F13=""),"",IF(ISNUMBER(F13),F13-TODAY(),"날짜 확인")) | L13: =IF(B13="",IF(OR(D13<>"",E13<>"",F13<>""),"자재코드 확인",""),IF(COUNTIF('01_자재목록'!$B$7:$B$106,B13)<>1,"자재코드 확인",IF(OR(J13="소진",J13="폐기"),J13,IF(AND(D13="",E13=""),"LOT 미입력",IF(F13="","미입력",IF(OR(NOT(ISNUMBER(F13)),F13<1),"날짜 확인",IF(K13<0,"만료",IF(K13<=$I$4,"유효기간 임박","정상")))))))) | P13: =IF(B13="","",IF(COUNTIF('01_자재목록'!$B$7:$B$106,B13)<>1,"자재코드 확인",IF(INDEX('01_자재목록'!$R$7:$R$106,MATCH(B13,'01_자재목록'!$B$7:$B$106,0))="","구분 미입력",INDEX('01_자재목록'!$R$7:$R$106,MATCH(B13,'01_자재목록'!$B$7:$B$106,0)))))
A14: 8 | C14: =IF(B14="","",IFERROR(INDEX('01_자재목록'!$D$7:$D$106,MATCH(B14,'01_자재목록'!$B$7:$B$106,0))&"","자재코드 확인")) | K14: =IF(OR(B14="",F14=""),"",IF(ISNUMBER(F14),F14-TODAY(),"날짜 확인")) | L14: =IF(B14="",IF(OR(D14<>"",E14<>"",F14<>""),"자재코드 확인",""),IF(COUNTIF('01_자재목록'!$B$7:$B$106,B14)<>1,"자재코드 확인",IF(OR(J14="소진",J14="폐기"),J14,IF(AND(D14="",E14=""),"LOT 미입력",IF(F14="","미입력",IF(OR(NOT(ISNUMBER(F14)),F14<1),"날짜 확인",IF(K14<0,"만료",IF(K14<=$I$4,"유효기간 임박","정상")))))))) | P14: =IF(B14="","",IF(COUNTIF('01_자재목록'!$B$7:$B$106,B14)<>1,"자재코드 확인",IF(INDEX('01_자재목록'!$R$7:$R$106,MATCH(B14,'01_자재목록'!$B$7:$B$106,0))="","구분 미입력",INDEX('01_자재목록'!$R$7:$R$106,MATCH(B14,'01_자재목록'!$B$7:$B$106,0)))))
A15: 9 | C15: =IF(B15="","",IFERROR(INDEX('01_자재목록'!$D$7:$D$106,MATCH(B15,'01_자재목록'!$B$7:$B$106,0))&"","자재코드 확인")) | K15: =IF(OR(B15="",F15=""),"",IF(ISNUMBER(F15),F15-TODAY(),"날짜 확인")) | L15: =IF(B15="",IF(OR(D15<>"",E15<>"",F15<>""),"자재코드 확인",""),IF(COUNTIF('01_자재목록'!$B$7:$B$106,B15)<>1,"자재코드 확인",IF(OR(J15="소진",J15="폐기"),J15,IF(AND(D15="",E15=""),"LOT 미입력",IF(F15="","미입력",IF(OR(NOT(ISNUMBER(F15)),F15<1),"날짜 확인",IF(K15<0,"만료",IF(K15<=$I$4,"유효기간 임박","정상")))))))) | P15: =IF(B15="","",IF(COUNTIF('01_자재목록'!$B$7:$B$106,B15)<>1,"자재코드 확인",IF(INDEX('01_자재목록'!$R$7:$R$106,MATCH(B15,'01_자재목록'!$B$7:$B$106,0))="","구분 미입력",INDEX('01_자재목록'!$R$7:$R$106,MATCH(B15,'01_자재목록'!$B$7:$B$106,0)))))
A16: 10 | C16: =IF(B16="","",IFERROR(INDEX('01_자재목록'!$D$7:$D$106,MATCH(B16,'01_자재목록'!$B$7:$B$106,0))&"","자재코드 확인")) | K16: =IF(OR(B16="",F16=""),"",IF(ISNUMBER(F16),F16-TODAY(),"날짜 확인")) | L16: =IF(B16="",IF(OR(D16<>"",E16<>"",F16<>""),"자재코드 확인",""),IF(COUNTIF('01_자재목록'!$B$7:$B$106,B16)<>1,"자재코드 확인",IF(OR(J16="소진",J16="폐기"),J16,IF(AND(D16="",E16=""),"LOT 미입력",IF(F16="","미입력",IF(OR(NOT(ISNUMBER(F16)),F16<1),"날짜 확인",IF(K16<0,"만료",IF(K16<=$I$4,"유효기간 임박","정상")))))))) | P16: =IF(B16="","",IF(COUNTIF('01_자재목록'!$B$7:$B$106,B16)<>1,"자재코드 확인",IF(INDEX('01_자재목록'!$R$7:$R$106,MATCH(B16,'01_자재목록'!$B$7:$B$106,0))="","구분 미입력",INDEX('01_자재목록'!$R$7:$R$106,MATCH(B16,'01_자재목록'!$B$7:$B$106,0)))))
A17: 11 | C17: =IF(B17="","",IFERROR(INDEX('01_자재목록'!$D$7:$D$106,MATCH(B17,'01_자재목록'!$B$7:$B$106,0))&"","자재코드 확인")) | K17: =IF(OR(B17="",F17=""),"",IF(ISNUMBER(F17),F17-TODAY(),"날짜 확인")) | L17: =IF(B17="",IF(OR(D17<>"",E17<>"",F17<>""),"자재코드 확인",""),IF(COUNTIF('01_자재목록'!$B$7:$B$106,B17)<>1,"자재코드 확인",IF(OR(J17="소진",J17="폐기"),J17,IF(AND(D17="",E17=""),"LOT 미입력",IF(F17="","미입력",IF(OR(NOT(ISNUMBER(F17)),F17<1),"날짜 확인",IF(K17<0,"만료",IF(K17<=$I$4,"유효기간 임박","정상")))))))) | P17: =IF(B17="","",IF(COUNTIF('01_자재목록'!$B$7:$B$106,B17)<>1,"자재코드 확인",IF(INDEX('01_자재목록'!$R$7:$R$106,MATCH(B17,'01_자재목록'!$B$7:$B$106,0))="","구분 미입력",INDEX('01_자재목록'!$R$7:$R$106,MATCH(B17,'01_자재목록'!$B$7:$B$106,0)))))
A18: 12 | C18: =IF(B18="","",IFERROR(INDEX('01_자재목록'!$D$7:$D$106,MATCH(B18,'01_자재목록'!$B$7:$B$106,0))&"","자재코드 확인")) | K18: =IF(OR(B18="",F18=""),"",IF(ISNUMBER(F18),F18-TODAY(),"날짜 확인")) | L18: =IF(B18="",IF(OR(D18<>"",E18<>"",F18<>""),"자재코드 확인",""),IF(COUNTIF('01_자재목록'!$B$7:$B$106,B18)<>1,"자재코드 확인",IF(OR(J18="소진",J18="폐기"),J18,IF(AND(D18="",E18=""),"LOT 미입력",IF(F18="","미입력",IF(OR(NOT(ISNUMBER(F18)),F18<1),"날짜 확인",IF(K18<0,"만료",IF(K18<=$I$4,"유효기간 임박","정상")))))))) | P18: =IF(B18="","",IF(COUNTIF('01_자재목록'!$B$7:$B$106,B18)<>1,"자재코드 확인",IF(INDEX('01_자재목록'!$R$7:$R$106,MATCH(B18,'01_자재목록'!$B$7:$B$106,0))="","구분 미입력",INDEX('01_자재목록'!$R$7:$R$106,MATCH(B18,'01_자재목록'!$B$7:$B$106,0)))))
... A206: 200 | C206: =IF(B206="","",IFERROR(INDEX('01_자재목록'!$D$7:$D$106,MATCH(B206,'01_자재목록'!$B$7:$B$106,0))&"","자재코드 확인")) | K206: =IF(OR(B206="",F206=""),"",IF(ISNUMBER(F206),F206-TODAY(),"날짜 확인")) | L206: =IF(B206="",IF(OR(D206<>"",E206<>"",F206<>""),"자재코드 확인",""),IF(COUNTIF('01_자재목록'!$B$7:$B$106,B206)<>1,"자재코드 확인",IF(OR(J206="소진",J206="폐기"),J206,IF(AND(D206="",E206=""),"LOT 미입력",IF(F206="","미입력",IF(OR(NOT(ISNUMBER(F206)),F206<1),"날짜 확인",IF(K206<0,"만료",IF(K206<=$I$4,"유효기간 임박","정상")))))))) | P206: =IF(B206="","",IF(COUNTIF('01_자재목록'!$B$7:$B$106,B206)<>1,"자재코드 확인",IF(INDEX('01_자재목록'!$R$7:$R$106,MATCH(B206,'01_자재목록'!$B$7:$B$106,0))="","구분 미입력",INDEX('01_자재목록'!$R$7:$R$106,MATCH(B206,'01_자재목록'!$B$7:$B$106,0)))))

Sheet 04_문서정보
A1: 용접 부자재 관리대장 — 문서정보 | Rev.00
A2: (주)신화에이치앤티 | 문서번호 SH-FM-367 | Rev.00 | 문서상태: 승인완료 | 제정일: 2026-10-06 | 개정일: 2026-10-06
A3: 주관부서: 구매자재팀 | 결재: 작성 주관부서 담당 / 검토 품질책임자 / 승인 대표이사·권한자 (성명·서명·일자는 직접 기재) | 보관위치: 품질팀 서버 | 보존기간: 5년
A5: 개정이력
A6: 개정 | B6: 개정일 | C6: 개정 내용 | D6: 작성 | E6: 승인
A7: Rev.00 | B7: 2026-10-06 | C7: 신규 제정(현장 사용 파일 Rev.07 기반, SH-FM-367 부여). 시트: 자재목록·입출고·재고·유효기간
A8: Rev.00(재개정) | B8: 2026-10-06 | C8: 주관부서 구매자재팀 지정(사용자 지시 2026-10-12), 그 외 내용 변경 없음
A10: 결재 | B10: 작성 | C10: 검토 | D10: 승인
A11: 직책 / 역할 | B11: 주관부서 담당 | C11: 품질책임자 | D11: 대표이사/권한자
A12: 성명:
A13: 서명:
A14: 일자:
A16: 연계: SH-FM-104(자재 입고·보관·불출 기록)·SH-FM-118(장기재고·유효기간 점검기록) 와 기능이 겹치므로 용접 부자재는 이 양식으로 관리(사용자 결정 2026-10-12)
