Workbook

Sheet 0_대시보드
A1: SQ mark 심사 준비 현황 대시보드 (경영보고용)
A2: 고객사: 한온시스템(Hanon Systems) | 기준: IATF16949/ISO9001 | 작성일: 2026-09-17(Rev.2, QP/WI 본문 대조 재판정 반영) | 데이터 갱신 안내: "전체_필요서류리스트"/부서별 탭의 "준비상태" 드롭다운을 갱신하면 이 표가 자동으로 다시 계산됩니다.
A4: 1. 전체 진행 현황
A5: 총 필요서류 | B5: 완료 | C5: 진행중 | D5: 미착수 | E5: 해당없음 | F5: 전체 완료율
A6: =COUNT(전체_필요서류리스트!$A$4:$A$1000) -> 240 | B6: =COUNTIF(전체_필요서류리스트!$O$4:$O$1000,"완료") -> 0 | C6: =COUNTIF(전체_필요서류리스트!$O$4:$O$1000,"진행중") -> 0 | D6: =COUNT(전체_필요서류리스트!$A$4:$A$1000)-B6-C6-E6 -> 240 | E6: =COUNTIF(전체_필요서류리스트!$O$4:$O$1000,"해당없음") -> 0 | F6: =B6/A6 -> 0
A8: 2. 우선순위별 진행 현황
A9: 우선순위 | B9: 총 건수 | C9: 완료 | D9: 진행중 | E9: 미착수 | F9: 완료율
A10: 높음 (A) | B10: =COUNTIF(전체_필요서류리스트!$E$4:$E$1000,"높음") -> 36 | C10: =COUNTIFS(전체_필요서류리스트!$E$4:$E$1000,"높음",전체_필요서류리스트!$O$4:$O$1000,"완료") -> 0 | D10: =COUNTIFS(전체_필요서류리스트!$E$4:$E$1000,"높음",전체_필요서류리스트!$O$4:$O$1000,"진행중") -> 0 | E10: =B10-C10-D10 -> 36 | F10: =IF(B10=0,0,C10/B10) -> 0
A11: 보통 (B) | B11: =COUNTIF(전체_필요서류리스트!$E$4:$E$1000,"보통") -> 162 | C11: =COUNTIFS(전체_필요서류리스트!$E$4:$E$1000,"보통",전체_필요서류리스트!$O$4:$O$1000,"완료") -> 0 | D11: =COUNTIFS(전체_필요서류리스트!$E$4:$E$1000,"보통",전체_필요서류리스트!$O$4:$O$1000,"진행중") -> 0 | E11: =B11-C11-D11 -> 162 | F11: =IF(B11=0,0,C11/B11) -> 0
A12: 낮음 (C) | B12: =COUNTIF(전체_필요서류리스트!$E$4:$E$1000,"낮음") -> 42 | C12: =COUNTIFS(전체_필요서류리스트!$E$4:$E$1000,"낮음",전체_필요서류리스트!$O$4:$O$1000,"완료") -> 0 | D12: =COUNTIFS(전체_필요서류리스트!$E$4:$E$1000,"낮음",전체_필요서류리스트!$O$4:$O$1000,"진행중") -> 0 | E12: =B12-C12-D12 -> 42 | F12: =IF(B12=0,0,C12/B12) -> 0
A14: 3. 담당부서별 진행 현황
A15: 담당부서 | B15: 총 건수 | C15: 완료 | D15: 진행중 | E15: 미착수 | F15: 완료율
A16: 생산팀 | B16: =COUNTIF(전체_필요서류리스트!$J$4:$J$1000,"생산팀") -> 91 | C16: =COUNTIFS(전체_필요서류리스트!$J$4:$J$1000,"생산팀",전체_필요서류리스트!$O$4:$O$1000,"완료") -> 0 | D16: =COUNTIFS(전체_필요서류리스트!$J$4:$J$1000,"생산팀",전체_필요서류리스트!$O$4:$O$1000,"진행중") -> 0 | E16: =B16-C16-D16 -> 91 | F16: =IF(B16=0,0,C16/B16) -> 0
A17: 품질팀 | B17: =COUNTIF(전체_필요서류리스트!$J$4:$J$1000,"품질팀") -> 88 | C17: =COUNTIFS(전체_필요서류리스트!$J$4:$J$1000,"품질팀",전체_필요서류리스트!$O$4:$O$1000,"완료") -> 0 | D17: =COUNTIFS(전체_필요서류리스트!$J$4:$J$1000,"품질팀",전체_필요서류리스트!$O$4:$O$1000,"진행중") -> 0 | E17: =B17-C17-D17 -> 88 | F17: =IF(B17=0,0,C17/B17) -> 0
A18: 구매자재팀 | B18: =COUNTIF(전체_필요서류리스트!$J$4:$J$1000,"구매자재팀") -> 32 | C18: =COUNTIFS(전체_필요서류리스트!$J$4:$J$1000,"구매자재팀",전체_필요서류리스트!$O$4:$O$1000,"완료") -> 0 | D18: =COUNTIFS(전체_필요서류리스트!$J$4:$J$1000,"구매자재팀",전체_필요서류리스트!$O$4:$O$1000,"진행중") -> 0 | E18: =B18-C18-D18 -> 32 | F18: =IF(B18=0,0,C18/B18) -> 0
A19: 생산기술 | B19: =COUNTIF(전체_필요서류리스트!$J$4:$J$1000,"생산기술") -> 19 | C19: =COUNTIFS(전체_필요서류리스트!$J$4:$J$1000,"생산기술",전체_필요서류리스트!$O$4:$O$1000,"완료") -> 0 | D19: =COUNTIFS(전체_필요서류리스트!$J$4:$J$1000,"생산기술",전체_필요서류리스트!$O$4:$O$1000,"진행중") -> 0 | E19: =B19-C19-D19 -> 19 | F19: =IF(B19=0,0,C19/B19) -> 0
A20: 개발팀 | B20: =COUNTIF(전체_필요서류리스트!$J$4:$J$1000,"개발팀") -> 2 | C20: =COUNTIFS(전체_필요서류리스트!$J$4:$J$1000,"개발팀",전체_필요서류리스트!$O$4:$O$1000,"완료") -> 0 | D20: =COUNTIFS(전체_필요서류리스트!$J$4:$J$1000,"개발팀",전체_필요서류리스트!$O$4:$O$1000,"진행중") -> 0 | E20: =B20-C20-D20 -> 2 | F20: =IF(B20=0,0,C20/B20) -> 0
A21: (부서 미정) | B21: =COUNTIF(전체_필요서류리스트!$J$4:$J$1000,"(부서 미정)") -> 8 | C21: =COUNTIFS(전체_필요서류리스트!$J$4:$J$1000,"(부서 미정)",전체_필요서류리스트!$O$4:$O$1000,"완료") -> 0 | D21: =COUNTIFS(전체_필요서류리스트!$J$4:$J$1000,"(부서 미정)",전체_필요서류리스트!$O$4:$O$1000,"진행중") -> 0 | E21: =B21-C21-D21 -> 8 | F21: =IF(B21=0,0,C21/B21) -> 0
A23: 4. 월별 목표완료 일정 및 진행 현황
A24: 목표월 | B24: 배정 건수 | C24: 완료 | D24: 진행중 | E24: 미착수 | F24: 완료율
A25: 2026-09 | B25: =COUNTIF(전체_필요서류리스트!$N$4:$N$1000,"2026-09") -> 48 | C25: =COUNTIFS(전체_필요서류리스트!$N$4:$N$1000,"2026-09",전체_필요서류리스트!$O$4:$O$1000,"완료") -> 0 | D25: =COUNTIFS(전체_필요서류리스트!$N$4:$N$1000,"2026-09",전체_필요서류리스트!$O$4:$O$1000,"진행중") -> 0 | E25: =B25-C25-D25 -> 48 | F25: =IF(B25=0,0,C25/B25) -> 0
A26: 2026-10 | B26: =COUNTIF(전체_필요서류리스트!$N$4:$N$1000,"2026-10") -> 64 | C26: =COUNTIFS(전체_필요서류리스트!$N$4:$N$1000,"2026-10",전체_필요서류리스트!$O$4:$O$1000,"완료") -> 0 | D26: =COUNTIFS(전체_필요서류리스트!$N$4:$N$1000,"2026-10",전체_필요서류리스트!$O$4:$O$1000,"진행중") -> 0 | E26: =B26-C26-D26 -> 64 | F26: =IF(B26=0,0,C26/B26) -> 0
A27: 2026-11 | B27: =COUNTIF(전체_필요서류리스트!$N$4:$N$1000,"2026-11") -> 64 | C27: =COUNTIFS(전체_필요서류리스트!$N$4:$N$1000,"2026-11",전체_필요서류리스트!$O$4:$O$1000,"완료") -> 0 | D27: =COUNTIFS(전체_필요서류리스트!$N$4:$N$1000,"2026-11",전체_필요서류리스트!$O$4:$O$1000,"진행중") -> 0 | E27: =B27-C27-D27 -> 64 | F27: =IF(B27=0,0,C27/B27) -> 0
A28: 2026-12 | B28: =COUNTIF(전체_필요서류리스트!$N$4:$N$1000,"2026-12") -> 64 | C28: =COUNTIFS(전체_필요서류리스트!$N$4:$N$1000,"2026-12",전체_필요서류리스트!$O$4:$O$1000,"완료") -> 0 | D28: =COUNTIFS(전체_필요서류리스트!$N$4:$N$1000,"2026-12",전체_필요서류리스트!$O$4:$O$1000,"진행중") -> 0 | E28: =B28-C28-D28 -> 64 | F28: =IF(B28=0,0,C28/B28) -> 0
G48: 준비상태 | H48: 건수
G49: 완료 | H49: =B6 -> 0
G50: 진행중 | H50: =C6 -> 0
G51: 미착수 | H51: =D6 -> 240
G52: 해당없음 | H52: =E6 -> 0
A54: ※ 본 대시보드는 "전체_필요서류리스트" 시트의 데이터를 실시간으로 집계합니다. 각 부서 탭(D_생산팀 등)에서 "준비상태"를 미착수→진행중→완료로 갱신하면 파일을 열 때 자동으로 반영됩니다.

Sheet 요약
A1: SQ mark 심사 추진 계획 - 필요서류 정리 요약(종합)
A2: 고객사: 한온시스템(Hanon Systems) | 기준: IATF16949/ISO9001 | 작성일: 2026-09-17(Rev.2, QP/WI 본문 대조 재판정 반영) | 원본: SQ_진척율 보고 자료 한온시스템 260907.xlsx
A3: DISCLAIMER: "작성구분"/"관련 기존 문서"는 QMS_REV00 품질경영시스템 통합문서(SH-QP-001~025, SH-WI-001~030) 실제 본문과 대조한 재판정 결과입니다(2026-09-17, Rev.2). 녹색=본문상 근거 확인된 기존 연계, 노란색="기존 절차 연계 (제안 — 검토 필요)"로 표시된 항목(본문 근거가 약하거나 새로 발견된 연계 후보 — 관련 기존 문서 칸의 [재검토]/[신규 발견]/[참고] 문구 확인), 빨간색=신규 작성 필요. "FM문서번호(안)"/"목표완료월"은 규칙 기반 1차 추정치입니다. 실제 활용 가능 여부, 양식 신규 제정 여부, 일정은 반드시 담당부서·품질책임자 검토 후 확정하세요.
A5: 구분별 필요서류 현황
A6: NO | B6: 구분 | C6: 필요서류 건수 | D6: 기존 절차 연계(건) | E6: 기존 절차 연계-제안/검토필요(건) | F6: 신규 작성 필요(건) | G6: 준비상태-완료(건) | H6: 준비상태-미완료(건)
A7: 1 | B7: 1. 생산조건관리 | C7: =COUNT('C1_생산조건관리'!$A$4:$A$1000) -> 29 | D7: =COUNTIF('C1_생산조건관리'!$J$4:$J$1000,"기존 절차 연계") -> 13 | E7: =COUNTIF('C1_생산조건관리'!$J$4:$J$1000,"기존 절차 연계 (제안 — 검토 필요)") -> 9 | F7: =COUNTIF('C1_생산조건관리'!$J$4:$J$1000,"신규 작성 필요") -> 7 | G7: =COUNTIF('C1_생산조건관리'!$M$4:$M$1000,"완료") -> 0 | H7: =COUNT('C1_생산조건관리'!$A$4:$A$1000)-G7 -> 29
A8: 2 | B8: 2. 검사시험 | C8: =COUNT('C2_검사시험'!$A$4:$A$1000) -> 55 | D8: =COUNTIF('C2_검사시험'!$J$4:$J$1000,"기존 절차 연계") -> 29 | E8: =COUNTIF('C2_검사시험'!$J$4:$J$1000,"기존 절차 연계 (제안 — 검토 필요)") -> 7 | F8: =COUNTIF('C2_검사시험'!$J$4:$J$1000,"신규 작성 필요") -> 19 | G8: =COUNTIF('C2_검사시험'!$M$4:$M$1000,"완료") -> 0 | H8: =COUNT('C2_검사시험'!$A$4:$A$1000)-G8 -> 55
A9: 3 | B9: 3. 설비관리 | C9: =COUNT('C3_설비관리'!$A$4:$A$1000) -> 28 | D9: =COUNTIF('C3_설비관리'!$J$4:$J$1000,"기존 절차 연계") -> 4 | E9: =COUNTIF('C3_설비관리'!$J$4:$J$1000,"기존 절차 연계 (제안 — 검토 필요)") -> 3 | F9: =COUNTIF('C3_설비관리'!$J$4:$J$1000,"신규 작성 필요") -> 21 | G9: =COUNTIF('C3_설비관리'!$M$4:$M$1000,"완료") -> 0 | H9: =COUNT('C3_설비관리'!$A$4:$A$1000)-G9 -> 28
A10: 4 | B10: 4. 금형관리 | C10: =COUNT('C4_금형관리'!$A$4:$A$1000) -> 19 | D10: =COUNTIF('C4_금형관리'!$J$4:$J$1000,"기존 절차 연계") -> 14 | E10: =COUNTIF('C4_금형관리'!$J$4:$J$1000,"기존 절차 연계 (제안 — 검토 필요)") -> 5 | F10: =COUNTIF('C4_금형관리'!$J$4:$J$1000,"신규 작성 필요") -> 0 | G10: =COUNTIF('C4_금형관리'!$M$4:$M$1000,"완료") -> 0 | H10: =COUNT('C4_금형관리'!$A$4:$A$1000)-G10 -> 19
A11: 5 | B11: 5. 자재관리 | C11: =COUNT('C5_자재관리'!$A$4:$A$1000) -> 33 | D11: =COUNTIF('C5_자재관리'!$J$4:$J$1000,"기존 절차 연계") -> 15 | E11: =COUNTIF('C5_자재관리'!$J$4:$J$1000,"기존 절차 연계 (제안 — 검토 필요)") -> 3 | F11: =COUNTIF('C5_자재관리'!$J$4:$J$1000,"신규 작성 필요") -> 15 | G11: =COUNTIF('C5_자재관리'!$M$4:$M$1000,"완료") -> 0 | H11: =COUNT('C5_자재관리'!$A$4:$A$1000)-G11 -> 33
A12: 6 | B12: 6. 품질경영체제 | C12: =COUNT('C6_품질경영체제'!$A$4:$A$1000) -> 76 | D12: =COUNTIF('C6_품질경영체제'!$J$4:$J$1000,"기존 절차 연계") -> 20 | E12: =COUNTIF('C6_품질경영체제'!$J$4:$J$1000,"기존 절차 연계 (제안 — 검토 필요)") -> 14 | F12: =COUNTIF('C6_품질경영체제'!$J$4:$J$1000,"신규 작성 필요") -> 42 | G12: =COUNTIF('C6_품질경영체제'!$M$4:$M$1000,"완료") -> 0 | H12: =COUNT('C6_품질경영체제'!$A$4:$A$1000)-G12 -> 76
B13: 합계 | C13: =SUM(C7:C12) -> 240 | D13: =SUM(D7:D12) -> 95 | E13: =SUM(E7:E12) -> 41 | F13: =SUM(F7:F12) -> 104 | G13: =SUM(G7:G12) -> 0 | H13: =SUM(H7:H12) -> 240
A15: 담당부서별 필요서류 건수 및 우선순위 분포
A16: 담당부서 | B16: 필요서류 건수 | C16: 우선순위 높음(A) | D16: 우선순위 보통(B) | E16: 우선순위 낮음(C)
A17: 생산팀 | B17: =COUNT(D_생산팀!$A$4:$A$1000) -> 91 | C17: =COUNTIF(D_생산팀!$D$4:$D$1000,"높음") -> 8 | D17: =COUNTIF(D_생산팀!$D$4:$D$1000,"보통") -> 58 | E17: =COUNTIF(D_생산팀!$D$4:$D$1000,"낮음") -> 25
A18: 품질팀 | B18: =COUNT(D_품질팀!$A$4:$A$1000) -> 88 | C18: =COUNTIF(D_품질팀!$D$4:$D$1000,"높음") -> 13 | D18: =COUNTIF(D_품질팀!$D$4:$D$1000,"보통") -> 61 | E18: =COUNTIF(D_품질팀!$D$4:$D$1000,"낮음") -> 14
A19: 구매자재팀 | B19: =COUNT(D_구매자재팀!$A$4:$A$1000) -> 32 | C19: =COUNTIF(D_구매자재팀!$D$4:$D$1000,"높음") -> 8 | D19: =COUNTIF(D_구매자재팀!$D$4:$D$1000,"보통") -> 24 | E19: =COUNTIF(D_구매자재팀!$D$4:$D$1000,"낮음") -> 0
A20: 생산기술 | B20: =COUNT(D_생산기술!$A$4:$A$1000) -> 19 | C20: =COUNTIF(D_생산기술!$D$4:$D$1000,"높음") -> 4 | D20: =COUNTIF(D_생산기술!$D$4:$D$1000,"보통") -> 15 | E20: =COUNTIF(D_생산기술!$D$4:$D$1000,"낮음") -> 0
A21: 개발팀 | B21: =COUNT(D_개발팀!$A$4:$A$1000) -> 2 | C21: =COUNTIF(D_개발팀!$D$4:$D$1000,"높음") -> 0 | D21: =COUNTIF(D_개발팀!$D$4:$D$1000,"보통") -> 0 | E21: =COUNTIF(D_개발팀!$D$4:$D$1000,"낮음") -> 2
A22: (부서 미정) | B22: =COUNT('D_부서 미정'!$A$4:$A$1000) -> 8 | C22: =COUNTIF('D_부서 미정'!$D$4:$D$1000,"높음") -> 3 | D22: =COUNTIF('D_부서 미정'!$D$4:$D$1000,"보통") -> 4 | E22: =COUNTIF('D_부서 미정'!$D$4:$D$1000,"낮음") -> 1
A24: 월별 목표완료 배정 건수 (전체_필요서류리스트 기준)
A25: 목표월 | B25: 배정 건수
A26: 2026-09 | B26: =COUNTIF(전체_필요서류리스트!$N$4:$N$1000,A26) -> 48
A27: 2026-10 | B27: =COUNTIF(전체_필요서류리스트!$N$4:$N$1000,A27) -> 64
A28: 2026-11 | B28: =COUNTIF(전체_필요서류리스트!$N$4:$N$1000,A28) -> 64
A29: 2026-12 | B29: =COUNTIF(전체_필요서류리스트!$N$4:$N$1000,A29) -> 64

Sheet 전체_필요서류리스트
A1: SQ mark 심사 - 필요서류 전체 리스트 (구분별 통합, 우선순위/FM번호/일정 포함)
A2: 작성일: 2026-09-17(Rev.2) | 총 240건 | 준비상태는 드롭다운으로 선택
A3: DISCLAIMER: "작성구분"/"관련 기존 문서"는 QMS_REV00 품질경영시스템 통합문서(SH-QP-001~025, SH-WI-001~030) 실제 본문과 대조한 재판정 결과입니다(2026-09-17, Rev.2). 녹색=기존 절차 연계(확정), 빨간색=신규 작성 필요. ※2026-09-22: 재판정(본문대조) 결과 검토가 필요했던 41건(과거 노란색 표시)은 품질경영담당(박철호)이 담당부서 정식 회신 없이 일괄 검토·확정했습니다 — 대안 후보/신규 발견 연계를 채택해 "기존 절차 연계"로 전환(녹색), "관련 기존 문서"·"비고" 칸에 확정 근거(ratio)와 확정 일자를 기재했습니다. 이 중 4건(외관검사기준 현지어번역본, 완성품보관장소선정, 금형관리대장, 3정5행관리 기준서)은 "비고" 칸에 ⚠ 표시 — 유사도는 높으나 문서 성격이 다를 가능성이 있어 현장 실제 서식과의 대조 확인이 별도로 필요합니다. "FM문서번호"는 이번 확정으로 240건 전체가 확정 상태입니다. 다만 41건은 애초 번호가 옛 추정/신규작성 기준으로 채번되어 있어 확정된 연계절차와 번호가 어긋나 있던 것을 2026-09-22 발견, 확정된 연계절차 코드 기준("SH-FM-<연계절차코드>-<순번>")으로 재채번했습니다(해당 행 "비고"에 구번호→신번호 기록). 이 재채번은 카테고리별(C1~C6)·부서별(D_생산팀 등) 탭, "FM양식번호_초안" 시트, 공식 문서관리대장에도 동일하게 반영했습니다. "목표완료월"은 규칙 기반 1차 추정치입니다. 실제 활용 가능 여부, 양식 신규 제정 여부, 일정은 반드시 담당부서·품질책임자 검토 후 확정하세요. "배점"은 문서 단위가 아니라 "번호"(요구사항) 단위 배점입니다 — 한 요구사항에 필요서류가 여러 건이면 첫 행에만 배점을 표기하고 나머지 행은 공란입니다(전체 42개 요구사항 배점 합계 1,000점; 행별로 단순 합산하지 마세요). ※2026-09-30: 통합문서(QM-001 계열)에 회사 내부에서 "SH-" 접두사를 부여해 편집한 개정본(시행일 2026-09-23)이 확인되어, 앞으로 전 문서번호 체계를 "SH-" 접두사로 통일하기로 확정했습니다(SH-QM-001, SH-QP-001~025, SH-WI-001~030, SH-FM-XXX). 본 파일의 FM문서번호·관련 기존 문서 표기도 전부 SH- 접두사 기준으로 갱신했습니다.
A4: NO | B4: 구분 | C4: 번호 | D4: 배점(요구사항당) | E4: 우선순위 | F4: 요구사항(세부 추진 항목) | G4: 필요서류(준비서류) | H4: FM문서번호 | I4: 현장 연계 | J4: 담당부서 | K4: 담당자 | L4: 작성구분(자동추정) | M4: 관련 기존 문서(참고) | N4: 목표완료월(제안) | O4: 준비상태 | P4: 비고 | Q4: 확인결과 | R4: 확정 연계문서/FM번호 | S4: 확인자 | T4: 확인일자
A5: 1 | B5: 1. 생산조건관리 | C5: 1-1 | D5: 20 | E5: 보통 | F5: 표준류(관리계획서, 작업표준서, 설비일상점검표 등)와 실제공정 일치성 확인[관리 분담 등] | G5: P-FMEA | H5: SH-FM-QP010-01 | J5: 품질팀 | K5: 이광재 | L5: 기존 절차 연계 | M5: SH-QP-010(APQP 및 PPAP 관리 절차서); SH-WI-004(설비 일상점검 및 이상대응 표준) [참고: 본문상 명확한 근거 약함(ratio=0.28), 담당부서 확인 권장] | N5: 2026-11 | P5: ※재판정(본문대조): 본문상 명확한 근거 약함 — 담당부서 확인 권장(기존 분류 유지)
A6: 2 | B6: 1. 생산조건관리 | C6: 1-1 | E6: 보통 | F6: 고객과 협의된 검사협정서/검사기준서 기준과 실제 업무절차 일치성 | G6: 관리계획서 | H6: SH-FM-WI022-01 | J6: 품질팀 | K6: 이광재 | L6: 기존 절차 연계 | M6: SH-WI-022(변경 초기유동 및 강화검사 작업표준) [확정 2026-09-22: 기존 추정 SH-QP-010(ratio=0.34) 대비 대안 채택(ratio=0.69) — 품질경영담당 일괄판단, 부서 정식회신 생략] | N6: 2026-11 | P6: ※재판정(본문대조) 확정(2026-09-22, 품질경영담당 일괄판단 — 부서 정식회신 없이 처리): 관련 기존 문서란 참고 | FM번호 재부여(2026-09-22, 확정 연계절차 기준): SH-FM-QP010-02 → SH-FM-WI022-01 | Q6: 대안 채택 | R6: SH-WI-022(변경 초기유동 및 강화검사 작업표준) | S6: 박철호(품질경영 담당, 일괄확정) | T6: 2026-09-22
A7: 3 | B7: 1. 생산조건관리 | C7: 1-1 | E7: 보통 | F7: 공정 FMEA작성 및 주요 품질 문서 내용과 연계상태 확인 | G7: 작업표준서 | H7: SH-FM-QP010-03 | I7: 관리본 배포 | J7: 생산팀 | K7: 지성규 | L7: 기존 절차 연계 | M7: SH-QP-010(APQP 및 PPAP 관리 절차서) [참고: 본문상 명확한 근거 약함(ratio=0.11), 담당부서 확인 권장] | N7: 2026-12 | P7: ※재판정(본문대조): 본문상 명확한 근거 약함 — 담당부서 확인 권장(기존 분류 유지)
A8: 4 | B8: 1. 생산조건관리 | C8: 1-1 | E8: 보통 | F8: 주요 표준류(작업표준서 등) 현장내 게시 상태 | G8: 설비일상점검표 | H8: SH-FM-WI004-01 | I8: 관리본 배포 | J8: 생산팀 | K8: 지성규 | L8: 기존 절차 연계 | M8: SH-WI-004(설비 일상점검 및 이상대응 표준) [본문 확인 ratio=0.73] | N8: 2026-12
A9: 5 | B9: 1. 생산조건관리 | C9: 1-1 | E9: 보통 | F9: 관리계획서 및 현장내 표준류 중요공정/안전 보안공정 식별표시관리 | G9: 고객승인 검사협정 / ISIR 서류 | H9: SH-FM-QP010-04 | J9: 품질팀 | K9: 이광재 | L9: 기존 절차 연계 | M9: SH-QP-010(APQP 및 PPAP 관리 절차서); SH-QP-025(고객별 요구사항(CSR) 관리 절차서) [참고: 본문상 명확한 근거 약함(ratio=0.23), 담당부서 확인 권장] | N9: 2026-11 | P9: ※재판정(본문대조): 본문상 명확한 근거 약함 — 담당부서 확인 권장(기존 분류 유지)
A10: 6 | B10: 1. 생산조건관리 | C10: 1-2 | D10: 20 | E10: 보통 | F10: 설비 가동중단 발생시 설비점검 절차 수립 및 준수상태 | G10: 설비재가동업무 프로세스 | H10: SH-FM-QP025-01 | I10: 관리본 배포 | J10: 생산팀 | K10: 지성규 | L10: 기존 절차 연계 | M10: SH-QP-025(고객별 요구사항(CSR) 관리 절차서) [확정 2026-09-22: 기존 추정 SH-WI-016(ratio=0.20) 대비 대안 채택(ratio=0.56) — 품질경영담당 일괄판단, 부서 정식회신 생략] | N10: 2026-12 | P10: ※재판정(본문대조) 확정(2026-09-22, 품질경영담당 일괄판단 — 부서 정식회신 없이 처리): 관련 기존 문서란 참고 | FM번호 재부여(2026-09-22, 확정 연계절차 기준): SH-FM-WI016-01 → SH-FM-QP025-01 | Q10: 대안 채택 | R10: SH-QP-025(고객별 요구사항(CSR) 관리 절차서) | S10: 박철호(품질경영 담당, 일괄확정) | T10: 2026-09-22
A11: 7 | B11: 1. 생산조건관리 | C11: 1-2 | E11: 보통 | F11: ※ 계획 : 가동중단 시간별/사유별 점검절차 수립 및 이행 | G11: (계획/비계획정지 기준 명확화) | H11: SH-FM-WI020-01 | J11: (부서 미정) | L11: 기존 절차 연계 | M11: SH-WI-020(비상상황 생산복구 표준); SH-WI-025(품질이상 정지·보고·재가동 표준) [참고: 본문상 명확한 근거 약함(ratio=0.28), 담당부서 확인 권장] | N11: 2026-12 | P11: ※재판정(본문대조): 본문상 명확한 근거 약함 — 담당부서 확인 권장(기존 분류 유지)
A12: 8 | B12: 1. 생산조건관리 | C12: 1-2 | E12: 보통 | F12: 비계획 : 이상발생 가동중단 발생시 설비 점검 지침, 생산중인 제품에 대한 품질보증 업무절차 수립 및 이행 | G12: 설비가동중단 LIST (설비이력카드 연계) | H12: SH-FM-WI016-02 | I12: 관리본 배포 | J12: 생산팀 | L12: 기존 절차 연계 | M12: SH-WI-016(예방보전 및 설비점검 표준); SH-WI-020(비상상황 생산복구 표준) [참고: 본문상 명확한 근거 약함(ratio=0.09), 담당부서 확인 권장] | N12: 2026-12 | P12: ※재판정(본문대조): 본문상 명확한 근거 약함 — 담당부서 확인 권장(기존 분류 유지)
A13: 9 | B13: 1. 생산조건관리 | C13: 1-2 | E13: 보통 | F13: 재가동후 초도생산품에 대한 중요품질특성부 품질검증 결과 기록관리여부 | G13: 재가동 초품 검사 체크시트 | H13: SH-FM-WI020-02 | I13: 관리본 배포 | J13: 품질팀 | K13: 이광재 | L13: 기존 절차 연계 | M13: SH-WI-020(비상상황 생산복구 작업표준) [확정 2026-09-22: 기존 추정 SH-QP-003(ratio=0.05) 대비 대안 채택(ratio=0.79) — 품질경영담당 일괄판단, 부서 정식회신 생략] | N13: 2026-11 | P13: ※재판정(본문대조) 확정(2026-09-22, 품질경영담당 일괄판단 — 부서 정식회신 없이 처리): 관련 기존 문서란 참고 | FM번호 재부여(2026-09-22, 확정 연계절차 기준): SH-FM-QP003-01 → SH-FM-WI020-02 | Q13: 대안 채택 | R13: SH-WI-020(비상상황 생산복구 작업표준) | S13: 박철호(품질경영 담당, 일괄확정) | T13: 2026-09-22
A14: 10 | B14: 1. 생산조건관리 | C14: 1-2 | E14: 보통 | F14: 비계획 가동중단 발생시 전/후 생산제품에 대한 LOT 구분 관리방안 수립 및 식별관리 실시 | G14: 재가동 초도생산품 LOT식별관리 기준서 | H14: SH-FM-QP018-01 | J14: 생산팀 | K14: 지성규 | L14: 기존 절차 연계 | M14: SH-QP-018(식별 및 추적성 관리 절차서); SH-WI-005(제품 식별·LOT 추적 및 출하 표준) [참고: 본문상 명확한 근거 약함(ratio=0.14), 담당부서 확인 권장] | N14: 2026-12 | P14: ※재판정(본문대조): 본문상 명확한 근거 약함 — 담당부서 확인 권장(기존 분류 유지)
A15: 11 | B15: 1. 생산조건관리 | C15: 1-3 | D15: 10 | E15: 낮음 | F15: 작업표준서, 설비일상점검 기준표, 작업일보 등 외국인 배치공정 표준류 현지어 번역 게시상태 | G15: 작업표준서 현지어번역본 | H15: SH-FM-WI004-02 | I15: 관리본 배포 | J15: 생산팀 | K15: 지성규 | L15: 기존 절차 연계 | M15: SH-WI-004(설비 일상점검 및 이상대응 표준) [본문 확인 ratio=0.43] | N15: 2026-12
A16: 12 | B16: 1. 생산조건관리 | C16: 1-3 | E16: 낮음 | F16: : 부적합 처리절차 및 중요 품질문제 개선 사례등 품질의식 강화목적 표준류 번역 게시 (추가 관리시 우수) | G16: 설비일상점검표 현지어 번역본 | H16: SH-FM-WI004-03 | I16: 관리본 배포 | J16: 생산팀 | L16: 기존 절차 연계 | M16: SH-WI-004(설비 일상점검 및 이상대응 표준) [본문 확인 ratio=0.64] | N16: 2026-12
A17: 13 | B17: 1. 생산조건관리 | C17: 1-3 | E17: 낮음 | F17: ※ 해당공정 외국인작업자 주요 표준류 교육 및 내용 숙지 시 현지어 번역게시 불필요(현장확인 필요) | G17: 작업일보 현지어 번역본 | H17: SH-FM-PRD-N01 | I17: 관리본 배포 | J17: 생산팀 | L17: 신규 작성 필요 | N17: 2026-10
A18: 14 | B18: 1. 생산조건관리 | C18: 1-3 | E18: 낮음 | G18: 부적합처리기준 현지어번역본 | H18: SH-FM-QP014-01 | I18: 관리본 배포 | J18: 품질팀 | K18: 이광재 | L18: 기존 절차 연계 | M18: SH-QP-014(부적합품 및 재작업 관리 절차서) [확정 2026-09-22: 신규 발견 연계 채택(ratio=0.72) — 품질경영담당 일괄판단, 부서 정식회신 생략] | N18: 2026-10 | P18: ※재판정(본문대조) 확정(2026-09-22, 품질경영담당 일괄판단 — 부서 정식회신 없이 처리): 관련 기존 문서란 참고 | FM번호 재부여(2026-09-22, 확정 연계절차 기준): SH-FM-PRD-N02 → SH-FM-QP014-01 | Q18: 대안 채택 | R18: SH-QP-014(부적합품 및 재작업 관리 절차서) | S18: 박철호(품질경영 담당, 일괄확정) | T18: 2026-09-22
A19: 15 | B19: 1. 생산조건관리 | C19: 1-3 | E19: 낮음 | G19: 외관검사기준 현지어번역본 | H19: SH-FM-WI030-01 | I19: 관리본 배포 | J19: 품질팀 | L19: 기존 절차 연계 | M19: SH-WI-030(고객감사·인증심사 현장대응 표준) [확정 2026-09-22: 신규 발견 연계 채택(ratio=1.00) — 품질경영담당 일괄판단, 부서 정식회신 생략] | N19: 2026-10 | P19: ※재판정(본문대조) 확정(2026-09-22, 품질경영담당 일괄판단 — 부서 정식회신 없이 처리): 관련 기존 문서란 참고 ⚠현장 실제 서식과 반드시 대조 확인 필요(철호님 직접 확인 권장) | FM번호 재부여(2026-09-22, 확정 연계절차 기준): SH-FM-PRD-N03 → SH-FM-WI030-01 | Q19: 대안 채택 | R19: SH-WI-030(고객감사·인증심사 현장대응 표준) | S19: 박철호(품질경영 담당, 일괄확정) | T19: 2026-09-22
A20: 16 | B20: 1. 생산조건관리 | C20: 1-4 | D20: 20 | E20: 보통 | F20: 품질관리 취약 시간대 관리기준 수립 및 관리상태 | G20: 품질취약시간관리기준서 | H20: SH-FM-PRD-N04 | J20: 생산팀 | K20: 지성규 | L20: 신규 작성 필요 | N20: 2026-10
A21: 17 | B21: 1. 생산조건관리 | C21: 1-4 | E21: 보통 | F21: 주간/야간 작업전 일상점검, 자주검사 및 순회검사 관리기준 수립 및 관리상태 | G21: 비상연락망 | H21: SH-FM-QP020-01 | J21: 생산팀 | L21: 기존 절차 연계 | M21: SH-QP-020(비상계획 및 공급연속성 절차서) [본문 확인 ratio=0.48] | N21: 2026-12
A22: 18 | B22: 1. 생산조건관리 | C22: 1-4 | E22: 보통 | F22: 주간/야간 교대 시 공정 Issue 사항 전달 여부 | G22: 주야간업무 인수인계서 | H22: SH-FM-WI015-01 | I22: 관리본 배포 | J22: 생산팀 | L22: 기존 절차 연계 | M22: SH-WI-015(작업자 표준작업 및 교대인수인계 표준) [본문 확인 ratio=0.83] | N22: 2026-12
A23: 19 | B23: 1. 생산조건관리 | C23: 1-4 | E23: 보통 | F23: ※ 초/종품 검사는 필수, 중품은 선택사항으로 자율적 기준 수립필요, 중품검사 미진행도 가능, | G23: 야간설비일상점검표 | H23: SH-FM-WI004-06 | I23: 관리본 배포 | J23: 생산팀 | L23: 기존 절차 연계 | M23: SH-WI-004(설비 일상점검 및 이상대응 표준) [확정 2026-09-22: 기존 추정 SH-WI-001(ratio=0.17) 대비 대안 채택(ratio=0.73) — 품질경영담당 일괄판단, 부서 정식회신 생략] | N23: 2026-12 | P23: ※재판정(본문대조) 확정(2026-09-22, 품질경영담당 일괄판단 — 부서 정식회신 없이 처리): 관련 기존 문서란 참고 | FM번호 재부여(2026-09-22, 확정 연계절차 기준): SH-FM-WI001-01 → SH-FM-WI004-06 | Q23: 대안 채택 | R23: SH-WI-004(설비 일상점검 및 이상대응 표준) | S23: 박철호(품질경영 담당, 일괄확정) | T23: 2026-09-22
A24: 20 | B24: 1. 생산조건관리 | C24: 1-4 | E24: 보통 | F24: 단, 생산LOT가 장기적일경우 최소 1회/shift검사 진행 필요 | G24: 야간생산품 식별격리절차 | H24: SH-FM-WI003-01 | J24: 품질팀 | K24: 이광재 | L24: 기존 절차 연계 | M24: SH-WI-003(부적합품 식별·격리 및 재작업 표준) [참고: 본문상 명확한 근거 약함(ratio=0.24), 담당부서 확인 권장] | N24: 2026-11 | P24: ※재판정(본문대조): 본문상 명확한 근거 약함 — 담당부서 확인 권장(기존 분류 유지)
A25: 21 | B25: 1. 생산조건관리 | C25: 1-4 | E25: 보통 | F25: ※ 인원 부족으로 야간 검사요원 미 투입 시 야간 생산품 검증 프로세스 수립 | G25: 야간생산품 검사일지 | H25: SH-FM-PRD-N05 | J25: 품질팀 | L25: 신규 작성 필요 | N25: 2026-09
A26: 22 | B26: 1. 생산조건관리 | C26: 1-5 | D26: 70 | E26: 높음 | F26: ▣ CO2 용접 ▷ 주요조건 (전류.전압.속도.가스유량) 기준수립 및 현장 관리 상태 비교검증 실시. - 전류.전압.가스 표준조건 대비 게이지 현재값 일상 체크 및 기록관리 - 전류.전압 게이지 현재값 실측 검증 (측정주기 자체설정. 단 주기설정 근거보관 필요) - 로봇 용접 프로그램 백업 관리 (궤적.티칭각도 등) ▣ 스폿 용접 ▷ 주요조건(가압력.전류.통전시간) 기준수립 및 표준 대비, 현장 관리 상태 비교검증 실시. - 가압력,전류.통전시간등 표준조건 대비 게이지 현재값 일상 체크 및 기록관리 - 가압력 점검 (가압력계) - (측정주기 자체설정. 단 주기설정 근거보관 필요) - 전류. 통전시간 점검 (웰드체카) - (측정주기 자체설정. 단 주기설정 근거보관 필요) | G26: 작업표준서 OR 작업조건표 | H26: SH-FM-QP003-02 | I26: 관리본 배포 | J26: 생산팀 | K26: 지성규 | L26: 기존 절차 연계 | M26: SH-QP-003(기록관리 절차서); SH-WI-011(공정조건 설정 및 변경관리 표준) [참고: 본문상 명확한 근거 약함(ratio=0.15), 담당부서 확인 권장] | N26: 2026-11 | P26: ※재판정(본문대조): 본문상 명확한 근거 약함 — 담당부서 확인 권장(기존 분류 유지)
A27: 23 | B27: 1. 생산조건관리 | C27: 1-5 | E27: 높음 | G27: 작업일보 | H27: SH-FM-PRD-N06 | I27: 관리본 배포 | J27: 생산팀 | L27: 신규 작성 필요 | N27: 2026-09
A28: 24 | B28: 1. 생산조건관리 | C28: 1-5 | E28: 높음 | G28: (작업일보내작업조건필히기록) | H28: SH-FM-WI001-01 | J28: (부서 미정) | L28: 기존 절차 연계 | M28: SH-WI-001(생산 작업준비 및 초품확인 표준) [확정 2026-09-22: 신규 발견 연계 채택(ratio=0.72) — 품질경영담당 일괄판단, 부서 정식회신 생략] | N28: 2026-09 | P28: ※재판정(본문대조) 확정(2026-09-22, 품질경영담당 일괄판단 — 부서 정식회신 없이 처리): 관련 기존 문서란 참고 | FM번호 재부여(2026-09-22, 확정 연계절차 기준): SH-FM-PRD-N07 → SH-FM-WI001-01 | Q28: 대안 채택 | R28: SH-WI-001(생산 작업준비 및 초품확인 표준) | S28: 박철호(품질경영 담당, 일괄확정) | T28: 2026-09-22
A29: 25 | B29: 1. 생산조건관리 | C29: 1-5 | E29: 높음 | G29: 로봇용접프로그램백업관리기준서 | H29: SH-FM-QP003-05 | I29: 관리본 배포 | J29: 생산기술 | K29: 황지환 | L29: 기존 절차 연계 | M29: SH-QP-003(기록관리 절차서) [확정 2026-09-22: 신규 발견 연계 채택(ratio=0.59) — 품질경영담당 일괄판단, 부서 정식회신 생략] | N29: 2026-09 | P29: ※재판정(본문대조) 확정(2026-09-22, 품질경영담당 일괄판단 — 부서 정식회신 없이 처리): 관련 기존 문서란 참고 | FM번호 재부여(2026-09-22, 확정 연계절차 기준): SH-FM-PRD-N08 → SH-FM-QP003-05 | Q29: 대안 채택 | R29: SH-QP-003(기록관리 절차서) | S29: 박철호(품질경영 담당, 일괄확정) | T29: 2026-09-22
A30: 26 | B30: 1. 생산조건관리 | C30: 1-5 | E30: 높음 | G30: 로봇용접프로그램백업관리실적 | H30: SH-FM-QP003-06 | I30: 관리본 배포 | J30: 생산기술 | L30: 기존 절차 연계 | M30: SH-QP-003(기록관리 절차서) [확정 2026-09-22: 신규 발견 연계 채택(ratio=0.82) — 품질경영담당 일괄판단, 부서 정식회신 생략] | N30: 2026-09 | P30: ※재판정(본문대조) 확정(2026-09-22, 품질경영담당 일괄판단 — 부서 정식회신 없이 처리): 관련 기존 문서란 참고 | FM번호 재부여(2026-09-22, 확정 연계절차 기준): SH-FM-PRD-N09 → SH-FM-QP003-06 | Q30: 대안 채택 | R30: SH-QP-003(기록관리 절차서) | S30: 박철호(품질경영 담당, 일괄확정) | T30: 2026-09-22
A31: 27 | B31: 1. 생산조건관리 | C31: 1-5 | E31: 높음 | G31: 용접조건 검증체크시트 | H31: SH-FM-PRD-N10 | J31: 생산기술 | L31: 신규 작성 필요 | N31: 2026-09
A32: 28 | B32: 1. 생산조건관리 | C32: 1-5 | E32: 높음 | G32: 스폿용접전류/가압력 관리기준서 | H32: SH-FM-PRD-N11 | J32: (부서 미정) | L32: 신규 작성 필요 | N32: 2026-09
A33: 29 | B33: 1. 생산조건관리 | C33: 1-5 | E33: 높음 | G33: 스폿용접전류/가압력 관리실적(1회/월) | H33: SH-FM-PRD-N12 | J33: 생산기술 | K33: 황지환 | L33: 신규 작성 필요 | N33: 2026-09
A34: 30 | B34: 2. 검사시험 | C34: 2-1 | D34: 40 | E34: 높음 | F34: 검사협정서/기준서 체결상태 | G34: 원자재 검사협정서 OR 검사기준서 | H34: SH-FM-QP013-01 | J34: 구매자재팀 | K34: 이은주 박철호 | L34: 기존 절차 연계 | M34: SH-QP-013(검사 및 시험관리 절차서) [본문 확인 ratio=0.46] | N34: 2026-10
A35: 31 | B35: 2. 검사시험 | C35: 2-1 | E35: 높음 | F35: (사급품은 1차 협력사가 체결한 검사협정서 사본 접수 및 동일 시료/주기로 검사 실시 필요) | G35: 원자재 입고 LIST | H35: SH-FM-WI009-01 | J35: 구매자재팀 | L35: 기존 절차 연계 | M35: SH-WI-009(자재 입고·보관·불출 관리 표준) [본문 확인 ratio=0.42] | N35: 2026-10
A36: 32 | B36: 2. 검사시험 | C36: 2-1 | E36: 높음 | F36: → 검사협정 체결이 어려울 시 검사기준서 수립으로 대체 (예: 대기업 공급 원재료,도금업종 등) | G36: 원자재수입검사 기준서 | H36: SH-FM-QP013-02 | I36: 관리본 배포 | J36: 구매자재팀 | L36: 기존 절차 연계 | M36: SH-QP-013(검사 및 시험관리 절차서) [본문 확인 ratio=0.68] | N36: 2026-11
A37: 33 | B37: 2. 검사시험 | C37: 2-1 | E37: 높음 | F37: 외주품 입고 시 외주사 출하성적서 접수 및 수입검사 실측값 비교검증 여부 | G37: 원자재수입검사 일지 | H37: SH-FM-QP013-10 | J37: 구매자재팀 | L37: 기존 절차 연계 | M37: SH-QP-013(검사 및 시험관리 절차서) [확정 2026-09-22: 신규 발견 연계 채택(ratio=0.91) — 품질경영담당 일괄판단, 부서 정식회신 생략] | N37: 2026-09 | P37: ※재판정(본문대조) 확정(2026-09-22, 품질경영담당 일괄판단 — 부서 정식회신 없이 처리): 관련 기존 문서란 참고 | FM번호 재부여(2026-09-22, 확정 연계절차 기준): SH-FM-INS-N01 → SH-FM-QP013-10 | Q37: 대안 채택 | R37: SH-QP-013(검사 및 시험관리 절차서) | S37: 박철호(품질경영 담당, 일괄확정) | T37: 2026-09-22
A38: 34 | B38: 2. 검사시험 | C38: 2-1 | E38: 높음 | F38: 원재료 M/SHEET 접수 시 물성 및 화학조성비 합/부 판단기준 명확화 수립 | G38: 원자재 M/SHEET (입고LOT별 접수) | H38: SH-FM-WI029-02 | J38: 구매자재팀 | L38: 기존 절차 연계 | M38: SH-WI-029(공급자 변경품 및 초도품 확인표준) [확정 2026-09-22: 신규 발견 연계 채택(ratio=0.64) — 품질경영담당 일괄판단, 부서 정식회신 생략] | N38: 2026-09 | P38: ※재판정(본문대조) 확정(2026-09-22, 품질경영담당 일괄판단 — 부서 정식회신 없이 처리): 관련 기존 문서란 참고 | FM번호 재부여(2026-09-22, 확정 연계절차 기준): SH-FM-INS-N02 → SH-FM-WI029-02 | Q38: 대안 채택 | R38: SH-WI-029(공급자 변경품 및 초도품 확인표준) | S38: 박철호(품질경영 담당, 일괄확정) | T38: 2026-09-22
A39: 35 | B39: 2. 검사시험 | C39: 2-1 | E39: 높음 | F39: 입고 LOT와 출하검사 성적서내 LOT 일치성 확보여부(원소재의 경우 M/SHEET내 검사시료 LOT 일치성) | G39: 원자재 규격별 물성및 화학조성비 기준서 | H39: SH-FM-WI027-01 | I39: 관리본 배포 | J39: 구매자재팀 | L39: 기존 절차 연계 | M39: SH-WI-027(검사성적서 및 품질기록 작성 표준) [참고: 본문상 명확한 근거 약함(ratio=0.22), 담당부서 확인 권장] | N39: 2026-11 | P39: ※재판정(본문대조): 본문상 명확한 근거 약함 — 담당부서 확인 권장(기존 분류 유지)
A40: 36 | B40: 2. 검사시험 | C40: 2-1 | E40: 높음 | F40: 검사협정서/기준서에 준한 일상검사/정기검사 실시상태 | G40: 원자재 중금속검사 성적서 | H40: SH-FM-WI027-02 | J40: 구매자재팀 | L40: 기존 절차 연계 | M40: SH-WI-027(검사성적서 및 품질기록 작성표준) [본문 확인 ratio=0.80] | N40: 2026-11
A41: 37 | B41: 2. 검사시험 | C41: 2-1 | E41: 높음 | F41: (원소재) 도금처리된 원소재 판넬 : 도금 부착력 검사 (180˚밴딩후 크랙, 박리여부), 도금두께(3point), | G41: 원자재식별표 | H41: SH-FM-INS-N03 | I41: 관리본 배포 | J41: 구매자재팀 | L41: 신규 작성 필요 | N41: 2026-09
A42: 38 | B42: 2. 검사시험 | C42: 2-2 | D42: 30 | E42: 보통 | F42: 외주품 입고시 수입검사 마스터 관리 대장 작성을 통한 검사 누락 예방 | G42: 외주품 수입검사기준서 | H42: SH-FM-QP013-03 | J42: 품질팀 | K42: 김명용 | L42: 기존 절차 연계 | M42: SH-QP-013(검사 및 시험관리 절차서) [본문 확인 ratio=0.81] | N42: 2026-11
A43: 39 | B43: 2. 검사시험 | C43: 2-2 | E43: 보통 | F43: 수입검사 실시 전 외주품/원재료 입고처리 안되도록 업무 프로세스 수립 | G43: 외주품입고식별표 | H43: SH-FM-INS-N04 | I43: 관리본 배포 | J43: 구매자재팀 | K43: 이은주 | L43: 신규 작성 필요 | N43: 2026-09
A44: 40 | B44: 2. 검사시험 | C44: 2-2 | E44: 보통 | G44: 외주품 부적합처리기준서 | H44: SH-FM-INS-N05 | I44: 관리본 배포 | J44: 품질팀 | K44: 김명용 | L44: 신규 작성 필요 | N44: 2026-09
A45: 41 | B45: 2. 검사시험 | C45: 2-2 | E45: 보통 | G45: 외주품 검사협정서 | H45: SH-FM-INS-N06 | J45: 품질팀 | K45: 이광재 | L45: 신규 작성 필요 | N45: 2026-09
A46: 42 | B46: 2. 검사시험 | C46: 2-2 | E46: 보통 | G46: 외주품 검사기준서 | H46: SH-FM-QP013-04 | J46: 품질팀 | K46: 김명용 | L46: 기존 절차 연계 | M46: SH-QP-013(검사 및 시험관리 절차서) [본문 확인 ratio=0.55] | N46: 2026-11
A47: 43 | B47: 2. 검사시험 | C47: 2-3 | D47: 20 | E47: 보통 | F47: 외주품/완제품 외관 합/부 판별용 한도견본 운영 | G47: 한도견본 관리대장(외주품/완성품) | H47: SH-FM-INS-N07 | J47: 품질팀 | K47: 김명용 | L47: 신규 작성 필요 | N47: 2026-09
A48: 44 | B48: 2. 검사시험 | C48: 2-3 | E48: 보통 | F48: 한도견본의 변색, 변형, 녹 발생 등으로 실제 견본품 운영이 어려울 경우 외관검사기준서로 대체 가능 | G48: 한도견본 식별표 | H48: SH-FM-WI001-02 | I48: 관리본 배포 | J48: 품질팀 | K48: 김명용 | L48: 기존 절차 연계 | M48: SH-WI-001(생산 작업준비 및 초품확인 표준) [확정 2026-09-22: 기존 추정 SH-QP-013(ratio=0.10) 대비 대안 채택(ratio=0.62) — 품질경영담당 일괄판단, 부서 정식회신 생략] | N48: 2026-11 | P48: ※재판정(본문대조) 확정(2026-09-22, 품질경영담당 일괄판단 — 부서 정식회신 없이 처리): 관련 기존 문서란 참고 | FM번호 재부여(2026-09-22, 확정 연계절차 기준): SH-FM-QP013-05 → SH-FM-WI001-02 | Q48: 대안 채택 | R48: SH-WI-001(생산 작업준비 및 초품확인 표준) | S48: 박철호(품질경영 담당, 일괄확정) | T48: 2026-09-22
A49: 45 | B49: 2. 검사시험 | C49: 2-3 | E49: 보통 | F49: 검사기 신뢰도 확인을 위한 양/불 마스터 설정기준 및 관리상태 | G49: 한도견본 샘플보관대 및 샘플 | H49: SH-FM-INS-N08 | I49: 관리본 배포 | J49: 생산팀 | K49: 지성규 | L49: 신규 작성 필요 | N49: 2026-10
A50: 46 | B50: 2. 검사시험 | C50: 2-3 | E50: 보통 | F50: 외관검사 지정항목 (버, 찍힘, 스크래치, 밴딩, 뒤틀림, 오염, 변색, 얼룩, 이물질) 수치적 한도설정, | G50: 외관검사기준서 | H50: SH-FM-QP013-06 | I50: 관리본 배포 | J50: 품질팀 | K50: 김명용 | L50: 기존 절차 연계 | M50: SH-QP-013(검사 및 시험관리 절차서) [참고: 본문상 명확한 근거 약함(ratio=0.29), 담당부서 확인 권장] | N50: 2026-11 | P50: ※재판정(본문대조): 본문상 명확한 근거 약함 — 담당부서 확인 권장(기존 분류 유지)
A51: 47 | B51: 2. 검사시험 | C51: 2-4 | D51: 30 | E51: 보통 | F51: 정기 시험 성적서 신뢰도 확보 | G51: 정기검사계획대실적(치수/용접) | H51: SH-FM-INS-N09 | J51: 품질팀 | K51: 이광재 | L51: 신규 작성 필요 | N51: 2026-09
A52: 48 | B52: 2. 검사시험 | C52: 2-4 | E52: 보통 | F52: (성적서 시험 전/후 사진 첨부, 사진內 시험 날짜표시, 계측기 전산 연동시 원본데이터 저장관리 등) | G52: 정기검사성적서(치수/용접) | H52: SH-FM-WI027-03 | J52: 품질팀 | K52: 이광재 | L52: 기존 절차 연계 | M52: SH-WI-027(검사성적서 및 품질기록 작성표준) [확정 2026-09-22: 기존 추정 SH-WI-006(ratio=0.02) 대비 대안 채택(ratio=0.66) — 품질경영담당 일괄판단, 부서 정식회신 생략] | N52: 2026-11 | P52: ※재판정(본문대조) 확정(2026-09-22, 품질경영담당 일괄판단 — 부서 정식회신 없이 처리): 관련 기존 문서란 참고 | FM번호 재부여(2026-09-22, 확정 연계절차 기준): SH-FM-WI006-01 → SH-FM-WI027-03 | Q52: 대안 채택 | R52: SH-WI-027(검사성적서 및 품질기록 작성표준) | S52: 박철호(품질경영 담당, 일괄확정) | T52: 2026-09-22
A53: 49 | B53: 2. 검사시험 | C53: 2-4 | E53: 보통 | F53: 환경규제(중금속) 정기시험 실시상태 : 검사협정 체결기준 시험결과 증빙관리 상태 | G53: 중금속 정기검사 계획대실적 | H53: SH-FM-INS-N10 | J53: 구매자재팀 | K53: 이은주 | L53: 신규 작성 필요 | N53: 2026-09
A54: 50 | B54: 2. 검사시험 | C54: 2-4 | E54: 보통 | F54: (시험장비 보유시 자체 성적서 인정, 미보유시 1차사 또는 공인기관 의뢰 가능) | G54: 중금속 성적서 | H54: SH-FM-INS-N11 | J54: 구매자재팀 | K54: 이은주 | L54: 신규 작성 필요 | N54: 2026-09
A55: 51 | B55: 2. 검사시험 | C55: 2-5 | D55: 20 | E55: 보통 | F55: 검사협정 체결기준 시험항목 자체시험 가능한 계측장비 보유상태 (정기 신뢰성 항목별 계측기 지정 및 준수필요) | G55: 계측기관리대장 | H55: SH-FM-QP008-01 | J55: 품질팀 | K55: 김명용 | L55: 기존 절차 연계 | M55: SH-QP-008(모니터링 및 측정자원 관리 절차서) [본문 확인 ratio=0.63] | N55: 2026-11
A56: 52 | B56: 2. 검사시험 | C56: 2-5 | E56: 보통 | F56: ※ 고가 계측기 등 자체검증 불가능 시험 항목의 경우 1차 협력사 또는 공인기관시험 인정 | G56: 계측기이력카드 | H56: SH-FM-WI006-02 | J56: 품질팀 | K56: 김명용 | L56: 기존 절차 연계 | M56: SH-WI-006(계측기 사용 및 일상점검 표준) [참고: 본문상 명확한 근거 약함(ratio=0.12), 담당부서 확인 권장] | N56: 2026-11 | P56: ※재판정(본문대조): 본문상 명확한 근거 약함 — 담당부서 확인 권장(기존 분류 유지)
A57: 53 | B57: 2. 검사시험 | C57: 2-5 | E57: 보통 | F57: (예 : 3차원 측정기, 성분분석기 등)되나 시험결과 접수 및 이상발생 여부 검토 필요 | G57: 계측기검교정 계획대실적표 | H57: SH-FM-WI006-03 | J57: 품질팀 | K57: 김명용 | L57: 기존 절차 연계 | M57: SH-WI-006(계측기 사용 및 일상점검 표준) [참고: 본문상 명확한 근거 약함(ratio=0.12), 담당부서 확인 권장] | N57: 2026-12 | P57: ※재판정(본문대조): 본문상 명확한 근거 약함 — 담당부서 확인 권장(기존 분류 유지)
A58: 54 | B58: 2. 검사시험 | C58: 2-5 | E58: 보통 | F58: 계측기 검교정 계획 대비 실적관리 상태 (계측기 검교정 성적서/테그 관리) | G58: 계측기검교정 성적서 | H58: SH-FM-WI006-04 | J58: 품질팀 | K58: 김명용 | L58: 기존 절차 연계 | M58: SH-WI-006(계측기 사용 및 일상점검 표준) [참고: 본문상 명확한 근거 약함(ratio=0.22), 담당부서 확인 권장] | N58: 2026-12 | P58: ※재판정(본문대조): 본문상 명확한 근거 약함 — 담당부서 확인 권장(기존 분류 유지)
A59: 55 | B59: 2. 검사시험 | C59: 2-5 | E59: 보통 | G59: 계측기보관함 위치지정및 레이아웃 주소화 | H59: SH-FM-WI006-05 | J59: 품질팀 | K59: 김명용 | L59: 기존 절차 연계 | M59: SH-WI-006(계측기 사용 및 일상점검 표준) [참고: 본문상 명확한 근거 약함(ratio=0.22), 담당부서 확인 권장] | N59: 2026-12 | P59: ※재판정(본문대조): 본문상 명확한 근거 약함 — 담당부서 확인 권장(기존 분류 유지)
A60: 56 | B60: 2. 검사시험 | C60: 2-5 | E60: 보통 | F60: 주요 검사구 유효성 확보여부 점검결과 | G60: 검사구관리대장 | H60: SH-FM-WI007-01 | J60: 품질팀 | K60: 김주태 | L60: 기존 절차 연계 | M60: SH-WI-007(검사구 및 Gauge R&R 수행 표준) [참고: 본문상 명확한 근거 약함(ratio=0.13), 담당부서 확인 권장] | N60: 2026-12 | P60: ※재판정(본문대조): 본문상 명확한 근거 약함 — 담당부서 확인 권장(기존 분류 유지)
A61: 57 | B61: 2. 검사시험 | C61: 2-5 | E61: 보통 | F61: [정밀프레스] 자주검사用 정밀 측정장비 필수보유 | G61: 검사구이력카드 | H61: SH-FM-WI002-01 | J61: 품질팀 | K61: 김주태 | L61: 기존 절차 연계 | M61: SH-WI-002(공정검사 및 특수특성 관리 표준); SH-WI-007(검사구 및 Gauge R&R 수행 표준) [참고: 본문상 명확한 근거 약함(ratio=0.00), 담당부서 확인 권장] | N61: 2026-12 | P61: ※재판정(본문대조): 본문상 명확한 근거 약함 — 담당부서 확인 권장(기존 분류 유지)
A62: 58 | B62: 2. 검사시험 | C62: 2-5 | E62: 보통 | F62: → 필수 측정장비는 검사항목별 상이: 공구현미경, 비접촉시 3차원 측정기, 투영기, X-Ray 측정기 | G62: 검사구정기점검 계획대실적표 | H62: SH-FM-WI007-02 | J62: 품질팀 | K62: 김주태 | L62: 기존 절차 연계 | M62: SH-WI-007(검사구 및 Gauge R&R 수행 표준) [참고: 본문상 명확한 근거 약함(ratio=0.14), 담당부서 확인 권장] | N62: 2026-12 | P62: ※재판정(본문대조): 본문상 명확한 근거 약함 — 담당부서 확인 권장(기존 분류 유지)
A63: 59 | B63: 2. 검사시험 | C63: 2-5 | E63: 보통 | F63: (내부 단면검사, 단자 & 터미널 필수)등 | G63: 검사구점검체크시트 | H63: SH-FM-WI007-03 | J63: 품질팀 | K63: 김주태 | L63: 기존 절차 연계 | M63: SH-WI-007(검사구 및 Gauge R&R 수행 표준) [본문 확인 ratio=0.81] | N63: 2026-12
A64: 60 | B64: 2. 검사시험 | C64: 2-5 | E64: 보통 | F64: 비전 전수검사장비 유효성 검사 : 시업전 OK, NG마스터를 활용한 검출 유효성 점검후 생산 | G64: 검사구보관 lay-out | H64: SH-FM-WI007-04 | I64: 관리본 배포 | J64: 품질팀 | K64: 김주태 | L64: 기존 절차 연계 | M64: SH-WI-007(검사구 및 Gauge R&R 수행 표준) [참고: 본문상 명확한 근거 약함(ratio=0.22), 담당부서 확인 권장] | N64: 2026-12 | P64: ※재판정(본문대조): 본문상 명확한 근거 약함 — 담당부서 확인 권장(기존 분류 유지)
A65: 61 | B65: 2. 검사시험 | C65: 2-5 | E65: 보통 | F65: (정기적 반복측정 게이지 R&R진행) | G65: 검사구 식별표 | H65: SH-FM-WI007-05 | I65: 관리본 배포 | J65: 품질팀 | K65: 김주태 | L65: 기존 절차 연계 | M65: SH-WI-007(검사구 및 Gauge R&R 수행 표준) [본문 확인 ratio=0.56] | N65: 2026-12
A66: 62 | B66: 2. 검사시험 | C66: 2-6 | D66: 20 | E66: 보통 | F66: 계측기 운영 기준별 R&R 평가 계획 수립 | G66: 계측기 GAGE R&R 계획대실적표 | H66: SH-FM-WI006-06 | J66: 품질팀 | K66: 김명용 | L66: 기존 절차 연계 | M66: SH-WI-006(계측기 사용 및 일상점검 표준) [참고: 본문상 명확한 근거 약함(ratio=0.18), 담당부서 확인 권장] | N66: 2026-12 | P66: ※재판정(본문대조): 본문상 명확한 근거 약함 — 담당부서 확인 권장(기존 분류 유지)
A67: 63 | B67: 2. 검사시험 | C67: 2-6 | E67: 보통 | F67: (자체제작 전용 계측기는 필히 실시할 것. V/C등 범용 계측기의 경우 별도 계측기별 R&R 평가 불필요) | G67: 계측기 GAGE R&R 실시실적 | H67: SH-FM-WI006-07 | J67: 품질팀 | K67: 김명용 | L67: 기존 절차 연계 | M67: SH-WI-006(계측기 사용 및 일상점검 표준) [본문 확인 ratio=0.43] | N67: 2026-12
A68: 64 | B68: 2. 검사시험 | C68: 2-6 | E68: 보통 | F68: 계측 장비별 실제 사용인력(작업자/검사원) 계량형 R&R 검증 진행 및 R&R 10% 이하관리 필요 | G68: 계측기 사용자 등록현황 | H68: SH-FM-WI006-08 | J68: 품질팀 | K68: 김명용 | L68: 기존 절차 연계 | M68: SH-WI-006(계측기 사용 및 일상점검 표준) [본문 확인 ratio=0.52] | N68: 2026-12
A69: 65 | B69: 2. 검사시험 | C69: 2-7 | D69: 50 | E69: 높음 | F69: 초/종품 외관, 치수 및 장착상태 (용접지그 수정/변경시 치수 및 용접물간 갭 최대 1mm 이하관리 - 샘플실측) | G69: 자주검사기준서 | H69: SH-FM-QP013-07 | I69: 관리본 배포 | J69: 품질팀 | K69: 이광재 | L69: 기존 절차 연계 | M69: SH-QP-013(검사 및 시험관리 절차서); SH-WI-002(공정검사 및 특수특성 관리 표준) [참고: 본문상 명확한 근거 약함(ratio=0.32), 담당부서 확인 권장] | N69: 2026-11 | P69: ※재판정(본문대조): 본문상 명확한 근거 약함 — 담당부서 확인 권장(기존 분류 유지)
A70: 66 | B70: 2. 검사시험 | C70: 2-7 | E70: 높음 | F70: 예) 카울크로스바 파이프-SUB 용접물 간 갭 | G70: 자주검사체크시트 | H70: SH-FM-WI002-02 | I70: 관리본 배포 | J70: 품질팀 | K70: 이광재 | L70: 기존 절차 연계 | M70: SH-WI-002(공정검사 및 특수특성 관리 표준) [참고: 본문상 명확한 근거 약함(ratio=0.00), 담당부서 확인 권장] | N70: 2026-11 | P70: ※재판정(본문대조): 본문상 명확한 근거 약함 — 담당부서 확인 권장(기존 분류 유지)
A71: 67 | B71: 2. 검사시험 | C71: 2-7 | E71: 높음 | F71: 자주검사 기록, 불량품 시정조치 내역 및 이력관리 상태 | G71: 용접spatter 관리기준 | H71: SH-FM-QP016-01 | I71: 관리본 배포 | J71: 품질팀 | K71: 이광재 | L71: 기존 절차 연계 | M71: SH-QP-016(시정조치 및 문제해결 절차서); SH-WI-002(공정검사 및 특수특성 관리 표준) [참고: 본문상 명확한 근거 약함(ratio=0.09), 담당부서 확인 권장] | N71: 2026-11 | P71: ※재판정(본문대조): 본문상 명확한 근거 약함 — 담당부서 확인 권장(기존 분류 유지)
A72: 68 | B72: 2. 검사시험 | C72: 2-7 | E72: 높음 | F72: 용접제품 표면관리기준 설정 (스패터, Chip, 버어, 이물질 ) 및 점검 이력 관리 | G72: 용접스패터관리 점검체크시트 | H72: SH-FM-INS-N12 | I72: 관리본 배포 | J72: 품질팀 | K72: 이광재 | L72: 신규 작성 필요 | N72: 2026-09
A73: 69 | B73: 2. 검사시험 | C73: 2-7 | E73: 높음 | F73: QC순회검사: 작업자 자주검사 실시상태 확인 및 주요 포인트 추가 검사 후 확인 서명 | G73: 자주검사체크시트 | H73: SH-FM-WI002-03 | J73: 품질팀 | K73: 이광재 | L73: 기존 절차 연계 | M73: SH-WI-002(공정검사 및 특수특성 관리 표준) [참고: 본문상 명확한 근거 약함(ratio=0.13), 담당부서 확인 권장] | N73: 2026-11 | P73: ※재판정(본문대조): 본문상 명확한 근거 약함 — 담당부서 확인 권장(기존 분류 유지)
A74: 70 | B74: 2. 검사시험 | C74: 2-7 | E74: 높음 | F74: → 용접관련 기술표준 (MS181 ▷ 13 (용융용접) / MS 181 ▷ 06 (SEAM용접) / | G74: 품질순회검사체크시트(중요항목치수추가) | H74: SH-FM-WI002-04 | J74: 품질팀 | K74: 이광재 | L74: 기존 절차 연계 | M74: SH-WI-002(공정검사 및 특수특성 관리 표준) [참고: 본문상 명확한 근거 약함(ratio=0.04), 담당부서 확인 권장] | N74: 2026-11 | P74: ※재판정(본문대조): 본문상 명확한 근거 약함 — 담당부서 확인 권장(기존 분류 유지)
A75: 71 | B75: 2. 검사시험 | C75: 2-7 | E75: 높음 | F75: MS181 ▷ 15 (점용접) 참조 | G75: 자주검사대 설치(초중종현품보관) | H75: SH-FM-WI002-05 | J75: 생산팀 | K75: 지성규 | L75: 기존 절차 연계 | M75: SH-WI-002(공정검사 및 특수특성 관리 표준) [참고: 본문상 명확한 근거 약함(ratio=0.00), 담당부서 확인 권장] | N75: 2026-11 | P75: ※재판정(본문대조): 본문상 명확한 근거 약함 — 담당부서 확인 권장(기존 분류 유지)
A76: 72 | B76: 2. 검사시험 | C76: 2-8 | D76: 50 | E76: 높음 | F76: 외관, 치수, 취약부 절단면 검사, 상대 물 조립 성 검증 등 (샘플 실측 요망) | G76: 완성품검사기준서 | H76: SH-FM-QP013-08 | I76: 관리본 배포 | J76: 품질팀 | K76: 김명용 | L76: 기존 절차 연계 | M76: SH-QP-013(검사 및 시험관리 절차서) [본문 확인 ratio=0.36] | N76: 2026-11
A77: 73 | B77: 2. 검사시험 | C77: 2-8 | E77: 높음 | G77: 완성품검사체크시트 | H77: SH-FM-INS-N13 | I77: 관리본 배포 | J77: 품질팀 | K77: 김명용 | L77: 신규 작성 필요 | N77: 2026-09
A78: 74 | B78: 2. 검사시험 | C78: 2-8 | E78: 높음 | G78: 완성품검사식별표 | H78: SH-FM-INS-N14 | I78: 관리본 배포 | J78: 품질팀 | K78: 김명용 | L78: 신규 작성 필요 | N78: 2026-09
A79: 75 | B79: 2. 검사시험 | C79: 2-8 | E79: 높음 | G79: 완성품보관장소선정 | H79: SH-FM-WI006-10 | I79: 관리본 배포 | J79: 품질팀 | K79: 김명용 | L79: 기존 절차 연계 | M79: SH-WI-006(계측기 사용 및 일상점검 표준) [확정 2026-09-22: 신규 발견 연계 채택(ratio=1.00) — 품질경영담당 일괄판단, 부서 정식회신 생략] | N79: 2026-09 | P79: ※재판정(본문대조) 확정(2026-09-22, 품질경영담당 일괄판단 — 부서 정식회신 없이 처리): 관련 기존 문서란 참고 ⚠현장 실제 서식과 반드시 대조 확인 필요(철호님 직접 확인 권장) | FM번호 재부여(2026-09-22, 확정 연계절차 기준): SH-FM-INS-N15 → SH-FM-WI006-10 | Q79: 대안 채택 | R79: SH-WI-006(계측기 사용 및 일상점검 표준) | S79: 박철호(품질경영 담당, 일괄확정) | T79: 2026-09-22
A80: 76 | B80: 2. 검사시험 | C80: 2-8 | E80: 높음 | G80: 완성검사관리대제작 | H80: SH-FM-QP012-01 | I80: 관리본 배포 | J80: 품질팀 | K80: 김명용 | L80: 기존 절차 연계 | M80: SH-QP-012(생산 및 공정관리 절차서) [확정 2026-09-22: 신규 발견 연계 채택(ratio=0.63) — 품질경영담당 일괄판단, 부서 정식회신 생략] | N80: 2026-09 | P80: ※재판정(본문대조) 확정(2026-09-22, 품질경영담당 일괄판단 — 부서 정식회신 없이 처리): 관련 기존 문서란 참고 | FM번호 재부여(2026-09-22, 확정 연계절차 기준): SH-FM-INS-N16 → SH-FM-QP012-01 | Q80: 대안 채택 | R80: SH-QP-012(생산 및 공정관리 절차서) | S80: 박철호(품질경영 담당, 일괄확정) | T80: 2026-09-22
A81: 77 | B81: 2. 검사시험 | C81: 2-8 | E81: 높음 | G81: (QMS SYSTEM 운영시 컴퓨터설치운영) | H81: SH-FM-INS-N17 | J81: (부서 미정) | L81: 신규 작성 필요 | N81: 2026-10
A82: 78 | B82: 2. 검사시험 | C82: 2-9 | D82: 50 | E82: 높음 | F82: 아크 용접 : 용접비드, 위치 (길이, 폭, 이동량) 및 용입량 - CO2용접: 절단검사(정기검사). (용접 구간별 길이,비드 폭 형상 한도견본 비교검사) * 용입량 검사 : 용접로봇별, 용접JIG별 검사 (검사 주기 : 1회/년, 단, 4M 변경 시 용입량 검사 진행할 것(용접조건 변경, 설비변경, 지그 수정/변경, 로봇 티칭 이후 외) ※ 검사 시료 및 주기는 고객과 협의된 검사협정/기준서 따를것 ▷ 저항 용접 : 분리력 - 스폿용접: 반파괴, 전파괴 분리시험 / 드라이브 체크 ▷ (초,종품 실시) 인장강도 만족할것(실물 및 시편) / 볼트너트: 망치 타격시험 - 프로젝션용접: 볼트 너트 ▷ 회전 토르크 검사 (초, 종 검사) 예) 용접비드 이탈 및 분리력 검사 → 검사결과 사진, 스캔저장 → 검사이력 D/B 관리(엑셀등) | G82: 용입검사 계획대실적 | H82: SH-FM-INS-N18 | J82: 품질팀 | K82: 이광재 | L82: 신규 작성 필요 | N82: 2026-09
A83: 79 | B83: 2. 검사시험 | C83: 2-9 | E83: 높음 | G83: 용접로보트별 용접POINT 관리표준 | H83: SH-FM-INS-N19 | J83: 생산팀 | K83: 한상돈 | L83: 신규 작성 필요 | N83: 2026-09
A84: 80 | B84: 2. 검사시험 | C84: 2-9 | E84: 높음 | G84: 용접로보트별 용접POINT 관리표준 | H84: SH-FM-INS-N20 | J84: 품질팀 | K84: 이광재 | L84: 신규 작성 필요 | N84: 2026-09
A85: 81 | B85: 2. 검사시험 | C85: 2-9 | E85: 높음 | G85: 용접반파괴/파괴검사기준 | H85: SH-FM-INS-N21 | J85: 생산팀 | K85: 한상돈 | L85: 신규 작성 필요 | N85: 2026-09
A86: 82 | B86: 2. 검사시험 | C86: 2-9 | E86: 높음 | G86: 용접검사체크시트 | H86: SH-FM-INS-N22 | J86: 생산팀 | K86: 한상돈 | L86: 신규 작성 필요 | N86: 2026-09
A87: 83 | B87: 2. 검사시험 | C87: 2-9 | E87: 높음 | G87: 용접반파괴 검사대제작 | H87: SH-FM-INS-N23 | J87: 생산팀 | K87: 한상돈 | L87: 신규 작성 필요 | N87: 2026-09
A88: 84 | B88: 2. 검사시험 | C88: 2-9 | E88: 높음 | G88: (용접반파괴테스트 보관대제작-한도견본&현품) | H88: SH-FM-WI001-03 | J88: 생산팀 | K88: 한상돈 | L88: 기존 절차 연계 | M88: SH-WI-001(생산 작업준비 및 초품확인 표준) [확정 2026-09-22: 신규 발견 연계 채택(ratio=1.00) — 품질경영담당 일괄판단, 부서 정식회신 생략] | N88: 2026-09 | P88: ※재판정(본문대조) 확정(2026-09-22, 품질경영담당 일괄판단 — 부서 정식회신 없이 처리): 관련 기존 문서란 참고 | FM번호 재부여(2026-09-22, 확정 연계절차 기준): SH-FM-INS-N24 → SH-FM-WI001-03 | Q88: 대안 채택 | R88: SH-WI-001(생산 작업준비 및 초품확인 표준) | S88: 박철호(품질경영 담당, 일괄확정) | T88: 2026-09-22
A89: 85 | B89: 3. 설비관리 | C89: 3-1 | D89: 30 | E89: 보통 | F89: 설비별 설비일상 점검부위 및 점검방법 도식화 관리상태 | G89: 설비일상점검기준서 | H89: SH-FM-WI004-04 | J89: 생산팀 | K89: 한상돈 | L89: 기존 절차 연계 | M89: SH-WI-004(설비 일상점검 및 이상대응 표준) [본문 확인 ratio=0.62] | N89: 2026-11
A90: 86 | B90: 3. 설비관리 | C90: 3-1 | E90: 보통 | F90: 설비내 부착 게이지류 상/하한 식별 및 측정 실측값 일상점검표 기록관리 | G90: 설비일상점검표(각부위별사진도식화) | H90: SH-FM-WI004-07 | I90: 게이지값기록 | J90: 생산팀 | K90: 한상돈 | L90: 기존 절차 연계 | M90: SH-WI-004(설비 일상점검 및 이상대응 표준) [확정 2026-09-22: 기존 추정 SH-QP-003(ratio=0.04) 대비 대안 채택(ratio=0.68) — 품질경영담당 일괄판단, 부서 정식회신 생략] | N90: 2026-11 | P90: ※재판정(본문대조) 확정(2026-09-22, 품질경영담당 일괄판단 — 부서 정식회신 없이 처리): 관련 기존 문서란 참고 | FM번호 재부여(2026-09-22, 확정 연계절차 기준): SH-FM-QP003-03 → SH-FM-WI004-07 | Q90: 대안 채택 | R90: SH-WI-004(설비 일상점검 및 이상대응 표준) | S90: 박철호(품질경영 담당, 일괄확정) | T90: 2026-09-22
A91: 87 | B91: 3. 설비관리 | C91: 3-1 | E91: 보통 | F91: 설비내 F/P설비 경고등/알람 정상작동 및 설비내 셋팅값/관리공차 표준과 일치여부 | G91: 설비게이지 상하한식별관리 | H91: SH-FM-QP018-02 | J91: 생산기술 | K91: 한상돈 | L91: 기존 절차 연계 | M91: SH-QP-018(식별 및 추적성 관리 절차서) [참고: 본문상 명확한 근거 약함(ratio=0.00), 담당부서 확인 권장] | N91: 2026-12 | P91: ※재판정(본문대조): 본문상 명확한 근거 약함 — 담당부서 확인 권장(기존 분류 유지)
A92: 88 | B92: 3. 설비관리 | C92: 3-1 | E92: 보통 | F92: 설비 셋팅값 임의조작 방지를 위한 시건장치/KEY-LOCK 반영상태 | G92: 설비 오셋팅방지 KEY-LOCK | H92: SH-FM-EQP-N01 | J92: 생산팀 | K92: 한상돈 | L92: 신규 작성 필요 | N92: 2026-09
A93: 89 | B93: 3. 설비관리 | C93: 3-2 | D93: 30 | E93: 보통 | F93: 주요 핵심설비 정기점검 계획수립 및 점검상태(외주업체 정도점검 성적서 포함, 최소 1회/년) | G93: 설비정기점검 계획대실적표 | H93: SH-FM-EQP-N02 | J93: 생산기술 | K93: 황지환 | L93: 신규 작성 필요 | N93: 2026-10 | P93: 0
A94: 90 | B94: 3. 설비관리 | C94: 3-2 | E94: 보통 | F94: (외주업체 또는 자체 정도점검 가능 설비/인력이 확보된경우 인정) | G94: 설비정기점검 실적 | H94: SH-FM-EQP-N03 | J94: 생산기술 | K94: 황지환 | L94: 신규 작성 필요 | N94: 2026-10
A95: 91 | B95: 3. 설비관리 | C95: 3-2 | E95: 보통 | F95: 설비내 소모성 부자재류 점검/교체주기 설정 및 준수여부 | G95: 설비관리대장 | H95: SH-FM-EQP-N04 | J95: 생산기술 | K95: 황지환 | L95: 신규 작성 필요 | N95: 2026-10
A96: 92 | B96: 3. 설비관리 | C96: 3-2 | E96: 보통 | F96: [필요시 소모성 부자재 교체주기 설정근거 제시 필요, T/O 이력 등] | G96: 설비이력카드 | H96: SH-FM-EQP-N05 | I96: 설비고장수리반영 | J96: 생산기술 | K96: 황지환 | L96: 신규 작성 필요 | N96: 2026-10
A97: 93 | B97: 3. 설비관리 | C97: 3-2 | E97: 보통 | F97: 설비 부착 센서 및 게이지류에 대한 정도 보증 방안 수립 및 이행 상태 | G97: 설비수리보고서 | H97: SH-FM-WI015-02 | J97: 생산기술 | K97: 황지환 | L97: 기존 절차 연계 | M97: SH-WI-015(작업자 표준작업 및 교대인수인계 표준) [확정 2026-09-22: 기존 추정 SH-WI-018(ratio=0.00) 대비 대안 채택(ratio=0.55) — 품질경영담당 일괄판단, 부서 정식회신 생략] | N97: 2026-12 | P97: ※재판정(본문대조) 확정(2026-09-22, 품질경영담당 일괄판단 — 부서 정식회신 없이 처리): 관련 기존 문서란 참고 | FM번호 재부여(2026-09-22, 확정 연계절차 기준): SH-FM-WI018-01 → SH-FM-WI015-02 | Q97: 대안 채택 | R97: SH-WI-015(작업자 표준작업 및 교대인수인계 표준) | S97: 박철호(품질경영 담당, 일괄확정) | T97: 2026-09-22
A98: 94 | B98: 3. 설비관리 | C98: 3-2 | E98: 보통 | F98: 1) 설비내 주요 압력계 정기점검 정도보증 또른 검교정된 마스터게이지 비교 검증활동 실시 | G98: 설비압력게이지 검증 계획대실적표 | H98: SH-FM-QP015-01 | J98: 생산기술 | K98: 황지환 | L98: 기존 절차 연계 | M98: SH-QP-015(변경관리 절차서) [확정 2026-09-22: 신규 발견 연계 채택(ratio=0.67) — 품질경영담당 일괄판단, 부서 정식회신 생략] | N98: 2026-10 | P98: ※재판정(본문대조) 확정(2026-09-22, 품질경영담당 일괄판단 — 부서 정식회신 없이 처리): 관련 기존 문서란 참고 | FM번호 재부여(2026-09-22, 확정 연계절차 기준): SH-FM-EQP-N06 → SH-FM-QP015-01 | Q98: 대안 채택 | R98: SH-QP-015(변경관리 절차서) | S98: 박철호(품질경영 담당, 일괄확정) | T98: 2026-09-22
A99: 95 | B99: 3. 설비관리 | C99: 3-2 | E99: 보통 | F99: 2) 금형내 노즐온도 센서 등 중요 센서류 고장여부 정기점검시 정도보증 활동 필요 | G99: 설비압력게이지 점검실적 | H99: SH-FM-WI008-01 | I99: B/C,C/B,O/R | J99: 생산기술 | K99: 황지환 | L99: 기존 절차 연계 | M99: SH-WI-008(금형·치공구 교환 및 관리 표준) [참고: 본문상 명확한 근거 약함(ratio=0.00), 담당부서 확인 권장] | N99: 2026-12 | P99: ※재판정(본문대조): 본문상 명확한 근거 약함 — 담당부서 확인 권장(기존 분류 유지)
A100: 96 | B100: 3. 설비관리 | C100: 3-2 | E100: 보통 | F100: ※ 설비 일상점검 항목을 제외한 세부 점검 필요부만 정기점검 계획 수립 및 점검 필요 | G100: 설비예비품관리대장 | H100: SH-FM-WI004-05 | J100: 생산기술 | K100: 황지환 | L100: 기존 절차 연계 | M100: SH-WI-004(설비 일상점검 및 이상대응 표준) [참고: 본문상 명확한 근거 약함(ratio=0.25), 담당부서 확인 권장] | N100: 2026-12 | P100: ※재판정(본문대조): 본문상 명확한 근거 약함 — 담당부서 확인 권장(기존 분류 유지)
...

Sheet 신규작성_실행리스트
A1: SQ mark 심사 - 신규 작성 필요 문서 실행 리스트
A2: 작성일: 2026-09-17(Rev.2) | 기존 절차/표준이 없어 절차 검토부터 필요한 104건 | 우선순위 A(배점40+) > B(20~39) > C(19이하)
A3: DISCLAIMER: "작성구분"/"관련 기존 문서"는 QMS_REV00 품질경영시스템 통합문서(SH-QP-001~025, SH-WI-001~030) 실제 본문과 대조한 재판정 결과입니다(2026-09-17, Rev.2). 녹색=본문상 근거 확인된 기존 연계, 노란색="기존 절차 연계 (제안 — 검토 필요)"로 표시된 항목(본문 근거가 약하거나 새로 발견된 연계 후보 — 관련 기존 문서 칸의 [재검토]/[신규 발견]/[참고] 문구 확인), 빨간색=신규 작성 필요. "FM문서번호(안)"/"목표완료월"은 규칙 기반 1차 추정치입니다. 실제 활용 가능 여부, 양식 신규 제정 여부, 일정은 반드시 담당부서·품질책임자 검토 후 확정하세요.
A4: NO | B4: 우선순위 | C4: 구분 | D4: 번호 | E4: FM문서번호(안) | F4: 요구사항(세부 추진 항목) | G4: 필요서류(준비서류) | H4: 담당부서 | I4: 담당자 | J4: 목표완료월(제안) | K4: 준비상태 | L4: 비고
A5: 1 | B5: 높음 | C5: 1. 생산조건관리 | D5: 1-5 | E5: SH-FM-PRD-N06 | G5: 작업일보 | H5: 생산팀 | J5: 2026-09
A6: 2 | B6: 높음 | C6: 1. 생산조건관리 | D6: 1-5 | E6: SH-FM-PRD-N10 | G6: 용접조건 검증체크시트 | H6: 생산기술 | J6: 2026-09
A7: 3 | B7: 높음 | C7: 1. 생산조건관리 | D7: 1-5 | E7: SH-FM-PRD-N11 | G7: 스폿용접전류/가압력 관리기준서 | H7: (부서 미정) | J7: 2026-09
A8: 4 | B8: 높음 | C8: 1. 생산조건관리 | D8: 1-5 | E8: SH-FM-PRD-N12 | G8: 스폿용접전류/가압력 관리실적(1회/월) | H8: 생산기술 | I8: 황지환 | J8: 2026-09
A9: 5 | B9: 높음 | C9: 2. 검사시험 | D9: 2-1 | E9: SH-FM-INS-N03 | F9: (원소재) 도금처리된 원소재 판넬 : 도금 부착력 검사 (180˚밴딩후 크랙, 박리여부), 도금두께(3point), | G9: 원자재식별표 | H9: 구매자재팀 | J9: 2026-09
A10: 6 | B10: 높음 | C10: 2. 검사시험 | D10: 2-7 | E10: SH-FM-INS-N12 | F10: 용접제품 표면관리기준 설정 (스패터, Chip, 버어, 이물질 ) 및 점검 이력 관리 | G10: 용접스패터관리 점검체크시트 | H10: 품질팀 | I10: 이광재 | J10: 2026-09
A11: 7 | B11: 높음 | C11: 2. 검사시험 | D11: 2-8 | E11: SH-FM-INS-N13 | G11: 완성품검사체크시트 | H11: 품질팀 | I11: 김명용 | J11: 2026-09
A12: 8 | B12: 높음 | C12: 2. 검사시험 | D12: 2-8 | E12: SH-FM-INS-N14 | G12: 완성품검사식별표 | H12: 품질팀 | I12: 김명용 | J12: 2026-09
A13: 9 | B13: 높음 | C13: 2. 검사시험 | D13: 2-9 | E13: SH-FM-INS-N18 | F13: 아크 용접 : 용접비드, 위치 (길이, 폭, 이동량) 및 용입량 - CO2용접: 절단검사(정기검사). (용접 구간별 길이,비드 폭 형상 한도견본 비교검사) * 용입량 검사 : 용접로봇별, 용접JIG별 검사 (검사 주기 : 1회/년, 단, 4M 변경 시 용입량 검사 진행할 것(용접조건 변경, 설비변경, 지그 수정/변경, 로봇 티칭 이후 외) ※ 검사 시료 및 주기는 고객과 협의된 검사협정/기준서 따를것 ▷ 저항 용접 : 분리력 - 스폿용접: 반파괴, 전파괴 분리시험 / 드라이브 체크 ▷ (초,종품 실시) 인장강도 만족할것(실물 및 시편) / 볼트너트: 망치 타격시험 - 프로젝션용접: 볼트 너트 ▷ 회전 토르크 검사 (초, 종 검사) 예) 용접비드 이탈 및 분리력 검사 → 검사결과 사진, 스캔저장 → 검사이력 D/B 관리(엑셀등) | G13: 용입검사 계획대실적 | H13: 품질팀 | I13: 이광재 | J13: 2026-09
A14: 10 | B14: 높음 | C14: 2. 검사시험 | D14: 2-9 | E14: SH-FM-INS-N19 | G14: 용접로보트별 용접POINT 관리표준 | H14: 생산팀 | I14: 한상돈 | J14: 2026-09
A15: 11 | B15: 높음 | C15: 2. 검사시험 | D15: 2-9 | E15: SH-FM-INS-N20 | G15: 용접로보트별 용접POINT 관리표준 | H15: 품질팀 | I15: 이광재 | J15: 2026-09
A16: 12 | B16: 높음 | C16: 2. 검사시험 | D16: 2-9 | E16: SH-FM-INS-N21 | G16: 용접반파괴/파괴검사기준 | H16: 생산팀 | I16: 한상돈 | J16: 2026-09
A17: 13 | B17: 높음 | C17: 2. 검사시험 | D17: 2-9 | E17: SH-FM-INS-N22 | G17: 용접검사체크시트 | H17: 생산팀 | I17: 한상돈 | J17: 2026-09
A18: 14 | B18: 높음 | C18: 2. 검사시험 | D18: 2-9 | E18: SH-FM-INS-N23 | G18: 용접반파괴 검사대제작 | H18: 생산팀 | I18: 한상돈 | J18: 2026-09
A19: 15 | B19: 높음 | C19: 2. 검사시험 | D19: 2-8 | E19: SH-FM-INS-N17 | G19: (QMS SYSTEM 운영시 컴퓨터설치운영) | H19: (부서 미정) | J19: 2026-10
A20: 16 | B20: 보통 | C20: 1. 생산조건관리 | D20: 1-4 | E20: SH-FM-PRD-N05 | F20: ※ 인원 부족으로 야간 검사요원 미 투입 시 야간 생산품 검증 프로세스 수립 | G20: 야간생산품 검사일지 | H20: 품질팀 | J20: 2026-09
A21: 17 | B21: 보통 | C21: 2. 검사시험 | D21: 2-2 | E21: SH-FM-INS-N04 | F21: 수입검사 실시 전 외주품/원재료 입고처리 안되도록 업무 프로세스 수립 | G21: 외주품입고식별표 | H21: 구매자재팀 | I21: 이은주 | J21: 2026-09
A22: 18 | B22: 보통 | C22: 2. 검사시험 | D22: 2-2 | E22: SH-FM-INS-N05 | G22: 외주품 부적합처리기준서 | H22: 품질팀 | I22: 김명용 | J22: 2026-09
A23: 19 | B23: 보통 | C23: 2. 검사시험 | D23: 2-2 | E23: SH-FM-INS-N06 | G23: 외주품 검사협정서 | H23: 품질팀 | I23: 이광재 | J23: 2026-09
A24: 20 | B24: 보통 | C24: 2. 검사시험 | D24: 2-3 | E24: SH-FM-INS-N07 | F24: 외주품/완제품 외관 합/부 판별용 한도견본 운영 | G24: 한도견본 관리대장(외주품/완성품) | H24: 품질팀 | I24: 김명용 | J24: 2026-09
A25: 21 | B25: 보통 | C25: 2. 검사시험 | D25: 2-4 | E25: SH-FM-INS-N09 | F25: 정기 시험 성적서 신뢰도 확보 | G25: 정기검사계획대실적(치수/용접) | H25: 품질팀 | I25: 이광재 | J25: 2026-09
A26: 22 | B26: 보통 | C26: 2. 검사시험 | D26: 2-4 | E26: SH-FM-INS-N10 | F26: 환경규제(중금속) 정기시험 실시상태 : 검사협정 체결기준 시험결과 증빙관리 상태 | G26: 중금속 정기검사 계획대실적 | H26: 구매자재팀 | I26: 이은주 | J26: 2026-09
A27: 23 | B27: 보통 | C27: 2. 검사시험 | D27: 2-4 | E27: SH-FM-INS-N11 | F27: (시험장비 보유시 자체 성적서 인정, 미보유시 1차사 또는 공인기관 의뢰 가능) | G27: 중금속 성적서 | H27: 구매자재팀 | I27: 이은주 | J27: 2026-09
A28: 24 | B28: 보통 | C28: 3. 설비관리 | D28: 3-1 | E28: SH-FM-EQP-N01 | F28: 설비 셋팅값 임의조작 방지를 위한 시건장치/KEY-LOCK 반영상태 | G28: 설비 오셋팅방지 KEY-LOCK | H28: 생산팀 | I28: 한상돈 | J28: 2026-09
A29: 25 | B29: 보통 | C29: 3. 설비관리 | D29: 3-3 | E29: SH-FM-EQP-N11 | F29: '- 유압설비: 유압. 유량. 소음. 누유 등 이상유무 확인 | G29: 스폿로봇 원점확인장치 | H29: 생산팀 | I29: 김운주 | J29: 2026-09
A30: 26 | B30: 보통 | C30: 3. 설비관리 | D30: 3-3 | E30: SH-FM-EQP-N12 | F30: 유틸리티: 에어압력. 냉각수(온도: 10∼30℃). 압력: 가스 유량 | G30: 용접전극드레싱/교환 F/P장비설치 | H30: 생산팀 | I30: 김운주 | J30: 2026-09
A31: 27 | B31: 보통 | C31: 3. 설비관리 | D31: 3-5 | E31: SH-FM-EQP-N17 | F31: 기준준수 및 이행상태 | G31: 스폿로봇 원점확인장치 | H31: 생산팀 | I31: 황지환 | J31: 2026-09
A32: 28 | B32: 보통 | C32: 5. 자재관리 | D32: 5-1 | E32: SH-FM-MAT-N01 | F32: 수입검사 완료품 식별 프로세스 수립 (합격도장 등) - 보안/안전 부품 별도 식별 표시 : LOT타각, 식별마크 등 | G32: 작업일보 | H32: 생산팀 | I32: 지성규 | J32: 2026-09
A33: 29 | B33: 보통 | C33: 5. 자재관리 | D33: 5-1 | E33: SH-FM-MAT-N02 | F33: 선입선출 준수여부 - 중요부품 샘플링 점검, 인라인투입제품, 투입대기제품, 자재창고 적재 제품 생산일 점검 | G33: 작업일보 | H33: 생산팀 | I33: 지성규 | J33: 2026-09
A34: 30 | B34: 보통 | C34: 5. 자재관리 | D34: 5-1 | E34: SH-FM-MAT-N03 | F34: 부품 LOT 표기 여부 (표준류 지정시) - 각인, 스티커, 타각 등 | G34: 부품식별표 | H34: 생산팀 | I34: 지성규 | J34: 2026-09
A35: 31 | B35: 보통 | C35: 6. 품질경영체제 | D35: 6-1 | E35: SH-FM-QMS-N02 | F35: : 생산라인 투입전 핸드폰 보관을 위한 별도 보관대 설치 및 활용상태 점검 (생산중 핸드폰 사용에 따른 사고 방지) | G35: 안전보호구 지급기준 | H35: 생산팀 | I35: 지성규 | J35: 2026-09
... A41: 37 | B41: 보통 | C41: 6. 품질경영체제 | D41: 6-3 | E41: SH-FM-QMS-N15 | F41: '-도면 일치성 점검 담당자 지정하여 정기적 도면대비 검사협정/기준서 일치성 점검 및 점검이력 관리 | G41: 도면/검사협정서/초도품보증서고객승인본 | H41: 품질팀 | I41: 이광재 | J41: 2026-09
A42: 38 | B42: 보통 | C42: 6. 품질경영체제 | D42: 6-3 | E42: SH-FM-QMS-N16 | G42: 정기검사실적 | H42: 품질팀 | I42: 이광재 | J42: 2026-09
A43: 39 | B43: 보통 | C43: 6. 품질경영체제 | D43: 6-5 | E43: SH-FM-QMS-N21 | F43: 공정별 작업자/검사자 배치기준 수립 및 자격인증 평가 실시여부 [품질 표준류내 검사지정 항목별 담당자] | G43: 자격인증관리 기준서 | H43: 품질팀 | I43: 이광재 | J43: 2026-09
A44: 40 | B44: 보통 | C44: 1. 생산조건관리 | D44: 1-4 | E44: SH-FM-PRD-N04 | F44: 품질관리 취약 시간대 관리기준 수립 및 관리상태 | G44: 품질취약시간관리기준서 | H44: 생산팀 | I44: 지성규 | J44: 2026-10
A45: 41 | B45: 보통 | C45: 2. 검사시험 | D45: 2-3 | E45: SH-FM-INS-N08 | F45: 검사기 신뢰도 확인을 위한 양/불 마스터 설정기준 및 관리상태 | G45: 한도견본 샘플보관대 및 샘플 | H45: 생산팀 | I45: 지성규 | J45: 2026-10
A46: 42 | B46: 보통 | C46: 3. 설비관리 | D46: 3-2 | E46: SH-FM-EQP-N02 | F46: 주요 핵심설비 정기점검 계획수립 및 점검상태(외주업체 정도점검 성적서 포함, 최소 1회/년) | G46: 설비정기점검 계획대실적표 | H46: 생산기술 | I46: 황지환 | J46: 2026-10 | L46: 0
A47: 43 | B47: 보통 | C47: 3. 설비관리 | D47: 3-2 | E47: SH-FM-EQP-N03 | F47: (외주업체 또는 자체 정도점검 가능 설비/인력이 확보된경우 인정) | G47: 설비정기점검 실적 | H47: 생산기술 | I47: 황지환 | J47: 2026-10
A48: 44 | B48: 보통 | C48: 3. 설비관리 | D48: 3-2 | E48: SH-FM-EQP-N04 | F48: 설비내 소모성 부자재류 점검/교체주기 설정 및 준수여부 | G48: 설비관리대장 | H48: 생산기술 | I48: 황지환 | J48: 2026-10
A49: 45 | B49: 보통 | C49: 3. 설비관리 | D49: 3-2 | E49: SH-FM-EQP-N05 | F49: [필요시 소모성 부자재 교체주기 설정근거 제시 필요, T/O 이력 등] | G49: 설비이력카드 | H49: 생산기술 | I49: 황지환 | J49: 2026-10
A50: 46 | B50: 보통 | C50: 3. 설비관리 | D50: 3-3 | E50: SH-FM-EQP-N10 | F50: 용접기: 팁 교환. 노즐청소. 와이어 공급기. 케이블. 전류 전압. 전극 드레싱 및 교환 | G50: CO2용접원점확인장치 | H50: (부서 미정) | I50: 김운주 | J50: 2026-10
A51: 47 | B51: 보통 | C51: 3. 설비관리 | D51: 3-6 | E51: SH-FM-EQP-N19 | F51: JIG 기준 핀 외경치수 측정 (관리범위 이탈방지) - 주기 : 1회/분기 이상 ※ 자체 측정주기 설정시 설정근거 마련 안전율 80% - 지그 기준면 마모/유격 및 토치 로보트 원점 검사 관리기준 수립 및 준수 상태 - 클렘프 고정상태. 센서 류 고정 작동상태.배선정리 피복점검 | G51: JIG정기점검 관리기준서 | H51: 생산팀 | I51: 지성규 | J51: 2026-10
A52: 48 | B52: 보통 | C52: 3. 설비관리 | D52: 3-6 | E52: SH-FM-EQP-N20 | G52: JIG정기점검계획대실적표 | H52: 생산팀 | I52: 지성규 | J52: 2026-10
A53: 49 | B53: 보통 | C53: 3. 설비관리 | D53: 3-6 | E53: SH-FM-EQP-N21 | G53: JIG 기준핀정기점검 실적 | H53: 생산팀 | I53: 지성규 | J53: 2026-10
A54: 50 | B54: 보통 | C54: 3. 설비관리 | D54: 3-6 | E54: SH-FM-EQP-N22 | G54: JIG PIN 위치도 및 상세사진 위치도 | H54: 생산팀 | I54: 지성규 | J54: 2026-10
A55: 51 | B55: 보통 | C55: 5. 자재관리 | D55: 5-1 | E55: SH-FM-MAT-N04 | F55: 부품 LOT기록 마스터리스트 관리되고 역추적 가능 여부 | G55: 출하일지 | H55: 구매자재팀 | I55: 이은주 | J55: 2026-10
A56: 52 | B56: 보통 | C56: 5. 자재관리 | D56: 5-1 | E56: SH-FM-MAT-N05 | F56: [CASE2] LOT전산관리 - 파렛트단위 | G56: 고객부품식별표 | H56: 구매자재팀 | I56: 이은주 | J56: 2026-10
A57: 53 | B57: 보통 | C57: 5. 자재관리 | D57: 5-2 | E57: SH-FM-MAT-N06 | F57: 미사용 장기보관 자재류 처리기준 수립 및 이행상태 | G57: 원자재선입선출관리기준서 | H57: 구매자재팀 | I57: 이은주 | J57: 2026-10
A58: 54 | B58: 보통 | C58: 5. 자재관리 | D58: 5-2 | E58: SH-FM-MAT-N07 | F58: 설변에 의한 불용자재 발생시 자재 식별 및 혼입 방지 관리 상태 | G58: .원자재식별표 | H58: 구매자재팀 | I58: 이은주 | J58: 2026-10
A59: 55 | B59: 보통 | C59: 5. 자재관리 | D59: 5-2 | E59: SH-FM-MAT-N08 | G59: LAY-OUT 및재고현황 | H59: 생산팀 | I59: 지성규 | J59: 2026-10
A60: 56 | B60: 보통 | C60: 5. 자재관리 | D60: 5-2 | E60: SH-FM-MAT-N09 | G60: 구역설정및 식별 | H60: 생산팀 | I60: 지성규 | J60: 2026-10
A61: 57 | B61: 보통 | C61: 5. 자재관리 | D61: 5-2 | E61: SH-FM-MAT-N10 | G61: 부품식별표 | H61: 생산팀 | I61: 지성규 | J61: 2026-10
A62: 58 | B62: 보통 | C62: 5. 자재관리 | D62: 5-2 | E62: SH-FM-MAT-N11 | G62: 불용자재식별표 | H62: 구매자재팀 | I62: 이은주 | J62: 2026-10
A63: 59 | B63: 보통 | C63: 5. 자재관리 | D63: 5-3 | E63: SH-FM-MAT-N13 | F63: 소재사양 및 GRADE 식별절차 | G63: .원자재식별표 | H63: 구매자재팀 | I63: 이은주 | J63: 2026-10
A64: 60 | B64: 보통 | C64: 5. 자재관리 | D64: 5-3 | E64: SH-FM-MAT-N14 | G64: 부품식별표 | H64: 생산팀 | I64: 지성규 | J64: 2026-10
A65: 61 | B65: 보통 | C65: 5. 자재관리 | D65: 5-4 | E65: SH-FM-MAT-N15 | F65: 품목별/공정별 장입(적재) 기준 수립 및 준수상태/ 과다적재 예방을 위한 장입 한계 기준설정 등 | G65: 공정제품 용기설정 기준서 | H65: 생산팀 | I65: 지성규 | J65: 2026-10
A66: 62 | B66: 보통 | C66: 5. 자재관리 | D66: 5-4 | E66: SH-FM-MAT-N16 | F66: 외관확인이 어려운 공정처리 전/후 재공품 보관용기 식별절차 수립 및 준수상태 | G66: 과다적재방지 장입한계기준 설정 | H66: 생산팀 | I66: 지성규 | J66: 2026-10
A67: 63 | B67: 보통 | C67: 6. 품질경영체제 | D67: 6-1 | E67: SH-FM-QMS-N06 | F67: 작업 현장내 안전표지/수칙 게시 및 작업자 교육 | G67: 작업장 안전수칙 라인별 제작활용 | H67: 생산팀 | I67: 지성규 | J67: 2026-10
A68: 64 | B68: 보통 | C68: 6. 품질경영체제 | D68: 6-1 | E68: SH-FM-QMS-N07 | F68: 작업 현장내 위험요소(위험물)에 대한 사고예방 장비/시설물 설치 및 식별 표준류 반영 | G68: 유해물질보관장 선정 | H68: 생산팀 | I68: 지성규 | J68: 2026-10
A69: 65 | B69: 보통 | C69: 6. 품질경영체제 | D69: 6-1 | E69: SH-FM-QMS-N08 | F69: 1) 표준류 게시된 현위치 기준 소화 방재시설 위치 및 비상대피 동선 표기된 표준류 작성/게시 | G69: 유해물질보관장 MSDS비치활용 | H69: 생산팀 | I69: 지성규 | J69: 2026-10
A70: 66 | B70: 보통 | C70: 6. 품질경영체제 | D70: 6-1 | E70: SH-FM-QMS-N10 | F70: 운영중인 설비에 대한 정기 안전관리 프로세스 수립 및 이행상태 | G70: 설비안전관리책임자선정및 정,부 식별현황 | H70: 생산팀 | I70: 지성규 | J70: 2026-10
A71: 67 | B71: 보통 | C71: 6. 품질경영체제 | D71: 6-1 | E71: SH-FM-QMS-N11 | G71: 소화기점검식별표 | H71: 생산팀 | I71: 지성규 | J71: 2026-10
A72: 68 | B72: 보통 | C72: 6. 품질경영체제 | D72: 6-5 | E72: SH-FM-QMS-N24 | F72: ※ 부적합 판별 실기평가 | G72: 계수형R&R 계획대실적표 | H72: 품질팀 | I72: 이광재 | J72: 2026-10
A73: 69 | B73: 보통 | C73: 6. 품질경영체제 | D73: 6-5 | E73: SH-FM-QMS-N25 | F73: 외관검사 : 부적합 유형별 검출능력 실기평가 | G73: 계수형R&R 실시실적 | H73: 품질팀 | I73: 이광재 | J73: 2026-10
A74: 70 | B74: 보통 | C74: 6. 품질경영체제 | D74: 6-5 | E74: SH-FM-QMS-N26 | F74: 자격인증 검증평가 결과에 대한 신뢰도 확보 필요(수기 작성 원본데이터, 검증용 시료 확보 등) | G74: 계수형R&R 평가샘플 보관대 | H74: 생산팀 | I74: 지성규 | J74: 2026-10
A75: 71 | B75: 보통 | C75: 6. 품질경영체제 | D75: 6-5 | E75: SH-FM-QMS-N27 | F75: 자격인증자 결원/휴가시 대응인원 확보상태 및 후속조치 관리방안/실행상태 | G75: 자격인증대상자교육실시보고서 | H75: 품질팀 | I75: 이광재 | J75: 2026-10
A76: 72 | B76: 보통 | C76: 6. 품질경영체제 | D76: 6-5 | E76: SH-FM-QMS-N28 | F76: 작업자 결원으로 대체인원 투입 불가피시, 투입전 교육/품질보증 방안 등 관리 규정 수립 및 관리 상태점검 | G76: 자격인증서(검사원/현장작업자) | H76: 품질팀 | I76: 이광재 | J76: 2026-10
A77: 73 | B77: 보통 | C77: 6. 품질경영체제 | D77: 6-5 | E77: SH-FM-QMS-N29 | F77: 생산작업자 자격인증 : 동일작업 반복 생산후 부품간 산포발생 가능성 검증 | G77: 작업자변경시 교육실시보고서 | H77: 생산팀 | I77: 지성규 | J77: 2026-10
A78: 74 | B78: 보통 | C78: 6. 품질경영체제 | D78: 6-7 | E78: SH-FM-QMS-N33 | F78: 수입검사/생산공정/최종검사 부적합(추정)품에 대한 격리/식별절차 수립 및 준수여부 | G78: 부적합처리업무 프로세스 | H78: 품질팀 | I78: 이광재 | J78: 2026-10
A79: 75 | B79: 보통 | C79: 6. 품질경영체제 | D79: 6-7 | E79: SH-FM-QMS-N34 | F79: 부적합품 후공정 유출 방지를 위한 식별 및 격리방안 세부 작성 및 준수여부 | G79: 부적합 격리보관장소 지정 (펜스격리) | H79: 품질팀 | I79: 이광재 | J79: 2026-10
A80: 76 | B80: 보통 | C80: 6. 품질경영체제 | D80: 6-7 | E80: SH-FM-QMS-N36 | F80: 생산중 부적합품 발생수량과 실제 수거량 비교를 통한 부적합품 후공정 유출 발생여부점검활동[점검이력 보관] | G80: 부적합품 보관함 | H80: 품질팀 | I80: 이광재 | J80: 2026-10
A81: 77 | B81: 보통 | C81: 6. 품질경영체제 | D81: 6-8 | E81: SH-FM-QMS-N38 | F81: ⇒ 공정불량 (생산수량, 불량수, PPM), 고객불량 (납품수량, 불량수, PPM), 외주불량(입고수량, 불량수, PPM) | G81: 고객/공정/외주불량 실적PPM | H81: 품질팀 | I81: 박철호 | J81: 2026-10
A82: 78 | B82: 보통 | C82: 6. 품질경영체제 | D82: 6-8 | E82: SH-FM-QMS-N39 | F82: 목표 미달시 워스트 항목에 대한 근본적인 원인분석 및 개선대책 수립/유효성 평가 실시상태 | G82: 고객/공정/외주불량 개선대책서 | H82: 품질팀 | I82: 박철호 | J82: 2026-10
A83: 79 | B83: 보통 | C83: 6. 품질경영체제 | D83: 6-8 | E83: SH-FM-QMS-N40 | G83: D+3개월 유효성검증 | H83: 품질팀 | I83: 품질팀 | J83: 2026-10
A84: 80 | B84: 보통 | C84: 6. 품질경영체제 | D84: 6-13 | E84: SH-FM-QMS-N51 | F84: 『정성품질』 활동 관련 업무분장(키맨) | G84: 정성품질향상가이드 | H84: 품질팀 | I84: 김명용 | J84: 2026-10
A85: 81 | B85: 보통 | C85: 6. 품질경영체제 | D85: 6-13 | E85: SH-FM-QMS-N52 | F85: 『정성품질』 수평전개 교육 담당/ 품질문제 발생시 개선활동 담당/ 고객사 협업 담당 등 | G85: 정성품질 조직도 (키맨선정) | H85: 품질팀 | I85: 김명용 | J85: 2026-10
A86: 82 | B86: 보통 | C86: 6. 품질경영체제 | D86: 6-13 | E86: SH-FM-QMS-N53 | F86: 제조현장 『정성품질』관련 예방/개선 프로세스 수립(제조현장 반영내역 확인) | G86: 정성품질 체크시트 | H86: 품질팀 | I86: 김명용 | J86: 2026-10
A87: 83 | B87: 보통 | C87: 6. 품질경영체제 | D87: 6-13 | E87: SH-FM-QMS-N54 | F87: 예방활동 : 휴먼에러 발생 예방을 위한 작업자/공정/설비 등 예방점검 개선 이력 | G87: 정성품질 개선추진보고서 | H87: 품질팀 | I87: 김명용 | J87: 2026-10
A88: 84 | B88: 보통 | C88: 6. 품질경영체제 | D88: 6-13 | E88: SH-FM-QMS-N55 | F88: 『정성품질』 유지 및 관리실태 점검 활동 실시이력(현황 및 개선대책 경영진 보고) | G88: 정성품질 포상실행 품의서 | H88: 품질팀 | I88: 김명용 | J88: 2026-10
A89: 85 | B89: 보통 | C89: 3. 설비관리 | D89: 3-2 | E89: SH-FM-EQP-N07 | F89: 설비 작동유는 사용시간을 고려한 교체주기설정 예)설비오일 2,000Hr시 전량교체 (필터포함)(※정밀프레스추가) | G89: 설비예비품 입출고 관리일지 | H89: 생산기술 | I89: 황지환 | J89: 2026-11
A90: 86 | B90: 보통 | C90: 3. 설비관리 | D90: 3-2 | E90: SH-FM-EQP-N08 | F90: 프레스설비 1회/년 설비제조협력사에 정기정도 점검 진행 | G90: 작동유관리기준서 | H90: 생산기술 | I90: 황지환 | J90: 2026-11
A91: 87 | B91: 보통 | C91: 3. 설비관리 | D91: 3-2 | E91: SH-FM-EQP-N09 | F91: (일상검사시 Air 압력 검사: 바란스, 클러치, 브레이크 AIR) (※정밀프레스 추가) | G91: 작동유샘플보관대제작설치 | H91: 생산기술 | I91: 황지환 | J91: 2026-11
A92: 88 | B92: 보통 | C92: 3. 설비관리 | D92: 3-4 | E92: SH-FM-EQP-N13 | F92: CO2용접기: 전류.전압 검 교정.케이블 조임상태. 메인 전원 입력 변동 차. 와이어 공급상태 - 스폿 용접기: 전류. 통전시간 오차확인. 가압력 확인. 전극.전원연결 조임 상태.냉각수 온도 압력, 부품누락. - 로봇: 쇼크센서 작동상태, 콘트롤러 배터리 전압, 콘트롤러 냉각핀 작동상태, 케이블 연결상태 | G92: 설비정기점검 관리기준서 | H92: 생산기술 | I92: 황지환 | J92: 2026-11
A93: 89 | B93: 보통 | C93: 3. 설비관리 | D93: 3-4 | E93: SH-FM-EQP-N14 | G93: 설비정기점검계획대실적표 | H93: 생산기술 | I93: 황지환 | J93: 2026-11
A94: 90 | B94: 보통 | C94: 3. 설비관리 | D94: 3-5 | E94: SH-FM-EQP-N16 | F94: 전극, 가스, 냉각수 관리 F/PROOF 구축시 관리기준 및 준수상태, F/PROOF 미구축시 관리기준 수립여부, | G94: CO2용접원점확인장치 | H94: (부서 미정) | I94: 황지환 | J94: 2026-11
A95: 91 | B95: 보통 | C95: 3. 설비관리 | D95: 3-5 | E95: SH-FM-EQP-N18 | F95: (드레싱 및 교체 주기 관리, 용접타점 관리, 타점 도달시 경보장치) | G95: 가스잔량 F/P장치 | H95: (부서 미정) | I95: 황지환 | J95: 2026-11
A96: 92 | B96: 보통 | C96: 3. 설비관리 | D96: 3-4 | E96: SH-FM-EQP-N15 | G96: 설비정기점검 실적 | H96: 생산기술 | I96: 황지환 | J96: 2026-12
A97: 93 | B97: 낮음 | C97: 1. 생산조건관리 | D97: 1-3 | E97: SH-FM-PRD-N01 | F97: ※ 해당공정 외국인작업자 주요 표준류 교육 및 내용 숙지 시 현지어 번역게시 불필요(현장확인 필요) | G97: 작업일보 현지어 번역본 | H97: 생산팀 | J97: 2026-10
A98: 94 | B98: 낮음 | C98: 6. 품질경영체제 | D98: 6-4 | E98: SH-FM-QMS-N19 | F98: ⇒ 점검결과 경영자/임원 보고 및 후속조치 활동 이력[증빙물 관리] | G98: SQ 사전점검 지적사항및 개선대책 | H98: 품질팀 | I98: 이광재 | J98: 2026-10
A99: 95 | B99: 낮음 | C99: 6. 품질경영체제 | D99: 6-9 | E99: SH-FM-QMS-N41 | F99: 정기적인 작업장/ 검사장 조도 관리를 위한 운영 프로세스 수립[측정장소/시간, 조도 관리기준, 측정장소 지정] | G99: 조도관리기준서 | H99: 생산팀 | I99: 지성규 | J99: 2026-10
A100: 96 | B100: 낮음 | C100: 6. 품질경영체제 | D100: 6-9 | E100: SH-FM-QMS-N42 | G100: 조도측정부 현장내 식별 | H100: 생산팀 | I100: 지성규 | J100: 2026-10
A101: 97 | B101: 낮음 | C101: 6. 품질경영체제 | D101: 6-6 | E101: SH-FM-QMS-N31 | F101: 작업실수 방지 및 안전사고 예방을 위한 작업자 교육실시(실시교안 및 이력 증빙관리) | G101: 교육실시보고서 (교육사진/참석자서명) | H101: 품질팀 | I101: 김명용 | J101: 2026-11
A102: 98 | B102: 낮음 | C102: 6. 품질경영체제 | D102: 6-6 | E102: SH-FM-QMS-N32 | F102: 공정별(수입/제조/완성품 검사) 작업자 및 검사 담당자에 대한 부적합 처리절차 교육 시행여부 | G102: 품질문제발생시 즉시교육실적보고서 | H102: 품질팀 | I102: 김명용 | J102: 2026-11
A103: 99 | B103: 낮음 | C103: 6. 품질경영체제 | D103: 6-9 | E103: SH-FM-QMS-N43 | G103: 조도측정 실적 | H103: 생산팀 | I103: 지성규 | J103: 2026-11
A104: 100 | B104: 낮음 | C104: 6. 품질경영체제 | D104: 6-10 | E104: SH-FM-QMS-N45 | F104: 현장점검시 3정 5행 관리실태 | G104: 3정5행점검 체크시트 | H104: 생산팀 | I104: 지성규 | J104: 2026-11
A105: 101 | B105: 낮음 | C105: 6. 품질경영체제 | D105: 6-10 | E105: SH-FM-QMS-N47 | G105: 3정5행개선사례 현황판 | H105: 생산팀 | I105: 지성규 | J105: 2026-11
...

Sheet FM양식번호_초안
A1: SQ mark 심사 - 신규 양식(FM) 문서번호 부여 초안
A2: 작성일: 2026-09-17(Rev.2) | 총 240건 | 체계: SH-FM-<근거 QP/WI 번호>-<순번> / 근거 문서가 없으면 SH-FM-<SQ구분코드>-N<순번> | 문서관리대장(SH-FM-002-01 표기 방식) 준용
A3: DISCLAIMER: "작성구분"/"관련 기존 문서"는 QMS_REV00 품질경영시스템 통합문서(SH-QP-001~025, SH-WI-001~030) 실제 본문과 대조한 재판정 결과입니다(2026-09-17, Rev.2). 녹색=본문상 근거 확인된 기존 연계, 노란색="기존 절차 연계 (제안 — 검토 필요)"로 표시된 항목(본문 근거가 약하거나 새로 발견된 연계 후보 — 관련 기존 문서 칸의 [재검토]/[신규 발견]/[참고] 문구 확인), 빨간색=신규 작성 필요. "FM문서번호(안)"/"목표완료월"은 규칙 기반 1차 추정치입니다. 실제 활용 가능 여부, 양식 신규 제정 여부, 일정은 반드시 담당부서·품질책임자 검토 후 확정하세요.
A4: NO | B4: 문서구분 | C4: 문서번호(FM안) | D4: 문서명(필요서류) | E4: 근거 상위문서(QM/QP/WI) | F4: SQ 심사구분 | G4: 주관부서 | H4: 목표 제정월 | I4: 제정상태 | J4: 비고
A5: 1 | B5: FM | C5: SH-FM-EQP-N01 | D5: 설비 오셋팅방지 KEY-LOCK | E5: (신규 절차 필요) | F5: 3. 설비관리 | G5: 생산팀 | H5: 2026-09 | I5: 제정 예정
A6: 2 | B6: FM | C6: SH-FM-EQP-N02 | D6: 설비정기점검 계획대실적표 | E6: (신규 절차 필요) | F6: 3. 설비관리 | G6: 생산기술 | H6: 2026-10 | I6: 제정 예정 | J6: 0
A7: 3 | B7: FM | C7: SH-FM-EQP-N03 | D7: 설비정기점검 실적 | E7: (신규 절차 필요) | F7: 3. 설비관리 | G7: 생산기술 | H7: 2026-10 | I7: 제정 예정
A8: 4 | B8: FM | C8: SH-FM-EQP-N04 | D8: 설비관리대장 | E8: (신규 절차 필요) | F8: 3. 설비관리 | G8: 생산기술 | H8: 2026-10 | I8: 제정 예정
A9: 5 | B9: FM | C9: SH-FM-EQP-N05 | D9: 설비이력카드 | E9: (신규 절차 필요) | F9: 3. 설비관리 | G9: 생산기술 | H9: 2026-10 | I9: 제정 예정
A10: 6 | B10: FM | C10: SH-FM-QP015-01 | D10: 설비압력게이지 검증 계획대실적표 | E10: SH-QP-015 | F10: 3. 설비관리 | G10: 생산기술 | H10: 2026-10 | I10: 제정 예정 | J10: ※재판정(본문대조): 기존 절차 연계 가능성 신규 발견 — 검토 후 확정 필요
A11: 7 | B11: FM | C11: SH-FM-EQP-N07 | D11: 설비예비품 입출고 관리일지 | E11: (신규 절차 필요) | F11: 3. 설비관리 | G11: 생산기술 | H11: 2026-11 | I11: 제정 예정
A12: 8 | B12: FM | C12: SH-FM-EQP-N08 | D12: 작동유관리기준서 | E12: (신규 절차 필요) | F12: 3. 설비관리 | G12: 생산기술 | H12: 2026-11 | I12: 제정 예정
A13: 9 | B13: FM | C13: SH-FM-EQP-N09 | D13: 작동유샘플보관대제작설치 | E13: (신규 절차 필요) | F13: 3. 설비관리 | G13: 생산기술 | H13: 2026-11 | I13: 제정 예정
A14: 10 | B14: FM | C14: SH-FM-EQP-N10 | D14: CO2용접원점확인장치 | E14: (신규 절차 필요) | F14: 3. 설비관리 | G14: (부서 미정) | H14: 2026-10 | I14: 제정 예정
A15: 11 | B15: FM | C15: SH-FM-EQP-N11 | D15: 스폿로봇 원점확인장치 | E15: (신규 절차 필요) | F15: 3. 설비관리 | G15: 생산팀 | H15: 2026-09 | I15: 제정 예정
A16: 12 | B16: FM | C16: SH-FM-EQP-N12 | D16: 용접전극드레싱/교환 F/P장비설치 | E16: (신규 절차 필요) | F16: 3. 설비관리 | G16: 생산팀 | H16: 2026-09 | I16: 제정 예정
A17: 13 | B17: FM | C17: SH-FM-EQP-N13 | D17: 설비정기점검 관리기준서 | E17: (신규 절차 필요) | F17: 3. 설비관리 | G17: 생산기술 | H17: 2026-11 | I17: 제정 예정
A18: 14 | B18: FM | C18: SH-FM-EQP-N14 | D18: 설비정기점검계획대실적표 | E18: (신규 절차 필요) | F18: 3. 설비관리 | G18: 생산기술 | H18: 2026-11 | I18: 제정 예정
A19: 15 | B19: FM | C19: SH-FM-EQP-N15 | D19: 설비정기점검 실적 | E19: (신규 절차 필요) | F19: 3. 설비관리 | G19: 생산기술 | H19: 2026-12 | I19: 제정 예정
A20: 16 | B20: FM | C20: SH-FM-EQP-N16 | D20: CO2용접원점확인장치 | E20: (신규 절차 필요) | F20: 3. 설비관리 | G20: (부서 미정) | H20: 2026-11 | I20: 제정 예정
A21: 17 | B21: FM | C21: SH-FM-EQP-N17 | D21: 스폿로봇 원점확인장치 | E21: (신규 절차 필요) | F21: 3. 설비관리 | G21: 생산팀 | H21: 2026-09 | I21: 제정 예정
A22: 18 | B22: FM | C22: SH-FM-EQP-N18 | D22: 가스잔량 F/P장치 | E22: (신규 절차 필요) | F22: 3. 설비관리 | G22: (부서 미정) | H22: 2026-11 | I22: 제정 예정
... A26: 22 | B26: FM | C26: SH-FM-EQP-N22 | D26: JIG PIN 위치도 및 상세사진 위치도 | E26: (신규 절차 필요) | F26: 3. 설비관리 | G26: 생산팀 | H26: 2026-10 | I26: 제정 예정
A27: 23 | B27: FM | C27: SH-FM-QP013-10 | D27: 원자재수입검사 일지 | E27: SH-QP-013 | F27: 2. 검사시험 | G27: 구매자재팀 | H27: 2026-09 | I27: 제정 예정 | J27: ※재판정(본문대조): 기존 절차 연계 가능성 신규 발견 — 검토 후 확정 필요
A28: 24 | B28: FM | C28: SH-FM-WI029-02 | D28: 원자재 M/SHEET (입고LOT별 접수) | E28: SH-WI-029 | F28: 2. 검사시험 | G28: 구매자재팀 | H28: 2026-09 | I28: 제정 예정 | J28: ※재판정(본문대조): 기존 절차 연계 가능성 신규 발견 — 검토 후 확정 필요
A29: 25 | B29: FM | C29: SH-FM-INS-N03 | D29: 원자재식별표 | E29: (신규 절차 필요) | F29: 2. 검사시험 | G29: 구매자재팀 | H29: 2026-09 | I29: 제정 예정
A30: 26 | B30: FM | C30: SH-FM-INS-N04 | D30: 외주품입고식별표 | E30: (신규 절차 필요) | F30: 2. 검사시험 | G30: 구매자재팀 | H30: 2026-09 | I30: 제정 예정
A31: 27 | B31: FM | C31: SH-FM-INS-N05 | D31: 외주품 부적합처리기준서 | E31: (신규 절차 필요) | F31: 2. 검사시험 | G31: 품질팀 | H31: 2026-09 | I31: 제정 예정
A32: 28 | B32: FM | C32: SH-FM-INS-N06 | D32: 외주품 검사협정서 | E32: (신규 절차 필요) | F32: 2. 검사시험 | G32: 품질팀 | H32: 2026-09 | I32: 제정 예정
A33: 29 | B33: FM | C33: SH-FM-INS-N07 | D33: 한도견본 관리대장(외주품/완성품) | E33: (신규 절차 필요) | F33: 2. 검사시험 | G33: 품질팀 | H33: 2026-09 | I33: 제정 예정
A34: 30 | B34: FM | C34: SH-FM-INS-N08 | D34: 한도견본 샘플보관대 및 샘플 | E34: (신규 절차 필요) | F34: 2. 검사시험 | G34: 생산팀 | H34: 2026-10 | I34: 제정 예정
A35: 31 | B35: FM | C35: SH-FM-INS-N09 | D35: 정기검사계획대실적(치수/용접) | E35: (신규 절차 필요) | F35: 2. 검사시험 | G35: 품질팀 | H35: 2026-09 | I35: 제정 예정
A36: 32 | B36: FM | C36: SH-FM-INS-N10 | D36: 중금속 정기검사 계획대실적 | E36: (신규 절차 필요) | F36: 2. 검사시험 | G36: 구매자재팀 | H36: 2026-09 | I36: 제정 예정
A37: 33 | B37: FM | C37: SH-FM-INS-N11 | D37: 중금속 성적서 | E37: (신규 절차 필요) | F37: 2. 검사시험 | G37: 구매자재팀 | H37: 2026-09 | I37: 제정 예정
A38: 34 | B38: FM | C38: SH-FM-INS-N12 | D38: 용접스패터관리 점검체크시트 | E38: (신규 절차 필요) | F38: 2. 검사시험 | G38: 품질팀 | H38: 2026-09 | I38: 제정 예정
A39: 35 | B39: FM | C39: SH-FM-INS-N13 | D39: 완성품검사체크시트 | E39: (신규 절차 필요) | F39: 2. 검사시험 | G39: 품질팀 | H39: 2026-09 | I39: 제정 예정
A40: 36 | B40: FM | C40: SH-FM-INS-N14 | D40: 완성품검사식별표 | E40: (신규 절차 필요) | F40: 2. 검사시험 | G40: 품질팀 | H40: 2026-09 | I40: 제정 예정
A41: 37 | B41: FM | C41: SH-FM-WI006-10 | D41: 완성품보관장소선정 | E41: SH-WI-006 | F41: 2. 검사시험 | G41: 품질팀 | H41: 2026-09 | I41: 제정 예정 | J41: ※재판정(본문대조): 기존 절차 연계 가능성 신규 발견 — 검토 후 확정 필요
A42: 38 | B42: FM | C42: SH-FM-QP012-01 | D42: 완성검사관리대제작 | E42: SH-QP-012 | F42: 2. 검사시험 | G42: 품질팀 | H42: 2026-09 | I42: 제정 예정 | J42: ※재판정(본문대조): 기존 절차 연계 가능성 신규 발견 — 검토 후 확정 필요
A43: 39 | B43: FM | C43: SH-FM-INS-N17 | D43: (QMS SYSTEM 운영시 컴퓨터설치운영) | E43: (신규 절차 필요) | F43: 2. 검사시험 | G43: (부서 미정) | H43: 2026-10 | I43: 제정 예정
A44: 40 | B44: FM | C44: SH-FM-INS-N18 | D44: 용입검사 계획대실적 | E44: (신규 절차 필요) | F44: 2. 검사시험 | G44: 품질팀 | H44: 2026-09 | I44: 제정 예정
A45: 41 | B45: FM | C45: SH-FM-INS-N19 | D45: 용접로보트별 용접POINT 관리표준 | E45: (신규 절차 필요) | F45: 2. 검사시험 | G45: 생산팀 | H45: 2026-09 | I45: 제정 예정
A46: 42 | B46: FM | C46: SH-FM-INS-N20 | D46: 용접로보트별 용접POINT 관리표준 | E46: (신규 절차 필요) | F46: 2. 검사시험 | G46: 품질팀 | H46: 2026-09 | I46: 제정 예정
A47: 43 | B47: FM | C47: SH-FM-INS-N21 | D47: 용접반파괴/파괴검사기준 | E47: (신규 절차 필요) | F47: 2. 검사시험 | G47: 생산팀 | H47: 2026-09 | I47: 제정 예정
A48: 44 | B48: FM | C48: SH-FM-INS-N22 | D48: 용접검사체크시트 | E48: (신규 절차 필요) | F48: 2. 검사시험 | G48: 생산팀 | H48: 2026-09 | I48: 제정 예정
A49: 45 | B49: FM | C49: SH-FM-INS-N23 | D49: 용접반파괴 검사대제작 | E49: (신규 절차 필요) | F49: 2. 검사시험 | G49: 생산팀 | H49: 2026-09 | I49: 제정 예정
A50: 46 | B50: FM | C50: SH-FM-WI001-03 | D50: (용접반파괴테스트 보관대제작-한도견본&현품) | E50: SH-WI-001 | F50: 2. 검사시험 | G50: 생산팀 | H50: 2026-09 | I50: 제정 예정 | J50: ※재판정(본문대조): 기존 절차 연계 가능성 신규 발견 — 검토 후 확정 필요
A51: 47 | B51: FM | C51: SH-FM-MAT-N01 | D51: 작업일보 | E51: (신규 절차 필요) | F51: 5. 자재관리 | G51: 생산팀 | H51: 2026-09 | I51: 제정 예정
A52: 48 | B52: FM | C52: SH-FM-MAT-N02 | D52: 작업일보 | E52: (신규 절차 필요) | F52: 5. 자재관리 | G52: 생산팀 | H52: 2026-09 | I52: 제정 예정
A53: 49 | B53: FM | C53: SH-FM-MAT-N03 | D53: 부품식별표 | E53: (신규 절차 필요) | F53: 5. 자재관리 | G53: 생산팀 | H53: 2026-09 | I53: 제정 예정
A54: 50 | B54: FM | C54: SH-FM-MAT-N04 | D54: 출하일지 | E54: (신규 절차 필요) | F54: 5. 자재관리 | G54: 구매자재팀 | H54: 2026-10 | I54: 제정 예정
A55: 51 | B55: FM | C55: SH-FM-MAT-N05 | D55: 고객부품식별표 | E55: (신규 절차 필요) | F55: 5. 자재관리 | G55: 구매자재팀 | H55: 2026-10 | I55: 제정 예정
A56: 52 | B56: FM | C56: SH-FM-MAT-N06 | D56: 원자재선입선출관리기준서 | E56: (신규 절차 필요) | F56: 5. 자재관리 | G56: 구매자재팀 | H56: 2026-10 | I56: 제정 예정
A57: 53 | B57: FM | C57: SH-FM-MAT-N07 | D57: .원자재식별표 | E57: (신규 절차 필요) | F57: 5. 자재관리 | G57: 구매자재팀 | H57: 2026-10 | I57: 제정 예정
A58: 54 | B58: FM | C58: SH-FM-MAT-N08 | D58: LAY-OUT 및재고현황 | E58: (신규 절차 필요) | F58: 5. 자재관리 | G58: 생산팀 | H58: 2026-10 | I58: 제정 예정
A59: 55 | B59: FM | C59: SH-FM-MAT-N09 | D59: 구역설정및 식별 | E59: (신규 절차 필요) | F59: 5. 자재관리 | G59: 생산팀 | H59: 2026-10 | I59: 제정 예정
A60: 56 | B60: FM | C60: SH-FM-MAT-N10 | D60: 부품식별표 | E60: (신규 절차 필요) | F60: 5. 자재관리 | G60: 생산팀 | H60: 2026-10 | I60: 제정 예정
A61: 57 | B61: FM | C61: SH-FM-MAT-N11 | D61: 불용자재식별표 | E61: (신규 절차 필요) | F61: 5. 자재관리 | G61: 구매자재팀 | H61: 2026-10 | I61: 제정 예정
A62: 58 | B62: FM | C62: SH-FM-WI028-04 | D62: 선입고품 우선사용 TAG식별 | E62: SH-WI-028 | F62: 5. 자재관리 | G62: 구매자재팀 | H62: 2026-10 | I62: 제정 예정 | J62: ※재판정(본문대조): 기존 절차 연계 가능성 신규 발견 — 검토 후 확정 필요
A63: 59 | B63: FM | C63: SH-FM-MAT-N13 | D63: .원자재식별표 | E63: (신규 절차 필요) | F63: 5. 자재관리 | G63: 구매자재팀 | H63: 2026-10 | I63: 제정 예정
A64: 60 | B64: FM | C64: SH-FM-MAT-N14 | D64: 부품식별표 | E64: (신규 절차 필요) | F64: 5. 자재관리 | G64: 생산팀 | H64: 2026-10 | I64: 제정 예정
A65: 61 | B65: FM | C65: SH-FM-MAT-N15 | D65: 공정제품 용기설정 기준서 | E65: (신규 절차 필요) | F65: 5. 자재관리 | G65: 생산팀 | H65: 2026-10 | I65: 제정 예정
A66: 62 | B66: FM | C66: SH-FM-MAT-N16 | D66: 과다적재방지 장입한계기준 설정 | E66: (신규 절차 필요) | F66: 5. 자재관리 | G66: 생산팀 | H66: 2026-10 | I66: 제정 예정
A67: 63 | B67: FM | C67: SH-FM-PRD-N01 | D67: 작업일보 현지어 번역본 | E67: (신규 절차 필요) | F67: 1. 생산조건관리 | G67: 생산팀 | H67: 2026-10 | I67: 제정 예정
A68: 64 | B68: FM | C68: SH-FM-QP014-01 | D68: 부적합처리기준 현지어번역본 | E68: SH-QP-014 | F68: 1. 생산조건관리 | G68: 품질팀 | H68: 2026-10 | I68: 제정 예정 | J68: ※재판정(본문대조): 기존 절차 연계 가능성 신규 발견 — 검토 후 확정 필요
A69: 65 | B69: FM | C69: SH-FM-WI030-01 | D69: 외관검사기준 현지어번역본 | E69: SH-WI-030 | F69: 1. 생산조건관리 | G69: 품질팀 | H69: 2026-10 | I69: 제정 예정 | J69: ※재판정(본문대조): 기존 절차 연계 가능성 신규 발견 — 검토 후 확정 필요
A70: 66 | B70: FM | C70: SH-FM-PRD-N04 | D70: 품질취약시간관리기준서 | E70: (신규 절차 필요) | F70: 1. 생산조건관리 | G70: 생산팀 | H70: 2026-10 | I70: 제정 예정
A71: 67 | B71: FM | C71: SH-FM-PRD-N05 | D71: 야간생산품 검사일지 | E71: (신규 절차 필요) | F71: 1. 생산조건관리 | G71: 품질팀 | H71: 2026-09 | I71: 제정 예정
A72: 68 | B72: FM | C72: SH-FM-PRD-N06 | D72: 작업일보 | E72: (신규 절차 필요) | F72: 1. 생산조건관리 | G72: 생산팀 | H72: 2026-09 | I72: 제정 예정
A73: 69 | B73: FM | C73: SH-FM-WI001-01 | D73: (작업일보내작업조건필히기록) | E73: SH-WI-001 | F73: 1. 생산조건관리 | G73: (부서 미정) | H73: 2026-09 | I73: 제정 예정 | J73: ※재판정(본문대조): 기존 절차 연계 가능성 신규 발견 — 검토 후 확정 필요
A74: 70 | B74: FM | C74: SH-FM-QP003-05 | D74: 로봇용접프로그램백업관리기준서 | E74: SH-QP-003 | F74: 1. 생산조건관리 | G74: 생산기술 | H74: 2026-09 | I74: 제정 예정 | J74: ※재판정(본문대조): 기존 절차 연계 가능성 신규 발견 — 검토 후 확정 필요
A75: 71 | B75: FM | C75: SH-FM-QP003-06 | D75: 로봇용접프로그램백업관리실적 | E75: SH-QP-003 | F75: 1. 생산조건관리 | G75: 생산기술 | H75: 2026-09 | I75: 제정 예정 | J75: ※재판정(본문대조): 기존 절차 연계 가능성 신규 발견 — 검토 후 확정 필요
A76: 72 | B76: FM | C76: SH-FM-PRD-N10 | D76: 용접조건 검증체크시트 | E76: (신규 절차 필요) | F76: 1. 생산조건관리 | G76: 생산기술 | H76: 2026-09 | I76: 제정 예정
A77: 73 | B77: FM | C77: SH-FM-PRD-N11 | D77: 스폿용접전류/가압력 관리기준서 | E77: (신규 절차 필요) | F77: 1. 생산조건관리 | G77: (부서 미정) | H77: 2026-09 | I77: 제정 예정
A78: 74 | B78: FM | C78: SH-FM-PRD-N12 | D78: 스폿용접전류/가압력 관리실적(1회/월) | E78: (신규 절차 필요) | F78: 1. 생산조건관리 | G78: 생산기술 | H78: 2026-09 | I78: 제정 예정
A79: 75 | B79: FM | C79: SH-FM-QP004-01 | D79: 안전관리업무기준서 | E79: SH-QP-004 | F79: 6. 품질경영체제 | G79: 생산팀 | H79: 2026-09 | I79: 제정 예정 | J79: ※재판정(본문대조): 기존 절차 연계 가능성 신규 발견 — 검토 후 확정 필요
A80: 76 | B80: FM | C80: SH-FM-QMS-N02 | D80: 안전보호구 지급기준 | E80: (신규 절차 필요) | F80: 6. 품질경영체제 | G80: 생산팀 | H80: 2026-09 | I80: 제정 예정
A81: 77 | B81: FM | C81: SH-FM-QMS-N03 | D81: 안전보호구 지급관리대장 | E81: (신규 절차 필요) | F81: 6. 품질경영체제 | G81: 생산팀 | H81: 2026-09 | I81: 제정 예정
A82: 78 | B82: FM | C82: SH-FM-QMS-N04 | D82: 안전교육교안 | E82: (신규 절차 필요) | F82: 6. 품질경영체제 | G82: 생산팀 | H82: 2026-09 | I82: 제정 예정
A83: 79 | B83: FM | C83: SH-FM-QMS-N05 | D83: 안전교육실시보고서 | E83: (신규 절차 필요) | F83: 6. 품질경영체제 | G83: 생산팀 | H83: 2026-09 | I83: 제정 예정
A84: 80 | B84: FM | C84: SH-FM-QMS-N06 | D84: 작업장 안전수칙 라인별 제작활용 | E84: (신규 절차 필요) | F84: 6. 품질경영체제 | G84: 생산팀 | H84: 2026-10 | I84: 제정 예정
A85: 81 | B85: FM | C85: SH-FM-QMS-N07 | D85: 유해물질보관장 선정 | E85: (신규 절차 필요) | F85: 6. 품질경영체제 | G85: 생산팀 | H85: 2026-10 | I85: 제정 예정
A86: 82 | B86: FM | C86: SH-FM-QMS-N08 | D86: 유해물질보관장 MSDS비치활용 | E86: (신규 절차 필요) | F86: 6. 품질경영체제 | G86: 생산팀 | H86: 2026-10 | I86: 제정 예정
A87: 83 | B87: FM | C87: SH-FM-WI016-04 | D87: 설비일상/정기점검기준서(안전장치점검반영) | E87: SH-WI-016 | F87: 6. 품질경영체제 | G87: 생산팀 | H87: 2026-10 | I87: 제정 예정 | J87: ※재판정(본문대조): 기존 절차 연계 가능성 신규 발견 — 검토 후 확정 필요
A88: 84 | B88: FM | C88: SH-FM-QMS-N10 | D88: 설비안전관리책임자선정및 정,부 식별현황 | E88: (신규 절차 필요) | F88: 6. 품질경영체제 | G88: 생산팀 | H88: 2026-10 | I88: 제정 예정
A89: 85 | B89: FM | C89: SH-FM-QMS-N11 | D89: 소화기점검식별표 | E89: (신규 절차 필요) | F89: 6. 품질경영체제 | G89: 생산팀 | H89: 2026-10 | I89: 제정 예정
A90: 86 | B90: FM | C90: SH-FM-QMS-N12 | D90: 설계변경/4M관리업무 프로세스 | E90: (신규 절차 필요) | F90: 6. 품질경영체제 | G90: 품질팀 | H90: 2026-09 | I90: 제정 예정
A91: 87 | B91: FM | C91: SH-FM-QMS-N13 | D91: 도면일치성관리기준서 | E91: (신규 절차 필요) | F91: 6. 품질경영체제 | G91: 품질팀 | H91: 2026-09 | I91: 제정 예정
A92: 88 | B92: FM | C92: SH-FM-QP002-01 | D92: 도면일치성점검체크시트(고객사관리본접수) | E92: SH-QP-002 | F92: 6. 품질경영체제 | G92: 품질팀 | H92: 2026-09 | I92: 제정 예정 | J92: ※재판정(본문대조): 기존 절차 연계 가능성 신규 발견 — 검토 후 확정 필요
A93: 89 | B93: FM | C93: SH-FM-QMS-N15 | D93: 도면/검사협정서/초도품보증서고객승인본 | E93: (신규 절차 필요) | F93: 6. 품질경영체제 | G93: 품질팀 | H93: 2026-09 | I93: 제정 예정
A94: 90 | B94: FM | C94: SH-FM-QMS-N16 | D94: 정기검사실적 | E94: (신규 절차 필요) | F94: 6. 품질경영체제 | G94: 품질팀 | H94: 2026-09 | I94: 제정 예정
A95: 91 | B95: FM | C95: SH-FM-QP025-02 | D95: ISO인증서 | E95: SH-QP-025 | F95: 6. 품질경영체제 | G95: 품질팀 | H95: 2026-10 | I95: 제정 예정 | J95: ※재판정(본문대조): 기존 절차 연계 가능성 신규 발견 — 검토 후 확정 필요
A96: 92 | B96: FM | C96: SH-FM-QP025-03 | D96: 품질매뉴얼/절차서/지침서 | E96: SH-QP-025 | F96: 6. 품질경영체제 | G96: 품질팀 | H96: 2026-10 | I96: 제정 예정 | J96: ※재판정(본문대조): 기존 절차 연계 가능성 신규 발견 — 검토 후 확정 필요
A97: 93 | B97: FM | C97: SH-FM-QMS-N19 | D97: SQ 사전점검 지적사항및 개선대책 | E97: (신규 절차 필요) | F97: 6. 품질경영체제 | G97: 품질팀 | H97: 2026-10 | I97: 제정 예정
A98: 94 | B98: FM | C98: SH-FM-QMS-N20 | D98: (유효성검증관리 실적) | E98: (신규 절차 필요) | F98: 6. 품질경영체제 | G98: (부서 미정) | H98: 2026-12 | I98: 제정 예정
A99: 95 | B99: FM | C99: SH-FM-QMS-N21 | D99: 자격인증관리 기준서 | E99: (신규 절차 필요) | F99: 6. 품질경영체제 | G99: 품질팀 | H99: 2026-09 | I99: 제정 예정
A100: 96 | B100: FM | C100: SH-FM-QP006-03 | D100: 자격인증체크시트 (검사원) | E100: SH-QP-006 | F100: 6. 품질경영체제 | G100: 품질팀 | H100: 2026-10 | I100: 제정 예정 | J100: ※재판정(본문대조): 기존 절차 연계 가능성 신규 발견 — 검토 후 확정 필요
A101: 97 | B101: FM | C101: SH-FM-QP006-04 | D101: 자격인증체크시트 (현장작업자) | E101: SH-QP-006 | F101: 6. 품질경영체제 | G101: 생산팀 | H101: 2026-10 | I101: 제정 예정 | J101: ※재판정(본문대조): 기존 절차 연계 가능성 신규 발견 — 검토 후 확정 필요
A102: 98 | B102: FM | C102: SH-FM-QMS-N24 | D102: 계수형R&R 계획대실적표 | E102: (신규 절차 필요) | F102: 6. 품질경영체제 | G102: 품질팀 | H102: 2026-10 | I102: 제정 예정
A103: 99 | B103: FM | C103: SH-FM-QMS-N25 | D103: 계수형R&R 실시실적 | E103: (신규 절차 필요) | F103: 6. 품질경영체제 | G103: 품질팀 | H103: 2026-10 | I103: 제정 예정
...

Sheet C1_생산조건관리
A1: SQ mark 심사 - 1. 생산조건관리 필요서류 체크리스트
A2: 고객사: 한온시스템 | 작성일: 2026-09-17(Rev.2) | 해당 구분 필요서류: 29건
A3: DISCLAIMER: "작성구분"/"관련 기존 문서"는 QMS_REV00 품질경영시스템 통합문서(SH-QP-001~025, SH-WI-001~030) 실제 본문과 대조한 재판정 결과입니다(2026-09-17, Rev.2). 녹색=본문상 근거 확인된 기존 연계, 노란색="기존 절차 연계 (제안 — 검토 필요)"로 표시된 항목(본문 근거가 약하거나 새로 발견된 연계 후보 — 관련 기존 문서 칸의 [재검토]/[신규 발견]/[참고] 문구 확인), 빨간색=신규 작성 필요. "FM문서번호(안)"/"목표완료월"은 규칙 기반 1차 추정치입니다. 실제 활용 가능 여부, 양식 신규 제정 여부, 일정은 반드시 담당부서·품질책임자 검토 후 확정하세요.
A4: NO | B4: 번호 | C4: 우선순위 | D4: 요구사항(세부 추진 항목) | E4: 필요서류(준비서류) | F4: FM문서번호(안) | G4: 현장 연계 | H4: 담당부서 | I4: 담당자 | J4: 작성구분(자동추정) | K4: 관련 기존 문서(참고) | L4: 목표완료월(제안) | M4: 준비상태 | N4: 비고
A5: 1 | B5: 1-5 | C5: 높음 | E5: 작업일보 | F5: SH-FM-PRD-N06 | G5: 관리본 배포 | H5: 생산팀 | J5: 신규 작성 필요 | L5: 2026-09
A6: 2 | B6: 1-5 | C6: 높음 | E6: (작업일보내작업조건필히기록) | F6: SH-FM-WI001-01 | H6: (부서 미정) | J6: 기존 절차 연계 | K6: SH-WI-001(생산 작업준비 및 초품확인 표준) [확정 2026-09-22: 신규 발견 연계 채택(ratio=0.72) — 품질경영담당 일괄판단, 부서 정식회신 생략] | L6: 2026-09 | N6: ※재판정(본문대조): 기존 절차 연계 가능성 신규 발견 — 검토 후 확정 필요
A7: 3 | B7: 1-5 | C7: 높음 | E7: 로봇용접프로그램백업관리기준서 | F7: SH-FM-QP003-05 | G7: 관리본 배포 | H7: 생산기술 | I7: 황지환 | J7: 기존 절차 연계 | K7: SH-QP-003(기록관리 절차서) [확정 2026-09-22: 신규 발견 연계 채택(ratio=0.59) — 품질경영담당 일괄판단, 부서 정식회신 생략] | L7: 2026-09 | N7: ※재판정(본문대조): 기존 절차 연계 가능성 신규 발견 — 검토 후 확정 필요
A8: 4 | B8: 1-5 | C8: 높음 | E8: 로봇용접프로그램백업관리실적 | F8: SH-FM-QP003-06 | G8: 관리본 배포 | H8: 생산기술 | J8: 기존 절차 연계 | K8: SH-QP-003(기록관리 절차서) [확정 2026-09-22: 신규 발견 연계 채택(ratio=0.82) — 품질경영담당 일괄판단, 부서 정식회신 생략] | L8: 2026-09 | N8: ※재판정(본문대조): 기존 절차 연계 가능성 신규 발견 — 검토 후 확정 필요
A9: 5 | B9: 1-5 | C9: 높음 | E9: 용접조건 검증체크시트 | F9: SH-FM-PRD-N10 | H9: 생산기술 | J9: 신규 작성 필요 | L9: 2026-09
A10: 6 | B10: 1-5 | C10: 높음 | E10: 스폿용접전류/가압력 관리기준서 | F10: SH-FM-PRD-N11 | H10: (부서 미정) | J10: 신규 작성 필요 | L10: 2026-09
A11: 7 | B11: 1-5 | C11: 높음 | E11: 스폿용접전류/가압력 관리실적(1회/월) | F11: SH-FM-PRD-N12 | H11: 생산기술 | I11: 황지환 | J11: 신규 작성 필요 | L11: 2026-09
A12: 8 | B12: 1-5 | C12: 높음 | D12: ▣ CO2 용접 ▷ 주요조건 (전류.전압.속도.가스유량) 기준수립 및 현장 관리 상태 비교검증 실시. - 전류.전압.가스 표준조건 대비 게이지 현재값 일상 체크 및 기록관리 - 전류.전압 게이지 현재값 실측 검증 (측정주기 자체설정. 단 주기설정 근거보관 필요) - 로봇 용접 프로그램 백업 관리 (궤적.티칭각도 등) ▣ 스폿 용접 ▷ 주요조건(가압력.전류.통전시간) 기준수립 및 표준 대비, 현장 관리 상태 비교검증 실시. - 가압력,전류.통전시간등 표준조건 대비 게이지 현재값 일상 체크 및 기록관리 - 가압력 점검 (가압력계) - (측정주기 자체설정. 단 주기설정 근거보관 필요) - 전류. 통전시간 점검 (웰드체카) - (측정주기 자체설정. 단 주기설정 근거보관 필요) | E12: 작업표준서 OR 작업조건표 | F12: SH-FM-QP003-02 | G12: 관리본 배포 | H12: 생산팀 | I12: 지성규 | J12: 기존 절차 연계 | K12: SH-QP-003(기록관리 절차서); SH-WI-011(공정조건 설정 및 변경관리 표준) [참고: 본문상 명확한 근거 약함(ratio=0.15), 담당부서 확인 권장] | L12: 2026-11 | N12: ※재판정(본문대조): 본문상 명확한 근거 약함 — 담당부서 확인 권장(기존 분류 유지)
A13: 9 | B13: 1-4 | C13: 보통 | D13: ※ 인원 부족으로 야간 검사요원 미 투입 시 야간 생산품 검증 프로세스 수립 | E13: 야간생산품 검사일지 | F13: SH-FM-PRD-N05 | H13: 품질팀 | J13: 신규 작성 필요 | L13: 2026-09
A14: 10 | B14: 1-4 | C14: 보통 | D14: 품질관리 취약 시간대 관리기준 수립 및 관리상태 | E14: 품질취약시간관리기준서 | F14: SH-FM-PRD-N04 | H14: 생산팀 | I14: 지성규 | J14: 신규 작성 필요 | L14: 2026-10
A15: 11 | B15: 1-1 | C15: 보통 | D15: 표준류(관리계획서, 작업표준서, 설비일상점검표 등)와 실제공정 일치성 확인[관리 분담 등] | E15: P-FMEA | F15: SH-FM-QP010-01 | H15: 품질팀 | I15: 이광재 | J15: 기존 절차 연계 | K15: SH-QP-010(APQP 및 PPAP 관리 절차서); SH-WI-004(설비 일상점검 및 이상대응 표준) [참고: 본문상 명확한 근거 약함(ratio=0.28), 담당부서 확인 권장] | L15: 2026-11 | N15: ※재판정(본문대조): 본문상 명확한 근거 약함 — 담당부서 확인 권장(기존 분류 유지)
A16: 12 | B16: 1-1 | C16: 보통 | D16: 고객과 협의된 검사협정서/검사기준서 기준과 실제 업무절차 일치성 | E16: 관리계획서 | F16: SH-FM-WI022-01 | H16: 품질팀 | I16: 이광재 | J16: 기존 절차 연계 | K16: SH-WI-022(변경 초기유동 및 강화검사 작업표준) [확정 2026-09-22: 기존 추정 SH-QP-010(ratio=0.34) 대비 대안 채택(ratio=0.69) — 품질경영담당 일괄판단, 부서 정식회신 생략] | L16: 2026-11 | N16: ※재판정(본문대조): 기존 근거서류 재검토 필요 — 관련문서 참고, 담당부서/품질팀 확인 후 확정
A17: 13 | B17: 1-1 | C17: 보통 | D17: 관리계획서 및 현장내 표준류 중요공정/안전 보안공정 식별표시관리 | E17: 고객승인 검사협정 / ISIR 서류 | F17: SH-FM-QP010-04 | H17: 품질팀 | I17: 이광재 | J17: 기존 절차 연계 | K17: SH-QP-010(APQP 및 PPAP 관리 절차서); SH-QP-025(고객별 요구사항(CSR) 관리 절차서) [참고: 본문상 명확한 근거 약함(ratio=0.23), 담당부서 확인 권장] | L17: 2026-11 | N17: ※재판정(본문대조): 본문상 명확한 근거 약함 — 담당부서 확인 권장(기존 분류 유지)
A18: 14 | B18: 1-2 | C18: 보통 | D18: 재가동후 초도생산품에 대한 중요품질특성부 품질검증 결과 기록관리여부 | E18: 재가동 초품 검사 체크시트 | F18: SH-FM-WI020-02 | G18: 관리본 배포 | H18: 품질팀 | I18: 이광재 | J18: 기존 절차 연계 | K18: SH-WI-020(비상상황 생산복구 작업표준) [확정 2026-09-22: 기존 추정 SH-QP-003(ratio=0.05) 대비 대안 채택(ratio=0.79) — 품질경영담당 일괄판단, 부서 정식회신 생략] | L18: 2026-11 | N18: ※재판정(본문대조): 기존 근거서류 재검토 필요 — 관련문서 참고, 담당부서/품질팀 확인 후 확정
A19: 15 | B19: 1-4 | C19: 보통 | D19: 단, 생산LOT가 장기적일경우 최소 1회/shift검사 진행 필요 | E19: 야간생산품 식별격리절차 | F19: SH-FM-WI003-01 | H19: 품질팀 | I19: 이광재 | J19: 기존 절차 연계 | K19: SH-WI-003(부적합품 식별·격리 및 재작업 표준) [참고: 본문상 명확한 근거 약함(ratio=0.24), 담당부서 확인 권장] | L19: 2026-11 | N19: ※재판정(본문대조): 본문상 명확한 근거 약함 — 담당부서 확인 권장(기존 분류 유지)
A20: 16 | B20: 1-1 | C20: 보통 | D20: 공정 FMEA작성 및 주요 품질 문서 내용과 연계상태 확인 | E20: 작업표준서 | F20: SH-FM-QP010-03 | G20: 관리본 배포 | H20: 생산팀 | I20: 지성규 | J20: 기존 절차 연계 | K20: SH-QP-010(APQP 및 PPAP 관리 절차서) [참고: 본문상 명확한 근거 약함(ratio=0.11), 담당부서 확인 권장] | L20: 2026-12 | N20: ※재판정(본문대조): 본문상 명확한 근거 약함 — 담당부서 확인 권장(기존 분류 유지)
A21: 17 | B21: 1-1 | C21: 보통 | D21: 주요 표준류(작업표준서 등) 현장내 게시 상태 | E21: 설비일상점검표 | F21: SH-FM-WI004-01 | G21: 관리본 배포 | H21: 생산팀 | I21: 지성규 | J21: 기존 절차 연계 | K21: SH-WI-004(설비 일상점검 및 이상대응 표준) [본문 확인 ratio=0.73] | L21: 2026-12
A22: 18 | B22: 1-2 | C22: 보통 | D22: 설비 가동중단 발생시 설비점검 절차 수립 및 준수상태 | E22: 설비재가동업무 프로세스 | F22: SH-FM-QP025-01 | G22: 관리본 배포 | H22: 생산팀 | I22: 지성규 | J22: 기존 절차 연계 | K22: SH-QP-025(고객별 요구사항(CSR) 관리 절차서) [확정 2026-09-22: 기존 추정 SH-WI-016(ratio=0.20) 대비 대안 채택(ratio=0.56) — 품질경영담당 일괄판단, 부서 정식회신 생략] | L22: 2026-12 | N22: ※재판정(본문대조): 기존 근거서류 재검토 필요 — 관련문서 참고, 담당부서/품질팀 확인 후 확정
A23: 19 | B23: 1-2 | C23: 보통 | D23: ※ 계획 : 가동중단 시간별/사유별 점검절차 수립 및 이행 | E23: (계획/비계획정지 기준 명확화) | F23: SH-FM-WI020-01 | H23: (부서 미정) | J23: 기존 절차 연계 | K23: SH-WI-020(비상상황 생산복구 표준); SH-WI-025(품질이상 정지·보고·재가동 표준) [참고: 본문상 명확한 근거 약함(ratio=0.28), 담당부서 확인 권장] | L23: 2026-12 | N23: ※재판정(본문대조): 본문상 명확한 근거 약함 — 담당부서 확인 권장(기존 분류 유지)
A24: 20 | B24: 1-2 | C24: 보통 | D24: 비계획 : 이상발생 가동중단 발생시 설비 점검 지침, 생산중인 제품에 대한 품질보증 업무절차 수립 및 이행 | E24: 설비가동중단 LIST (설비이력카드 연계) | F24: SH-FM-WI016-02 | G24: 관리본 배포 | H24: 생산팀 | J24: 기존 절차 연계 | K24: SH-WI-016(예방보전 및 설비점검 표준); SH-WI-020(비상상황 생산복구 표준) [참고: 본문상 명확한 근거 약함(ratio=0.09), 담당부서 확인 권장] | L24: 2026-12 | N24: ※재판정(본문대조): 본문상 명확한 근거 약함 — 담당부서 확인 권장(기존 분류 유지)
A25: 21 | B25: 1-2 | C25: 보통 | D25: 비계획 가동중단 발생시 전/후 생산제품에 대한 LOT 구분 관리방안 수립 및 식별관리 실시 | E25: 재가동 초도생산품 LOT식별관리 기준서 | F25: SH-FM-QP018-01 | H25: 생산팀 | I25: 지성규 | J25: 기존 절차 연계 | K25: SH-QP-018(식별 및 추적성 관리 절차서); SH-WI-005(제품 식별·LOT 추적 및 출하 표준) [참고: 본문상 명확한 근거 약함(ratio=0.14), 담당부서 확인 권장] | L25: 2026-12 | N25: ※재판정(본문대조): 본문상 명확한 근거 약함 — 담당부서 확인 권장(기존 분류 유지)
A26: 22 | B26: 1-4 | C26: 보통 | D26: 주간/야간 작업전 일상점검, 자주검사 및 순회검사 관리기준 수립 및 관리상태 | E26: 비상연락망 | F26: SH-FM-QP020-01 | H26: 생산팀 | J26: 기존 절차 연계 | K26: SH-QP-020(비상계획 및 공급연속성 절차서) [본문 확인 ratio=0.48] | L26: 2026-12
A27: 23 | B27: 1-4 | C27: 보통 | D27: 주간/야간 교대 시 공정 Issue 사항 전달 여부 | E27: 주야간업무 인수인계서 | F27: SH-FM-WI015-01 | G27: 관리본 배포 | H27: 생산팀 | J27: 기존 절차 연계 | K27: SH-WI-015(작업자 표준작업 및 교대인수인계 표준) [본문 확인 ratio=0.83] | L27: 2026-12
A28: 24 | B28: 1-4 | C28: 보통 | D28: ※ 초/종품 검사는 필수, 중품은 선택사항으로 자율적 기준 수립필요, 중품검사 미진행도 가능, | E28: 야간설비일상점검표 | F28: SH-FM-WI004-06 | G28: 관리본 배포 | H28: 생산팀 | J28: 기존 절차 연계 | K28: SH-WI-004(설비 일상점검 및 이상대응 표준) [확정 2026-09-22: 기존 추정 SH-WI-001(ratio=0.17) 대비 대안 채택(ratio=0.73) — 품질경영담당 일괄판단, 부서 정식회신 생략] | L28: 2026-12 | N28: ※재판정(본문대조): 기존 근거서류 재검토 필요 — 관련문서 참고, 담당부서/품질팀 확인 후 확정
A29: 25 | B29: 1-3 | C29: 낮음 | D29: ※ 해당공정 외국인작업자 주요 표준류 교육 및 내용 숙지 시 현지어 번역게시 불필요(현장확인 필요) | E29: 작업일보 현지어 번역본 | F29: SH-FM-PRD-N01 | G29: 관리본 배포 | H29: 생산팀 | J29: 신규 작성 필요 | L29: 2026-10
A30: 26 | B30: 1-3 | C30: 낮음 | E30: 부적합처리기준 현지어번역본 | F30: SH-FM-QP014-01 | G30: 관리본 배포 | H30: 품질팀 | I30: 이광재 | J30: 기존 절차 연계 | K30: SH-QP-014(부적합품 및 재작업 관리 절차서) [확정 2026-09-22: 신규 발견 연계 채택(ratio=0.72) — 품질경영담당 일괄판단, 부서 정식회신 생략] | L30: 2026-10 | N30: ※재판정(본문대조): 기존 절차 연계 가능성 신규 발견 — 검토 후 확정 필요
A31: 27 | B31: 1-3 | C31: 낮음 | E31: 외관검사기준 현지어번역본 | F31: SH-FM-WI030-01 | G31: 관리본 배포 | H31: 품질팀 | J31: 기존 절차 연계 | K31: SH-WI-030(고객감사·인증심사 현장대응 표준) [확정 2026-09-22: 신규 발견 연계 채택(ratio=1.00) — 품질경영담당 일괄판단, 부서 정식회신 생략] | L31: 2026-10 | N31: ※재판정(본문대조): 기존 절차 연계 가능성 신규 발견 — 검토 후 확정 필요
A32: 28 | B32: 1-3 | C32: 낮음 | D32: 작업표준서, 설비일상점검 기준표, 작업일보 등 외국인 배치공정 표준류 현지어 번역 게시상태 | E32: 작업표준서 현지어번역본 | F32: SH-FM-WI004-02 | G32: 관리본 배포 | H32: 생산팀 | I32: 지성규 | J32: 기존 절차 연계 | K32: SH-WI-004(설비 일상점검 및 이상대응 표준) [본문 확인 ratio=0.43] | L32: 2026-12
A33: 29 | B33: 1-3 | C33: 낮음 | D33: : 부적합 처리절차 및 중요 품질문제 개선 사례등 품질의식 강화목적 표준류 번역 게시 (추가 관리시 우수) | E33: 설비일상점검표 현지어 번역본 | F33: SH-FM-WI004-03 | G33: 관리본 배포 | H33: 생산팀 | J33: 기존 절차 연계 | K33: SH-WI-004(설비 일상점검 및 이상대응 표준) [본문 확인 ratio=0.64] | L33: 2026-12

Sheet C2_검사시험
A1: SQ mark 심사 - 2. 검사시험 필요서류 체크리스트
A2: 고객사: 한온시스템 | 작성일: 2026-09-17(Rev.2) | 해당 구분 필요서류: 55건
A3: DISCLAIMER: "작성구분"/"관련 기존 문서"는 QMS_REV00 품질경영시스템 통합문서(SH-QP-001~025, SH-WI-001~030) 실제 본문과 대조한 재판정 결과입니다(2026-09-17, Rev.2). 녹색=본문상 근거 확인된 기존 연계, 노란색="기존 절차 연계 (제안 — 검토 필요)"로 표시된 항목(본문 근거가 약하거나 새로 발견된 연계 후보 — 관련 기존 문서 칸의 [재검토]/[신규 발견]/[참고] 문구 확인), 빨간색=신규 작성 필요. "FM문서번호(안)"/"목표완료월"은 규칙 기반 1차 추정치입니다. 실제 활용 가능 여부, 양식 신규 제정 여부, 일정은 반드시 담당부서·품질책임자 검토 후 확정하세요.
A4: NO | B4: 번호 | C4: 우선순위 | D4: 요구사항(세부 추진 항목) | E4: 필요서류(준비서류) | F4: FM문서번호(안) | G4: 현장 연계 | H4: 담당부서 | I4: 담당자 | J4: 작성구분(자동추정) | K4: 관련 기존 문서(참고) | L4: 목표완료월(제안) | M4: 준비상태 | N4: 비고
A5: 1 | B5: 2-1 | C5: 높음 | D5: 외주품 입고 시 외주사 출하성적서 접수 및 수입검사 실측값 비교검증 여부 | E5: 원자재수입검사 일지 | F5: SH-FM-QP013-10 | H5: 구매자재팀 | J5: 기존 절차 연계 | K5: SH-QP-013(검사 및 시험관리 절차서) [확정 2026-09-22: 신규 발견 연계 채택(ratio=0.91) — 품질경영담당 일괄판단, 부서 정식회신 생략] | L5: 2026-09 | N5: ※재판정(본문대조): 기존 절차 연계 가능성 신규 발견 — 검토 후 확정 필요
A6: 2 | B6: 2-1 | C6: 높음 | D6: 원재료 M/SHEET 접수 시 물성 및 화학조성비 합/부 판단기준 명확화 수립 | E6: 원자재 M/SHEET (입고LOT별 접수) | F6: SH-FM-WI029-02 | H6: 구매자재팀 | J6: 기존 절차 연계 | K6: SH-WI-029(공급자 변경품 및 초도품 확인표준) [확정 2026-09-22: 신규 발견 연계 채택(ratio=0.64) — 품질경영담당 일괄판단, 부서 정식회신 생략] | L6: 2026-09 | N6: ※재판정(본문대조): 기존 절차 연계 가능성 신규 발견 — 검토 후 확정 필요
A7: 3 | B7: 2-1 | C7: 높음 | D7: (원소재) 도금처리된 원소재 판넬 : 도금 부착력 검사 (180˚밴딩후 크랙, 박리여부), 도금두께(3point), | E7: 원자재식별표 | F7: SH-FM-INS-N03 | G7: 관리본 배포 | H7: 구매자재팀 | J7: 신규 작성 필요 | L7: 2026-09
A8: 4 | B8: 2-7 | C8: 높음 | D8: 용접제품 표면관리기준 설정 (스패터, Chip, 버어, 이물질 ) 및 점검 이력 관리 | E8: 용접스패터관리 점검체크시트 | F8: SH-FM-INS-N12 | G8: 관리본 배포 | H8: 품질팀 | I8: 이광재 | J8: 신규 작성 필요 | L8: 2026-09
A9: 5 | B9: 2-8 | C9: 높음 | E9: 완성품검사체크시트 | F9: SH-FM-INS-N13 | G9: 관리본 배포 | H9: 품질팀 | I9: 김명용 | J9: 신규 작성 필요 | L9: 2026-09
A10: 6 | B10: 2-8 | C10: 높음 | E10: 완성품검사식별표 | F10: SH-FM-INS-N14 | G10: 관리본 배포 | H10: 품질팀 | I10: 김명용 | J10: 신규 작성 필요 | L10: 2026-09
A11: 7 | B11: 2-8 | C11: 높음 | E11: 완성품보관장소선정 | F11: SH-FM-WI006-10 | G11: 관리본 배포 | H11: 품질팀 | I11: 김명용 | J11: 기존 절차 연계 | K11: SH-WI-006(계측기 사용 및 일상점검 표준) [확정 2026-09-22: 신규 발견 연계 채택(ratio=1.00) — 품질경영담당 일괄판단, 부서 정식회신 생략] | L11: 2026-09 | N11: ※재판정(본문대조): 기존 절차 연계 가능성 신규 발견 — 검토 후 확정 필요
A12: 8 | B12: 2-8 | C12: 높음 | E12: 완성검사관리대제작 | F12: SH-FM-QP012-01 | G12: 관리본 배포 | H12: 품질팀 | I12: 김명용 | J12: 기존 절차 연계 | K12: SH-QP-012(생산 및 공정관리 절차서) [확정 2026-09-22: 신규 발견 연계 채택(ratio=0.63) — 품질경영담당 일괄판단, 부서 정식회신 생략] | L12: 2026-09 | N12: ※재판정(본문대조): 기존 절차 연계 가능성 신규 발견 — 검토 후 확정 필요
A13: 9 | B13: 2-9 | C13: 높음 | D13: 아크 용접 : 용접비드, 위치 (길이, 폭, 이동량) 및 용입량 - CO2용접: 절단검사(정기검사). (용접 구간별 길이,비드 폭 형상 한도견본 비교검사) * 용입량 검사 : 용접로봇별, 용접JIG별 검사 (검사 주기 : 1회/년, 단, 4M 변경 시 용입량 검사 진행할 것(용접조건 변경, 설비변경, 지그 수정/변경, 로봇 티칭 이후 외) ※ 검사 시료 및 주기는 고객과 협의된 검사협정/기준서 따를것 ▷ 저항 용접 : 분리력 - 스폿용접: 반파괴, 전파괴 분리시험 / 드라이브 체크 ▷ (초,종품 실시) 인장강도 만족할것(실물 및 시편) / 볼트너트: 망치 타격시험 - 프로젝션용접: 볼트 너트 ▷ 회전 토르크 검사 (초, 종 검사) 예) 용접비드 이탈 및 분리력 검사 → 검사결과 사진, 스캔저장 → 검사이력 D/B 관리(엑셀등) | E13: 용입검사 계획대실적 | F13: SH-FM-INS-N18 | H13: 품질팀 | I13: 이광재 | J13: 신규 작성 필요 | L13: 2026-09
A14: 10 | B14: 2-9 | C14: 높음 | E14: 용접로보트별 용접POINT 관리표준 | F14: SH-FM-INS-N19 | H14: 생산팀 | I14: 한상돈 | J14: 신규 작성 필요 | L14: 2026-09
A15: 11 | B15: 2-9 | C15: 높음 | E15: 용접로보트별 용접POINT 관리표준 | F15: SH-FM-INS-N20 | H15: 품질팀 | I15: 이광재 | J15: 신규 작성 필요 | L15: 2026-09
A16: 12 | B16: 2-9 | C16: 높음 | E16: 용접반파괴/파괴검사기준 | F16: SH-FM-INS-N21 | H16: 생산팀 | I16: 한상돈 | J16: 신규 작성 필요 | L16: 2026-09
A17: 13 | B17: 2-9 | C17: 높음 | E17: 용접검사체크시트 | F17: SH-FM-INS-N22 | H17: 생산팀 | I17: 한상돈 | J17: 신규 작성 필요 | L17: 2026-09
A18: 14 | B18: 2-9 | C18: 높음 | E18: 용접반파괴 검사대제작 | F18: SH-FM-INS-N23 | H18: 생산팀 | I18: 한상돈 | J18: 신규 작성 필요 | L18: 2026-09
A19: 15 | B19: 2-9 | C19: 높음 | E19: (용접반파괴테스트 보관대제작-한도견본&현품) | F19: SH-FM-WI001-03 | H19: 생산팀 | I19: 한상돈 | J19: 기존 절차 연계 | K19: SH-WI-001(생산 작업준비 및 초품확인 표준) [확정 2026-09-22: 신규 발견 연계 채택(ratio=1.00) — 품질경영담당 일괄판단, 부서 정식회신 생략] | L19: 2026-09 | N19: ※재판정(본문대조): 기존 절차 연계 가능성 신규 발견 — 검토 후 확정 필요
A20: 16 | B20: 2-1 | C20: 높음 | D20: 검사협정서/기준서 체결상태 | E20: 원자재 검사협정서 OR 검사기준서 | F20: SH-FM-QP013-01 | H20: 구매자재팀 | I20: 이은주 박철호 | J20: 기존 절차 연계 | K20: SH-QP-013(검사 및 시험관리 절차서) [본문 확인 ratio=0.46] | L20: 2026-10
A21: 17 | B21: 2-1 | C21: 높음 | D21: (사급품은 1차 협력사가 체결한 검사협정서 사본 접수 및 동일 시료/주기로 검사 실시 필요) | E21: 원자재 입고 LIST | F21: SH-FM-WI009-01 | H21: 구매자재팀 | J21: 기존 절차 연계 | K21: SH-WI-009(자재 입고·보관·불출 관리 표준) [본문 확인 ratio=0.42] | L21: 2026-10
A22: 18 | B22: 2-8 | C22: 높음 | E22: (QMS SYSTEM 운영시 컴퓨터설치운영) | F22: SH-FM-INS-N17 | H22: (부서 미정) | J22: 신규 작성 필요 | L22: 2026-10
A23: 19 | B23: 2-1 | C23: 높음 | D23: → 검사협정 체결이 어려울 시 검사기준서 수립으로 대체 (예: 대기업 공급 원재료,도금업종 등) | E23: 원자재수입검사 기준서 | F23: SH-FM-QP013-02 | G23: 관리본 배포 | H23: 구매자재팀 | J23: 기존 절차 연계 | K23: SH-QP-013(검사 및 시험관리 절차서) [본문 확인 ratio=0.68] | L23: 2026-11
A24: 20 | B24: 2-1 | C24: 높음 | D24: 입고 LOT와 출하검사 성적서내 LOT 일치성 확보여부(원소재의 경우 M/SHEET내 검사시료 LOT 일치성) | E24: 원자재 규격별 물성및 화학조성비 기준서 | F24: SH-FM-WI027-01 | G24: 관리본 배포 | H24: 구매자재팀 | J24: 기존 절차 연계 | K24: SH-WI-027(검사성적서 및 품질기록 작성 표준) [참고: 본문상 명확한 근거 약함(ratio=0.22), 담당부서 확인 권장] | L24: 2026-11 | N24: ※재판정(본문대조): 본문상 명확한 근거 약함 — 담당부서 확인 권장(기존 분류 유지)
A25: 21 | B25: 2-1 | C25: 높음 | D25: 검사협정서/기준서에 준한 일상검사/정기검사 실시상태 | E25: 원자재 중금속검사 성적서 | F25: SH-FM-WI027-02 | H25: 구매자재팀 | J25: 기존 절차 연계 | K25: SH-WI-027(검사성적서 및 품질기록 작성표준) [본문 확인 ratio=0.80] | L25: 2026-11
A26: 22 | B26: 2-7 | C26: 높음 | D26: 초/종품 외관, 치수 및 장착상태 (용접지그 수정/변경시 치수 및 용접물간 갭 최대 1mm 이하관리 - 샘플실측) | E26: 자주검사기준서 | F26: SH-FM-QP013-07 | G26: 관리본 배포 | H26: 품질팀 | I26: 이광재 | J26: 기존 절차 연계 | K26: SH-QP-013(검사 및 시험관리 절차서); SH-WI-002(공정검사 및 특수특성 관리 표준) [참고: 본문상 명확한 근거 약함(ratio=0.32), 담당부서 확인 권장] | L26: 2026-11 | N26: ※재판정(본문대조): 본문상 명확한 근거 약함 — 담당부서 확인 권장(기존 분류 유지)
A27: 23 | B27: 2-7 | C27: 높음 | D27: 예) 카울크로스바 파이프-SUB 용접물 간 갭 | E27: 자주검사체크시트 | F27: SH-FM-WI002-02 | G27: 관리본 배포 | H27: 품질팀 | I27: 이광재 | J27: 기존 절차 연계 | K27: SH-WI-002(공정검사 및 특수특성 관리 표준) [참고: 본문상 명확한 근거 약함(ratio=0.00), 담당부서 확인 권장] | L27: 2026-11 | N27: ※재판정(본문대조): 본문상 명확한 근거 약함 — 담당부서 확인 권장(기존 분류 유지)
A28: 24 | B28: 2-7 | C28: 높음 | D28: 자주검사 기록, 불량품 시정조치 내역 및 이력관리 상태 | E28: 용접spatter 관리기준 | F28: SH-FM-QP016-01 | G28: 관리본 배포 | H28: 품질팀 | I28: 이광재 | J28: 기존 절차 연계 | K28: SH-QP-016(시정조치 및 문제해결 절차서); SH-WI-002(공정검사 및 특수특성 관리 표준) [참고: 본문상 명확한 근거 약함(ratio=0.09), 담당부서 확인 권장] | L28: 2026-11 | N28: ※재판정(본문대조): 본문상 명확한 근거 약함 — 담당부서 확인 권장(기존 분류 유지)
A29: 25 | B29: 2-7 | C29: 높음 | D29: QC순회검사: 작업자 자주검사 실시상태 확인 및 주요 포인트 추가 검사 후 확인 서명 | E29: 자주검사체크시트 | F29: SH-FM-WI002-03 | H29: 품질팀 | I29: 이광재 | J29: 기존 절차 연계 | K29: SH-WI-002(공정검사 및 특수특성 관리 표준) [참고: 본문상 명확한 근거 약함(ratio=0.13), 담당부서 확인 권장] | L29: 2026-11 | N29: ※재판정(본문대조): 본문상 명확한 근거 약함 — 담당부서 확인 권장(기존 분류 유지)
A30: 26 | B30: 2-7 | C30: 높음 | D30: → 용접관련 기술표준 (MS181 ▷ 13 (용융용접) / MS 181 ▷ 06 (SEAM용접) / | E30: 품질순회검사체크시트(중요항목치수추가) | F30: SH-FM-WI002-04 | H30: 품질팀 | I30: 이광재 | J30: 기존 절차 연계 | K30: SH-WI-002(공정검사 및 특수특성 관리 표준) [참고: 본문상 명확한 근거 약함(ratio=0.04), 담당부서 확인 권장] | L30: 2026-11 | N30: ※재판정(본문대조): 본문상 명확한 근거 약함 — 담당부서 확인 권장(기존 분류 유지)
A31: 27 | B31: 2-7 | C31: 높음 | D31: MS181 ▷ 15 (점용접) 참조 | E31: 자주검사대 설치(초중종현품보관) | F31: SH-FM-WI002-05 | H31: 생산팀 | I31: 지성규 | J31: 기존 절차 연계 | K31: SH-WI-002(공정검사 및 특수특성 관리 표준) [참고: 본문상 명확한 근거 약함(ratio=0.00), 담당부서 확인 권장] | L31: 2026-11 | N31: ※재판정(본문대조): 본문상 명확한 근거 약함 — 담당부서 확인 권장(기존 분류 유지)
A32: 28 | B32: 2-8 | C32: 높음 | D32: 외관, 치수, 취약부 절단면 검사, 상대 물 조립 성 검증 등 (샘플 실측 요망) | E32: 완성품검사기준서 | F32: SH-FM-QP013-08 | G32: 관리본 배포 | H32: 품질팀 | I32: 김명용 | J32: 기존 절차 연계 | K32: SH-QP-013(검사 및 시험관리 절차서) [본문 확인 ratio=0.36] | L32: 2026-11
A33: 29 | B33: 2-2 | C33: 보통 | D33: 수입검사 실시 전 외주품/원재료 입고처리 안되도록 업무 프로세스 수립 | E33: 외주품입고식별표 | F33: SH-FM-INS-N04 | G33: 관리본 배포 | H33: 구매자재팀 | I33: 이은주 | J33: 신규 작성 필요 | L33: 2026-09
A34: 30 | B34: 2-2 | C34: 보통 | E34: 외주품 부적합처리기준서 | F34: SH-FM-INS-N05 | G34: 관리본 배포 | H34: 품질팀 | I34: 김명용 | J34: 신규 작성 필요 | L34: 2026-09
A35: 31 | B35: 2-2 | C35: 보통 | E35: 외주품 검사협정서 | F35: SH-FM-INS-N06 | H35: 품질팀 | I35: 이광재 | J35: 신규 작성 필요 | L35: 2026-09
A36: 32 | B36: 2-3 | C36: 보통 | D36: 외주품/완제품 외관 합/부 판별용 한도견본 운영 | E36: 한도견본 관리대장(외주품/완성품) | F36: SH-FM-INS-N07 | H36: 품질팀 | I36: 김명용 | J36: 신규 작성 필요 | L36: 2026-09
A37: 33 | B37: 2-4 | C37: 보통 | D37: 정기 시험 성적서 신뢰도 확보 | E37: 정기검사계획대실적(치수/용접) | F37: SH-FM-INS-N09 | H37: 품질팀 | I37: 이광재 | J37: 신규 작성 필요 | L37: 2026-09
A38: 34 | B38: 2-4 | C38: 보통 | D38: 환경규제(중금속) 정기시험 실시상태 : 검사협정 체결기준 시험결과 증빙관리 상태 | E38: 중금속 정기검사 계획대실적 | F38: SH-FM-INS-N10 | H38: 구매자재팀 | I38: 이은주 | J38: 신규 작성 필요 | L38: 2026-09
A39: 35 | B39: 2-4 | C39: 보통 | D39: (시험장비 보유시 자체 성적서 인정, 미보유시 1차사 또는 공인기관 의뢰 가능) | E39: 중금속 성적서 | F39: SH-FM-INS-N11 | H39: 구매자재팀 | I39: 이은주 | J39: 신규 작성 필요 | L39: 2026-09
A40: 36 | B40: 2-3 | C40: 보통 | D40: 검사기 신뢰도 확인을 위한 양/불 마스터 설정기준 및 관리상태 | E40: 한도견본 샘플보관대 및 샘플 | F40: SH-FM-INS-N08 | G40: 관리본 배포 | H40: 생산팀 | I40: 지성규 | J40: 신규 작성 필요 | L40: 2026-10
A41: 37 | B41: 2-2 | C41: 보통 | D41: 외주품 입고시 수입검사 마스터 관리 대장 작성을 통한 검사 누락 예방 | E41: 외주품 수입검사기준서 | F41: SH-FM-QP013-03 | H41: 품질팀 | I41: 김명용 | J41: 기존 절차 연계 | K41: SH-QP-013(검사 및 시험관리 절차서) [본문 확인 ratio=0.81] | L41: 2026-11
A42: 38 | B42: 2-2 | C42: 보통 | E42: 외주품 검사기준서 | F42: SH-FM-QP013-04 | H42: 품질팀 | I42: 김명용 | J42: 기존 절차 연계 | K42: SH-QP-013(검사 및 시험관리 절차서) [본문 확인 ratio=0.55] | L42: 2026-11
A43: 39 | B43: 2-3 | C43: 보통 | D43: 한도견본의 변색, 변형, 녹 발생 등으로 실제 견본품 운영이 어려울 경우 외관검사기준서로 대체 가능 | E43: 한도견본 식별표 | F43: SH-FM-WI001-02 | G43: 관리본 배포 | H43: 품질팀 | I43: 김명용 | J43: 기존 절차 연계 | K43: SH-WI-001(생산 작업준비 및 초품확인 표준) [확정 2026-09-22: 기존 추정 SH-QP-013(ratio=0.10) 대비 대안 채택(ratio=0.62) — 품질경영담당 일괄판단, 부서 정식회신 생략] | L43: 2026-11 | N43: ※재판정(본문대조): 기존 근거서류 재검토 필요 — 관련문서 참고, 담당부서/품질팀 확인 후 확정
A44: 40 | B44: 2-3 | C44: 보통 | D44: 외관검사 지정항목 (버, 찍힘, 스크래치, 밴딩, 뒤틀림, 오염, 변색, 얼룩, 이물질) 수치적 한도설정, | E44: 외관검사기준서 | F44: SH-FM-QP013-06 | G44: 관리본 배포 | H44: 품질팀 | I44: 김명용 | J44: 기존 절차 연계 | K44: SH-QP-013(검사 및 시험관리 절차서) [참고: 본문상 명확한 근거 약함(ratio=0.29), 담당부서 확인 권장] | L44: 2026-11 | N44: ※재판정(본문대조): 본문상 명확한 근거 약함 — 담당부서 확인 권장(기존 분류 유지)
A45: 41 | B45: 2-4 | C45: 보통 | D45: (성적서 시험 전/후 사진 첨부, 사진內 시험 날짜표시, 계측기 전산 연동시 원본데이터 저장관리 등) | E45: 정기검사성적서(치수/용접) | F45: SH-FM-WI027-03 | H45: 품질팀 | I45: 이광재 | J45: 기존 절차 연계 | K45: SH-WI-027(검사성적서 및 품질기록 작성표준) [확정 2026-09-22: 기존 추정 SH-WI-006(ratio=0.02) 대비 대안 채택(ratio=0.66) — 품질경영담당 일괄판단, 부서 정식회신 생략] | L45: 2026-11 | N45: ※재판정(본문대조): 기존 근거서류 재검토 필요 — 관련문서 참고, 담당부서/품질팀 확인 후 확정
A46: 42 | B46: 2-5 | C46: 보통 | D46: 검사협정 체결기준 시험항목 자체시험 가능한 계측장비 보유상태 (정기 신뢰성 항목별 계측기 지정 및 준수필요) | E46: 계측기관리대장 | F46: SH-FM-QP008-01 | H46: 품질팀 | I46: 김명용 | J46: 기존 절차 연계 | K46: SH-QP-008(모니터링 및 측정자원 관리 절차서) [본문 확인 ratio=0.63] | L46: 2026-11
A47: 43 | B47: 2-5 | C47: 보통 | D47: ※ 고가 계측기 등 자체검증 불가능 시험 항목의 경우 1차 협력사 또는 공인기관시험 인정 | E47: 계측기이력카드 | F47: SH-FM-WI006-02 | H47: 품질팀 | I47: 김명용 | J47: 기존 절차 연계 | K47: SH-WI-006(계측기 사용 및 일상점검 표준) [참고: 본문상 명확한 근거 약함(ratio=0.12), 담당부서 확인 권장] | L47: 2026-11 | N47: ※재판정(본문대조): 본문상 명확한 근거 약함 — 담당부서 확인 권장(기존 분류 유지)
A48: 44 | B48: 2-5 | C48: 보통 | D48: (예 : 3차원 측정기, 성분분석기 등)되나 시험결과 접수 및 이상발생 여부 검토 필요 | E48: 계측기검교정 계획대실적표 | F48: SH-FM-WI006-03 | H48: 품질팀 | I48: 김명용 | J48: 기존 절차 연계 | K48: SH-WI-006(계측기 사용 및 일상점검 표준) [참고: 본문상 명확한 근거 약함(ratio=0.12), 담당부서 확인 권장] | L48: 2026-12 | N48: ※재판정(본문대조): 본문상 명확한 근거 약함 — 담당부서 확인 권장(기존 분류 유지)
A49: 45 | B49: 2-5 | C49: 보통 | D49: 계측기 검교정 계획 대비 실적관리 상태 (계측기 검교정 성적서/테그 관리) | E49: 계측기검교정 성적서 | F49: SH-FM-WI006-04 | H49: 품질팀 | I49: 김명용 | J49: 기존 절차 연계 | K49: SH-WI-006(계측기 사용 및 일상점검 표준) [참고: 본문상 명확한 근거 약함(ratio=0.22), 담당부서 확인 권장] | L49: 2026-12 | N49: ※재판정(본문대조): 본문상 명확한 근거 약함 — 담당부서 확인 권장(기존 분류 유지)
A50: 46 | B50: 2-5 | C50: 보통 | E50: 계측기보관함 위치지정및 레이아웃 주소화 | F50: SH-FM-WI006-05 | H50: 품질팀 | I50: 김명용 | J50: 기존 절차 연계 | K50: SH-WI-006(계측기 사용 및 일상점검 표준) [참고: 본문상 명확한 근거 약함(ratio=0.22), 담당부서 확인 권장] | L50: 2026-12 | N50: ※재판정(본문대조): 본문상 명확한 근거 약함 — 담당부서 확인 권장(기존 분류 유지)
A51: 47 | B51: 2-5 | C51: 보통 | D51: 주요 검사구 유효성 확보여부 점검결과 | E51: 검사구관리대장 | F51: SH-FM-WI007-01 | H51: 품질팀 | I51: 김주태 | J51: 기존 절차 연계 | K51: SH-WI-007(검사구 및 Gauge R&R 수행 표준) [참고: 본문상 명확한 근거 약함(ratio=0.13), 담당부서 확인 권장] | L51: 2026-12 | N51: ※재판정(본문대조): 본문상 명확한 근거 약함 — 담당부서 확인 권장(기존 분류 유지)
A52: 48 | B52: 2-5 | C52: 보통 | D52: [정밀프레스] 자주검사用 정밀 측정장비 필수보유 | E52: 검사구이력카드 | F52: SH-FM-WI002-01 | H52: 품질팀 | I52: 김주태 | J52: 기존 절차 연계 | K52: SH-WI-002(공정검사 및 특수특성 관리 표준); SH-WI-007(검사구 및 Gauge R&R 수행 표준) [참고: 본문상 명확한 근거 약함(ratio=0.00), 담당부서 확인 권장] | L52: 2026-12 | N52: ※재판정(본문대조): 본문상 명확한 근거 약함 — 담당부서 확인 권장(기존 분류 유지)
A53: 49 | B53: 2-5 | C53: 보통 | D53: → 필수 측정장비는 검사항목별 상이: 공구현미경, 비접촉시 3차원 측정기, 투영기, X-Ray 측정기 | E53: 검사구정기점검 계획대실적표 | F53: SH-FM-WI007-02 | H53: 품질팀 | I53: 김주태 | J53: 기존 절차 연계 | K53: SH-WI-007(검사구 및 Gauge R&R 수행 표준) [참고: 본문상 명확한 근거 약함(ratio=0.14), 담당부서 확인 권장] | L53: 2026-12 | N53: ※재판정(본문대조): 본문상 명확한 근거 약함 — 담당부서 확인 권장(기존 분류 유지)
A54: 50 | B54: 2-5 | C54: 보통 | D54: (내부 단면검사, 단자 & 터미널 필수)등 | E54: 검사구점검체크시트 | F54: SH-FM-WI007-03 | H54: 품질팀 | I54: 김주태 | J54: 기존 절차 연계 | K54: SH-WI-007(검사구 및 Gauge R&R 수행 표준) [본문 확인 ratio=0.81] | L54: 2026-12
A55: 51 | B55: 2-5 | C55: 보통 | D55: 비전 전수검사장비 유효성 검사 : 시업전 OK, NG마스터를 활용한 검출 유효성 점검후 생산 | E55: 검사구보관 lay-out | F55: SH-FM-WI007-04 | G55: 관리본 배포 | H55: 품질팀 | I55: 김주태 | J55: 기존 절차 연계 | K55: SH-WI-007(검사구 및 Gauge R&R 수행 표준) [참고: 본문상 명확한 근거 약함(ratio=0.22), 담당부서 확인 권장] | L55: 2026-12 | N55: ※재판정(본문대조): 본문상 명확한 근거 약함 — 담당부서 확인 권장(기존 분류 유지)
A56: 52 | B56: 2-5 | C56: 보통 | D56: (정기적 반복측정 게이지 R&R진행) | E56: 검사구 식별표 | F56: SH-FM-WI007-05 | G56: 관리본 배포 | H56: 품질팀 | I56: 김주태 | J56: 기존 절차 연계 | K56: SH-WI-007(검사구 및 Gauge R&R 수행 표준) [본문 확인 ratio=0.56] | L56: 2026-12
A57: 53 | B57: 2-6 | C57: 보통 | D57: 계측기 운영 기준별 R&R 평가 계획 수립 | E57: 계측기 GAGE R&R 계획대실적표 | F57: SH-FM-WI006-06 | H57: 품질팀 | I57: 김명용 | J57: 기존 절차 연계 | K57: SH-WI-006(계측기 사용 및 일상점검 표준) [참고: 본문상 명확한 근거 약함(ratio=0.18), 담당부서 확인 권장] | L57: 2026-12 | N57: ※재판정(본문대조): 본문상 명확한 근거 약함 — 담당부서 확인 권장(기존 분류 유지)
A58: 54 | B58: 2-6 | C58: 보통 | D58: (자체제작 전용 계측기는 필히 실시할 것. V/C등 범용 계측기의 경우 별도 계측기별 R&R 평가 불필요) | E58: 계측기 GAGE R&R 실시실적 | F58: SH-FM-WI006-07 | H58: 품질팀 | I58: 김명용 | J58: 기존 절차 연계 | K58: SH-WI-006(계측기 사용 및 일상점검 표준) [본문 확인 ratio=0.43] | L58: 2026-12
A59: 55 | B59: 2-6 | C59: 보통 | D59: 계측 장비별 실제 사용인력(작업자/검사원) 계량형 R&R 검증 진행 및 R&R 10% 이하관리 필요 | E59: 계측기 사용자 등록현황 | F59: SH-FM-WI006-08 | H59: 품질팀 | I59: 김명용 | J59: 기존 절차 연계 | K59: SH-WI-006(계측기 사용 및 일상점검 표준) [본문 확인 ratio=0.52] | L59: 2026-12

Sheet C3_설비관리
A1: SQ mark 심사 - 3. 설비관리 필요서류 체크리스트
A2: 고객사: 한온시스템 | 작성일: 2026-09-17(Rev.2) | 해당 구분 필요서류: 28건
A3: DISCLAIMER: "작성구분"/"관련 기존 문서"는 QMS_REV00 품질경영시스템 통합문서(SH-QP-001~025, SH-WI-001~030) 실제 본문과 대조한 재판정 결과입니다(2026-09-17, Rev.2). 녹색=본문상 근거 확인된 기존 연계, 노란색="기존 절차 연계 (제안 — 검토 필요)"로 표시된 항목(본문 근거가 약하거나 새로 발견된 연계 후보 — 관련 기존 문서 칸의 [재검토]/[신규 발견]/[참고] 문구 확인), 빨간색=신규 작성 필요. "FM문서번호(안)"/"목표완료월"은 규칙 기반 1차 추정치입니다. 실제 활용 가능 여부, 양식 신규 제정 여부, 일정은 반드시 담당부서·품질책임자 검토 후 확정하세요.
A4: NO | B4: 번호 | C4: 우선순위 | D4: 요구사항(세부 추진 항목) | E4: 필요서류(준비서류) | F4: FM문서번호(안) | G4: 현장 연계 | H4: 담당부서 | I4: 담당자 | J4: 작성구분(자동추정) | K4: 관련 기존 문서(참고) | L4: 목표완료월(제안) | M4: 준비상태 | N4: 비고
A5: 1 | B5: 3-1 | C5: 보통 | D5: 설비 셋팅값 임의조작 방지를 위한 시건장치/KEY-LOCK 반영상태 | E5: 설비 오셋팅방지 KEY-LOCK | F5: SH-FM-EQP-N01 | H5: 생산팀 | I5: 한상돈 | J5: 신규 작성 필요 | L5: 2026-09
A6: 2 | B6: 3-3 | C6: 보통 | D6: '- 유압설비: 유압. 유량. 소음. 누유 등 이상유무 확인 | E6: 스폿로봇 원점확인장치 | F6: SH-FM-EQP-N11 | H6: 생산팀 | I6: 김운주 | J6: 신규 작성 필요 | L6: 2026-09
A7: 3 | B7: 3-3 | C7: 보통 | D7: 유틸리티: 에어압력. 냉각수(온도: 10∼30℃). 압력: 가스 유량 | E7: 용접전극드레싱/교환 F/P장비설치 | F7: SH-FM-EQP-N12 | H7: 생산팀 | I7: 김운주 | J7: 신규 작성 필요 | L7: 2026-09
A8: 4 | B8: 3-5 | C8: 보통 | D8: 기준준수 및 이행상태 | E8: 스폿로봇 원점확인장치 | F8: SH-FM-EQP-N17 | H8: 생산팀 | I8: 황지환 | J8: 신규 작성 필요 | L8: 2026-09
A9: 5 | B9: 3-2 | C9: 보통 | D9: 주요 핵심설비 정기점검 계획수립 및 점검상태(외주업체 정도점검 성적서 포함, 최소 1회/년) | E9: 설비정기점검 계획대실적표 | F9: SH-FM-EQP-N02 | H9: 생산기술 | I9: 황지환 | J9: 신규 작성 필요 | L9: 2026-10 | N9: 0
A10: 6 | B10: 3-2 | C10: 보통 | D10: (외주업체 또는 자체 정도점검 가능 설비/인력이 확보된경우 인정) | E10: 설비정기점검 실적 | F10: SH-FM-EQP-N03 | H10: 생산기술 | I10: 황지환 | J10: 신규 작성 필요 | L10: 2026-10
A11: 7 | B11: 3-2 | C11: 보통 | D11: 설비내 소모성 부자재류 점검/교체주기 설정 및 준수여부 | E11: 설비관리대장 | F11: SH-FM-EQP-N04 | H11: 생산기술 | I11: 황지환 | J11: 신규 작성 필요 | L11: 2026-10
A12: 8 | B12: 3-2 | C12: 보통 | D12: [필요시 소모성 부자재 교체주기 설정근거 제시 필요, T/O 이력 등] | E12: 설비이력카드 | F12: SH-FM-EQP-N05 | G12: 설비고장수리반영 | H12: 생산기술 | I12: 황지환 | J12: 신규 작성 필요 | L12: 2026-10
A13: 9 | B13: 3-2 | C13: 보통 | D13: 1) 설비내 주요 압력계 정기점검 정도보증 또른 검교정된 마스터게이지 비교 검증활동 실시 | E13: 설비압력게이지 검증 계획대실적표 | F13: SH-FM-QP015-01 | H13: 생산기술 | I13: 황지환 | J13: 기존 절차 연계 | K13: SH-QP-015(변경관리 절차서) [확정 2026-09-22: 신규 발견 연계 채택(ratio=0.67) — 품질경영담당 일괄판단, 부서 정식회신 생략] | L13: 2026-10 | N13: ※재판정(본문대조): 기존 절차 연계 가능성 신규 발견 — 검토 후 확정 필요
A14: 10 | B14: 3-3 | C14: 보통 | D14: 용접기: 팁 교환. 노즐청소. 와이어 공급기. 케이블. 전류 전압. 전극 드레싱 및 교환 | E14: CO2용접원점확인장치 | F14: SH-FM-EQP-N10 | H14: (부서 미정) | I14: 김운주 | J14: 신규 작성 필요 | L14: 2026-10
A15: 11 | B15: 3-6 | C15: 보통 | D15: JIG 기준 핀 외경치수 측정 (관리범위 이탈방지) - 주기 : 1회/분기 이상 ※ 자체 측정주기 설정시 설정근거 마련 안전율 80% - 지그 기준면 마모/유격 및 토치 로보트 원점 검사 관리기준 수립 및 준수 상태 - 클렘프 고정상태. 센서 류 고정 작동상태.배선정리 피복점검 | E15: JIG정기점검 관리기준서 | F15: SH-FM-EQP-N19 | H15: 생산팀 | I15: 지성규 | J15: 신규 작성 필요 | L15: 2026-10
A16: 12 | B16: 3-6 | C16: 보통 | E16: JIG정기점검계획대실적표 | F16: SH-FM-EQP-N20 | H16: 생산팀 | I16: 지성규 | J16: 신규 작성 필요 | L16: 2026-10
A17: 13 | B17: 3-6 | C17: 보통 | E17: JIG 기준핀정기점검 실적 | F17: SH-FM-EQP-N21 | H17: 생산팀 | I17: 지성규 | J17: 신규 작성 필요 | L17: 2026-10
A18: 14 | B18: 3-6 | C18: 보통 | E18: JIG PIN 위치도 및 상세사진 위치도 | F18: SH-FM-EQP-N22 | H18: 생산팀 | I18: 지성규 | J18: 신규 작성 필요 | L18: 2026-10
A19: 15 | B19: 3-1 | C19: 보통 | D19: 설비별 설비일상 점검부위 및 점검방법 도식화 관리상태 | E19: 설비일상점검기준서 | F19: SH-FM-WI004-04 | H19: 생산팀 | I19: 한상돈 | J19: 기존 절차 연계 | K19: SH-WI-004(설비 일상점검 및 이상대응 표준) [본문 확인 ratio=0.62] | L19: 2026-11
A20: 16 | B20: 3-1 | C20: 보통 | D20: 설비내 부착 게이지류 상/하한 식별 및 측정 실측값 일상점검표 기록관리 | E20: 설비일상점검표(각부위별사진도식화) | F20: SH-FM-WI004-07 | G20: 게이지값기록 | H20: 생산팀 | I20: 한상돈 | J20: 기존 절차 연계 | K20: SH-WI-004(설비 일상점검 및 이상대응 표준) [확정 2026-09-22: 기존 추정 SH-QP-003(ratio=0.04) 대비 대안 채택(ratio=0.68) — 품질경영담당 일괄판단, 부서 정식회신 생략] | L20: 2026-11 | N20: ※재판정(본문대조): 기존 근거서류 재검토 필요 — 관련문서 참고, 담당부서/품질팀 확인 후 확정
A21: 17 | B21: 3-2 | C21: 보통 | D21: 설비 작동유는 사용시간을 고려한 교체주기설정 예)설비오일 2,000Hr시 전량교체 (필터포함)(※정밀프레스추가) | E21: 설비예비품 입출고 관리일지 | F21: SH-FM-EQP-N07 | H21: 생산기술 | I21: 황지환 | J21: 신규 작성 필요 | L21: 2026-11
A22: 18 | B22: 3-2 | C22: 보통 | D22: 프레스설비 1회/년 설비제조협력사에 정기정도 점검 진행 | E22: 작동유관리기준서 | F22: SH-FM-EQP-N08 | H22: 생산기술 | I22: 황지환 | J22: 신규 작성 필요 | L22: 2026-11
A23: 19 | B23: 3-2 | C23: 보통 | D23: (일상검사시 Air 압력 검사: 바란스, 클러치, 브레이크 AIR) (※정밀프레스 추가) | E23: 작동유샘플보관대제작설치 | F23: SH-FM-EQP-N09 | H23: 생산기술 | I23: 황지환 | J23: 신규 작성 필요 | L23: 2026-11
A24: 20 | B24: 3-4 | C24: 보통 | D24: CO2용접기: 전류.전압 검 교정.케이블 조임상태. 메인 전원 입력 변동 차. 와이어 공급상태 - 스폿 용접기: 전류. 통전시간 오차확인. 가압력 확인. 전극.전원연결 조임 상태.냉각수 온도 압력, 부품누락. - 로봇: 쇼크센서 작동상태, 콘트롤러 배터리 전압, 콘트롤러 냉각핀 작동상태, 케이블 연결상태 | E24: 설비정기점검 관리기준서 | F24: SH-FM-EQP-N13 | H24: 생산기술 | I24: 황지환 | J24: 신규 작성 필요 | L24: 2026-11
A25: 21 | B25: 3-4 | C25: 보통 | E25: 설비정기점검계획대실적표 | F25: SH-FM-EQP-N14 | H25: 생산기술 | I25: 황지환 | J25: 신규 작성 필요 | L25: 2026-11
A26: 22 | B26: 3-5 | C26: 보통 | D26: 전극, 가스, 냉각수 관리 F/PROOF 구축시 관리기준 및 준수상태, F/PROOF 미구축시 관리기준 수립여부, | E26: CO2용접원점확인장치 | F26: SH-FM-EQP-N16 | H26: (부서 미정) | I26: 황지환 | J26: 신규 작성 필요 | L26: 2026-11
A27: 23 | B27: 3-5 | C27: 보통 | D27: (드레싱 및 교체 주기 관리, 용접타점 관리, 타점 도달시 경보장치) | E27: 가스잔량 F/P장치 | F27: SH-FM-EQP-N18 | H27: (부서 미정) | I27: 황지환 | J27: 신규 작성 필요 | L27: 2026-11
A28: 24 | B28: 3-1 | C28: 보통 | D28: 설비내 F/P설비 경고등/알람 정상작동 및 설비내 셋팅값/관리공차 표준과 일치여부 | E28: 설비게이지 상하한식별관리 | F28: SH-FM-QP018-02 | H28: 생산기술 | I28: 한상돈 | J28: 기존 절차 연계 | K28: SH-QP-018(식별 및 추적성 관리 절차서) [참고: 본문상 명확한 근거 약함(ratio=0.00), 담당부서 확인 권장] | L28: 2026-12 | N28: ※재판정(본문대조): 본문상 명확한 근거 약함 — 담당부서 확인 권장(기존 분류 유지)
A29: 25 | B29: 3-2 | C29: 보통 | D29: 설비 부착 센서 및 게이지류에 대한 정도 보증 방안 수립 및 이행 상태 | E29: 설비수리보고서 | F29: SH-FM-WI015-02 | H29: 생산기술 | I29: 황지환 | J29: 기존 절차 연계 | K29: SH-WI-015(작업자 표준작업 및 교대인수인계 표준) [확정 2026-09-22: 기존 추정 SH-WI-018(ratio=0.00) 대비 대안 채택(ratio=0.55) — 품질경영담당 일괄판단, 부서 정식회신 생략] | L29: 2026-12 | N29: ※재판정(본문대조): 기존 근거서류 재검토 필요 — 관련문서 참고, 담당부서/품질팀 확인 후 확정
A30: 26 | B30: 3-2 | C30: 보통 | D30: 2) 금형내 노즐온도 센서 등 중요 센서류 고장여부 정기점검시 정도보증 활동 필요 | E30: 설비압력게이지 점검실적 | F30: SH-FM-WI008-01 | G30: B/C,C/B,O/R | H30: 생산기술 | I30: 황지환 | J30: 기존 절차 연계 | K30: SH-WI-008(금형·치공구 교환 및 관리 표준) [참고: 본문상 명확한 근거 약함(ratio=0.00), 담당부서 확인 권장] | L30: 2026-12 | N30: ※재판정(본문대조): 본문상 명확한 근거 약함 — 담당부서 확인 권장(기존 분류 유지)
A31: 27 | B31: 3-2 | C31: 보통 | D31: ※ 설비 일상점검 항목을 제외한 세부 점검 필요부만 정기점검 계획 수립 및 점검 필요 | E31: 설비예비품관리대장 | F31: SH-FM-WI004-05 | H31: 생산기술 | I31: 황지환 | J31: 기존 절차 연계 | K31: SH-WI-004(설비 일상점검 및 이상대응 표준) [참고: 본문상 명확한 근거 약함(ratio=0.25), 담당부서 확인 권장] | L31: 2026-12 | N31: ※재판정(본문대조): 본문상 명확한 근거 약함 — 담당부서 확인 권장(기존 분류 유지)
A32: 28 | B32: 3-4 | C32: 보통 | E32: 설비정기점검 실적 | F32: SH-FM-EQP-N15 | H32: 생산기술 | I32: 황지환 | J32: 신규 작성 필요 | L32: 2026-12

Sheet C4_금형관리
A1: SQ mark 심사 - 4. 금형관리 필요서류 체크리스트
A2: 고객사: 한온시스템 | 작성일: 2026-09-17(Rev.2) | 해당 구분 필요서류: 19건
A3: DISCLAIMER: "작성구분"/"관련 기존 문서"는 QMS_REV00 품질경영시스템 통합문서(SH-QP-001~025, SH-WI-001~030) 실제 본문과 대조한 재판정 결과입니다(2026-09-17, Rev.2). 녹색=본문상 근거 확인된 기존 연계, 노란색="기존 절차 연계 (제안 — 검토 필요)"로 표시된 항목(본문 근거가 약하거나 새로 발견된 연계 후보 — 관련 기존 문서 칸의 [재검토]/[신규 발견]/[참고] 문구 확인), 빨간색=신규 작성 필요. "FM문서번호(안)"/"목표완료월"은 규칙 기반 1차 추정치입니다. 실제 활용 가능 여부, 양식 신규 제정 여부, 일정은 반드시 담당부서·품질책임자 검토 후 확정하세요.
A4: NO | B4: 번호 | C4: 우선순위 | D4: 요구사항(세부 추진 항목) | E4: 필요서류(준비서류) | F4: FM문서번호(안) | G4: 현장 연계 | H4: 담당부서 | I4: 담당자 | J4: 작성구분(자동추정) | K4: 관련 기존 문서(참고) | L4: 목표완료월(제안) | M4: 준비상태 | N4: 비고
A5: 1 | B5: 4-1 | C5: 보통 | D5: 금형 청결 및 점검기준 (금형 상/하부 이물질, 손상, 볼트풀림, 도금상태, 마모, 핀 유격) 수립 및 시행 여부 ※ 자체 프레스 공정이 없는경우 미해당으로 표기 - 금형/용접지그 유효성 기간설정 및 정기점검 체크시트 활용 예방점검 : 프레스 밴딩금형 가이드핀/가이드 유동방지장치 적용 및 이상유무 점검 | E5: 금형관리 프로세스 | F5: SH-FM-WI008-02 | H5: 생산팀 | I5: 지성규 | J5: 기존 절차 연계 | K5: SH-WI-008(금형·치공구 교환 및 관리 표준) [참고: 본문상 명확한 근거 약함(ratio=0.08), 담당부서 확인 권장] | L5: 2026-11 | N5: ※재판정(본문대조): 본문상 명확한 근거 약함 — 담당부서 확인 권장(기존 분류 유지)
A6: 2 | B6: 4-1 | C6: 보통 | E6: 금형관리대장 | F6: SH-FM-QP021-02 | H6: 생산팀 | I6: 지성규 | J6: 기존 절차 연계 | K6: SH-QP-021(품질목표 및 KPI 관리 절차서) [확정 2026-09-22: 기존 추정 SH-WI-008(ratio=0.00) 대비 대안 채택(ratio=1.00) — 품질경영담당 일괄판단, 부서 정식회신 생략] | L6: 2026-11 | N6: ※재판정(본문대조): 기존 근거서류 재검토 필요 — 관련문서 참고, 담당부서/품질팀 확인 후 확정
A7: 3 | B7: 4-1 | C7: 보통 | E7: 금형이력카드 | F7: SH-FM-WI008-04 | H7: 생산팀 | I7: 지성규 | J7: 기존 절차 연계 | K7: SH-WI-008(금형·치공구 교환 및 관리 표준) [참고: 본문상 명확한 근거 약함(ratio=0.00), 담당부서 확인 권장] | L7: 2026-11 | N7: ※재판정(본문대조): 본문상 명확한 근거 약함 — 담당부서 확인 권장(기존 분류 유지)
A8: 4 | B8: 4-1 | C8: 보통 | E8: MMS SYSTEM금형수리내역 | F8: SH-FM-WI008-05 | H8: 생산팀 | I8: 지성규 | J8: 기존 절차 연계 | K8: SH-WI-008(금형·치공구 교환 및 관리 표준); SH-WI-018(재작업 및 수리 표준) [참고: 본문상 명확한 근거 약함(ratio=0.00), 담당부서 확인 권장] | L8: 2026-11 | N8: ※재판정(본문대조): 본문상 명확한 근거 약함 — 담당부서 확인 권장(기존 분류 유지)
A9: 5 | B9: 4-1 | C9: 보통 | E9: 금형일상점검관리기준서 | F9: SH-FM-WI001-04 | H9: 생산팀 | I9: 지성규 | J9: 기존 절차 연계 | K9: SH-WI-001(생산 작업준비 및 초품확인 표준) [확정 2026-09-22: 기존 추정 SH-WI-008(ratio=0.00) 대비 대안 채택(ratio=0.80) — 품질경영담당 일괄판단, 부서 정식회신 생략] | L9: 2026-11 | N9: ※재판정(본문대조): 기존 근거서류 재검토 필요 — 관련문서 참고, 담당부서/품질팀 확인 후 확정
A10: 6 | B10: 4-1 | C10: 보통 | E10: 금형일상점검체크시트 | F10: SH-FM-WI008-07 | H10: 생산팀 | I10: 지성규 | J10: 기존 절차 연계 | K10: SH-WI-008(금형·치공구 교환 및 관리 표준) [참고: 본문상 명확한 근거 약함(ratio=0.00), 담당부서 확인 권장] | L10: 2026-11 | N10: ※재판정(본문대조): 본문상 명확한 근거 약함 — 담당부서 확인 권장(기존 분류 유지)
A11: 7 | B11: 4-2 | C11: 보통 | D11: 금형별 등급별 점검/세척 기준 설정 및 준수상태 [점검 타발수 도달 전 예방점검 활동 가능토록 업무절차 수립 필요] | E11: 금형등급관리준서 | F11: SH-FM-WI008-08 | H11: 생산팀 | I11: 지성규 | J11: 기존 절차 연계 | K11: SH-WI-008(금형·치공구 교환 및 관리 표준) [참고: 본문상 명확한 근거 약함(ratio=0.00), 담당부서 확인 권장] | L11: 2026-11 | N11: ※재판정(본문대조): 본문상 명확한 근거 약함 — 담당부서 확인 권장(기존 분류 유지)
A12: 8 | B12: 4-2 | C12: 보통 | D12: 금형별 타발수 기록/관리 상태(정기적인 실적점검 실적) | E12: 금형별 등급실적 | F12: SH-FM-QP003-04 | H12: 생산팀 | I12: 지성규 | J12: 기존 절차 연계 | K12: SH-QP-003(기록관리 절차서); SH-WI-008(금형·치공구 교환 및 관리 표준) [참고: 본문상 명확한 근거 약함(ratio=0.00), 담당부서 확인 권장] | L12: 2026-11 | N12: ※재판정(본문대조): 본문상 명확한 근거 약함 — 담당부서 확인 권장(기존 분류 유지)
A13: 9 | B13: 4-2 | C13: 보통 | D13: → 전산시스템 대체 방안(엑셀, 금형관리 마스터 LIST 등) 활용한 타발수 실적관리 데이터 유효성 확보여부 점검 | E13: 금형정기점검실적 | F13: SH-FM-WI008-09 | H13: 생산팀 | I13: 지성규 | J13: 기존 절차 연계 | K13: SH-WI-008(금형·치공구 교환 및 관리 표준) [참고: 본문상 명확한 근거 약함(ratio=0.00), 담당부서 확인 권장] | L13: 2026-11 | N13: ※재판정(본문대조): 본문상 명확한 근거 약함 — 담당부서 확인 권장(기존 분류 유지)
A14: 10 | B14: 4-2 | C14: 보통 | D14: (설비내 카운터 또는 생산일보 실적 기준으로 타발수 관리 필요, ※ 출하수량 기준으로 타발수 관리시 감점 실시) | E14: 금형타발수관리대장 | F14: SH-FM-WI008-10 | H14: 생산팀 | I14: 지성규 | J14: 기존 절차 연계 | K14: SH-WI-008(금형·치공구 교환 및 관리 표준) [참고: 본문상 명확한 근거 약함(ratio=0.00), 담당부서 확인 권장] | L14: 2026-11 | N14: ※재판정(본문대조): 본문상 명확한 근거 약함 — 담당부서 확인 권장(기존 분류 유지)
A15: 11 | B15: 4-2 | C15: 보통 | D15: ※ 출하수량 기준으로 타발수 관리시 감점 실시) | E15: 금형전산화시스템적용시 금형반컴퓨터설치 | F15: SH-FM-WI008-11 | H15: 생산팀 | I15: 지성규 | J15: 기존 절차 연계 | K15: SH-WI-008(금형·치공구 교환 및 관리 표준) [참고: 본문상 명확한 근거 약함(ratio=0.23), 담당부서 확인 권장] | L15: 2026-11 | N15: ※재판정(본문대조): 본문상 명확한 근거 약함 — 담당부서 확인 권장(기존 분류 유지)
A16: 12 | B16: 4-3 | C16: 낮음 | D16: 금형 및 지그 수리이력 관리대장 (금형 Shot수, 지그 보수 이력) | E16: 금형/지그관리대장 | F16: SH-FM-QP023-01 | H16: 개발팀 | I16: 한상돈 | J16: 기존 절차 연계 | K16: SH-QP-023(통계적 공정관리(SPC) 절차서) [확정 2026-09-22: 기존 추정 SH-WI-008(ratio=0.26) 대비 대안 채택(ratio=0.59) — 품질경영담당 일괄판단, 부서 정식회신 생략] | L16: 2026-10 | N16: ※재판정(본문대조): 기존 근거서류 재검토 필요 — 관련문서 참고, 담당부서/품질팀 확인 후 확정
A17: 13 | B17: 4-3 | C17: 낮음 | D17: ※ 자체 프레스 공정이 없는경우 미해당으로 표기 | E17: 금형/JIG이력카드 | F17: SH-FM-WI008-13 | H17: 개발팀 | I17: 한상돈 | J17: 기존 절차 연계 | K17: SH-WI-008(금형·치공구 교환 및 관리 표준) [본문 확인 ratio=0.51] | L17: 2026-11
A18: 14 | B18: 4-4 | C18: 낮음 | D18: 금형보관대 제작 및 금형위치 현황판 주소화 관리(공정투입/작업대기/외주수리 등 LOCATION별 관리여부) | E18: 금형보관 lay-out 설치 | F18: SH-FM-WI008-14 | H18: 생산팀 | I18: 지성규 | J18: 기존 절차 연계 | K18: SH-WI-008(금형·치공구 교환 및 관리 표준); SH-WI-018(재작업 및 수리 표준) [참고: 본문상 명확한 근거 약함(ratio=0.00), 담당부서 확인 권장] | L18: 2026-12 | N18: ※재판정(본문대조): 본문상 명확한 근거 약함 — 담당부서 확인 권장(기존 분류 유지)
A19: 15 | B19: 4-4 | C19: 낮음 | D19: 금형 식별관리 절차 수립 및 준수(양산, A/S차종 등) | E19: 금형보관구역 식별표시 | F19: SH-FM-WI017-02 | H19: 생산팀 | I19: 지성규 | J19: 기존 절차 연계 | K19: SH-WI-017(청정도 및 이물관리 작업표준) [확정 2026-09-22: 기존 추정 SH-QP-018(ratio=0.06) 대비 대안 채택(ratio=0.71) — 품질경영담당 일괄판단, 부서 정식회신 생략] | L19: 2026-12 | N19: ※재판정(본문대조): 기존 근거서류 재검토 필요 — 관련문서 참고, 담당부서/품질팀 확인 후 확정
A20: 16 | B20: 4-4 | C20: 낮음 | D20: 금형 보관시 이물유입 방지 대책 수립 및 세척/냉각수 탈수 상태 보관 등 관리실태 현장 점검 | E20: 금형보관시 잔존이물제거후 적재 | F20: SH-FM-WI017-03 | H20: 생산팀 | I20: 지성규 | J20: 기존 절차 연계 | K20: SH-WI-017(청정도 및 이물관리 작업표준) [확정 2026-09-22: 기존 추정 SH-WI-008(ratio=0.00) 대비 대안 채택(ratio=0.56) — 품질경영담당 일괄판단, 부서 정식회신 생략] | L20: 2026-12 | N20: ※재판정(본문대조): 기존 근거서류 재검토 필요 — 관련문서 참고, 담당부서/품질팀 확인 후 확정
A21: 17 | B21: 4-5 | C21: 낮음 | D21: 신규제작 금형 이관시 T/OUT 성형 검증 실시(실시결과 증빙관리) ※ 자체 프레스 공정이 없는경우 미해당으로 표기 | E21: 금형이관 T/O보고서 | F21: SH-FM-WI008-16 | H21: 생산팀 | I21: 사무실 | J21: 기존 절차 연계 | K21: SH-WI-008(금형·치공구 교환 및 관리 표준) [참고: 본문상 명확한 근거 약함(ratio=0.00), 담당부서 확인 권장] | L21: 2026-12 | N21: ※재판정(본문대조): 본문상 명확한 근거 약함 — 담당부서 확인 권장(기존 분류 유지)
A22: 18 | B22: 4-5 | C22: 낮음 | E22: 금형이관시 접수자료 | F22: SH-FM-WI008-17 | H22: 생산팀 | I22: 사무실 | J22: 기존 절차 연계 | K22: SH-WI-008(금형·치공구 교환 및 관리 표준) [참고: 본문상 명확한 근거 약함(ratio=0.00), 담당부서 확인 권장] | L22: 2026-12 | N22: ※재판정(본문대조): 본문상 명확한 근거 약함 — 담당부서 확인 권장(기존 분류 유지)
A23: 19 | B23: 4-5 | C23: 낮음 | E23: 금형문제점개선자료 | F23: SH-FM-WI008-18 | H23: 생산팀 | I23: 사무실 | J23: 기존 절차 연계 | K23: SH-WI-008(금형·치공구 교환 및 관리 표준) [참고: 본문상 명확한 근거 약함(ratio=0.00), 담당부서 확인 권장] | L23: 2026-12 | N23: ※재판정(본문대조): 본문상 명확한 근거 약함 — 담당부서 확인 권장(기존 분류 유지)

Sheet C5_자재관리
A1: SQ mark 심사 - 5. 자재관리 필요서류 체크리스트
A2: 고객사: 한온시스템 | 작성일: 2026-09-17(Rev.2) | 해당 구분 필요서류: 33건
A3: DISCLAIMER: "작성구분"/"관련 기존 문서"는 QMS_REV00 품질경영시스템 통합문서(SH-QP-001~025, SH-WI-001~030) 실제 본문과 대조한 재판정 결과입니다(2026-09-17, Rev.2). 녹색=본문상 근거 확인된 기존 연계, 노란색="기존 절차 연계 (제안 — 검토 필요)"로 표시된 항목(본문 근거가 약하거나 새로 발견된 연계 후보 — 관련 기존 문서 칸의 [재검토]/[신규 발견]/[참고] 문구 확인), 빨간색=신규 작성 필요. "FM문서번호(안)"/"목표완료월"은 규칙 기반 1차 추정치입니다. 실제 활용 가능 여부, 양식 신규 제정 여부, 일정은 반드시 담당부서·품질책임자 검토 후 확정하세요.
A4: NO | B4: 번호 | C4: 우선순위 | D4: 요구사항(세부 추진 항목) | E4: 필요서류(준비서류) | F4: FM문서번호(안) | G4: 현장 연계 | H4: 담당부서 | I4: 담당자 | J4: 작성구분(자동추정) | K4: 관련 기존 문서(참고) | L4: 목표완료월(제안) | M4: 준비상태 | N4: 비고
A5: 1 | B5: 5-1 | C5: 보통 | D5: 수입검사 완료품 식별 프로세스 수립 (합격도장 등) - 보안/안전 부품 별도 식별 표시 : LOT타각, 식별마크 등 | E5: 작업일보 | F5: SH-FM-MAT-N01 | G5: 입고LOT OR C/N | H5: 생산팀 | I5: 지성규 | J5: 신규 작성 필요 | L5: 2026-09
A6: 2 | B6: 5-1 | C6: 보통 | D6: 선입선출 준수여부 - 중요부품 샘플링 점검, 인라인투입제품, 투입대기제품, 자재창고 적재 제품 생산일 점검 | E6: 작업일보 | F6: SH-FM-MAT-N02 | G6: 생산LOT OR C/N | H6: 생산팀 | I6: 지성규 | J6: 신규 작성 필요 | L6: 2026-09
A7: 3 | B7: 5-1 | C7: 보통 | D7: 부품 LOT 표기 여부 (표준류 지정시) - 각인, 스티커, 타각 등 | E7: 부품식별표 | F7: SH-FM-MAT-N03 | G7: LOT NO기록 | H7: 생산팀 | I7: 지성규 | J7: 신규 작성 필요 | L7: 2026-09
A8: 4 | B8: 5-1 | C8: 보통 | D8: 부품 LOT기록 마스터리스트 관리되고 역추적 가능 여부 | E8: 출하일지 | F8: SH-FM-MAT-N04 | G8: 생산LOT OR C/N | H8: 구매자재팀 | I8: 이은주 | J8: 신규 작성 필요 | L8: 2026-10
A9: 5 | B9: 5-1 | C9: 보통 | D9: [CASE2] LOT전산관리 - 파렛트단위 | E9: 고객부품식별표 | F9: SH-FM-MAT-N05 | G9: LOT NO기록 | H9: 구매자재팀 | I9: 이은주 | J9: 신규 작성 필요 | L9: 2026-10
A10: 6 | B10: 5-2 | C10: 보통 | D10: 미사용 장기보관 자재류 처리기준 수립 및 이행상태 | E10: 원자재선입선출관리기준서 | F10: SH-FM-MAT-N06 | H10: 구매자재팀 | I10: 이은주 | J10: 신규 작성 필요 | L10: 2026-10
A11: 7 | B11: 5-2 | C11: 보통 | D11: 설변에 의한 불용자재 발생시 자재 식별 및 혼입 방지 관리 상태 | E11: .원자재식별표 | F11: SH-FM-MAT-N07 | H11: 구매자재팀 | I11: 이은주 | J11: 신규 작성 필요 | L11: 2026-10
A12: 8 | B12: 5-2 | C12: 보통 | E12: LAY-OUT 및재고현황 | F12: SH-FM-MAT-N08 | H12: 생산팀 | I12: 지성규 | J12: 신규 작성 필요 | L12: 2026-10
A13: 9 | B13: 5-2 | C13: 보통 | E13: 구역설정및 식별 | F13: SH-FM-MAT-N09 | H13: 생산팀 | I13: 지성규 | J13: 신규 작성 필요 | L13: 2026-10
A14: 10 | B14: 5-2 | C14: 보통 | E14: 부품식별표 | F14: SH-FM-MAT-N10 | H14: 생산팀 | I14: 지성규 | J14: 신규 작성 필요 | L14: 2026-10
A15: 11 | B15: 5-2 | C15: 보통 | E15: 불용자재식별표 | F15: SH-FM-MAT-N11 | H15: 구매자재팀 | I15: 이은주 | J15: 신규 작성 필요 | L15: 2026-10
A16: 12 | B16: 5-3 | C16: 보통 | D16: 검사 전,후 식별 및 선입선출 관리 | E16: 선입고품 우선사용 TAG식별 | F16: SH-FM-WI028-04 | H16: 구매자재팀 | I16: 이은주 | J16: 기존 절차 연계 | K16: SH-WI-028(장기재고 및 유효기간 관리표준) [확정 2026-09-22: 신규 발견 연계 채택(ratio=0.65) — 품질경영담당 일괄판단, 부서 정식회신 생략] | L16: 2026-10 | N16: ※재판정(본문대조): 기존 절차 연계 가능성 신규 발견 — 검토 후 확정 필요
A17: 13 | B17: 5-3 | C17: 보통 | D17: 소재사양 및 GRADE 식별절차 | E17: .원자재식별표 | F17: SH-FM-MAT-N13 | H17: 구매자재팀 | I17: 이은주 | J17: 신규 작성 필요 | L17: 2026-10
A18: 14 | B18: 5-3 | C18: 보통 | E18: 부품식별표 | F18: SH-FM-MAT-N14 | H18: 생산팀 | I18: 지성규 | J18: 신규 작성 필요 | L18: 2026-10
A19: 15 | B19: 5-4 | C19: 보통 | D19: 품목별/공정별 장입(적재) 기준 수립 및 준수상태/ 과다적재 예방을 위한 장입 한계 기준설정 등 | E19: 공정제품 용기설정 기준서 | F19: SH-FM-MAT-N15 | G19: 관리본 배포 | H19: 생산팀 | I19: 지성규 | J19: 신규 작성 필요 | L19: 2026-10
A20: 16 | B20: 5-4 | C20: 보통 | D20: 외관확인이 어려운 공정처리 전/후 재공품 보관용기 식별절차 수립 및 준수상태 | E20: 과다적재방지 장입한계기준 설정 | F20: SH-FM-MAT-N16 | G20: 공용용기한계선 | H20: 생산팀 | I20: 지성규 | J20: 신규 작성 필요 | L20: 2026-10
A21: 17 | B21: 5-1 | C21: 보통 | D21: [CASE1] LOT수작업관리 - 파렛트or 부품단위 | E21: 원자재입고 부품식별표 | F21: SH-FM-QP018-10 | G21: COIL NO기록 | H21: 구매자재팀 | I21: 이은주 | J21: 기존 절차 연계 | K21: SH-QP-018(식별 및 추적성 관리 절차서) [확정 2026-09-22: 기존 추정 SH-WI-009(ratio=0.34) 대비 대안 채택(ratio=0.87) — 품질경영담당 일괄판단, 부서 정식회신 생략] | L21: 2026-11 | N21: ※재판정(본문대조): 기존 근거서류 재검토 필요 — 관련문서 참고, 담당부서/품질팀 확인 후 확정
A22: 18 | B22: 5-1 | C22: 보통 | D22: 선입/선출 관리기준 유무 (공정~출하) - 관리 대장, 레이아웃 | E22: 부품식별표 | F22: SH-FM-QP019-01 | G22: LOT NO기록 | H22: 생산팀 | I22: 지성규 | J22: 기존 절차 연계 | K22: SH-QP-019(보관·포장 및 출하관리 절차서) [참고: 본문상 명확한 근거 약함(ratio=0.00), 담당부서 확인 권장] | L22: 2026-11 | N22: ※재판정(본문대조): 본문상 명확한 근거 약함 — 담당부서 확인 권장(기존 분류 유지)
A23: 19 | B23: 5-1 | C23: 보통 | D23: [CASE3] LOT전산관리 - 부품단위 | E23: 일별생산실적현황 OR LOT 관리대장 | F23: SH-FM-QP018-04 | G23: 종합수합 | H23: 생산팀 | I23: 지성규 | J23: 기존 절차 연계 | K23: SH-QP-018(식별 및 추적성 관리 절차서) [참고: 본문상 명확한 근거 약함(ratio=0.03), 담당부서 확인 권장] | L23: 2026-11 | N23: ※재판정(본문대조): 본문상 명확한 근거 약함 — 담당부서 확인 권장(기존 분류 유지)
A24: 20 | B24: 5-1 | C24: 보통 | E24: LOT관리기준서 | F24: SH-FM-WI001-05 | H24: 생산팀 | I24: 지성규 | J24: 기존 절차 연계 | K24: SH-WI-001(생산 작업준비 및 초품확인 표준) [확정 2026-09-22: 기존 추정 SH-QP-018(ratio=0.06) 대비 대안 채택(ratio=0.71) — 품질경영담당 일괄판단, 부서 정식회신 생략] | L24: 2026-11 | N24: ※재판정(본문대조): 기존 근거서류 재검토 필요 — 관련문서 참고, 담당부서/품질팀 확인 후 확정
A25: 21 | B25: 5-2 | C25: 보통 | D25: 자재 창고 Lay Out 현황도 작성 및 선입선출 다이 등반영 상태(구조적 시스템, 입/불출 절차 효율성 확보 여부) | E25: 원자재보관관리기준서 | F25: SH-FM-QP019-02 | H25: 구매자재팀 | I25: 이은주 | J25: 기존 절차 연계 | K25: SH-QP-019(보관·포장 및 출하관리 절차서) [본문 확인 ratio=0.39] | L25: 2026-11
A26: 22 | B26: 5-2 | C26: 보통 | D26: 입고품 적재/관리기준 수립 및 준수(입고 완료품 찍힘/발청, 이물질오염, 기타 손상 확인시 감점) | E26: 원자재보관대 LAY-OUT 및재고현황 | F26: SH-FM-WI009-03 | H26: 구매자재팀 | I26: 이은주 | J26: 기존 절차 연계 | K26: SH-WI-009(자재 입고·보관·불출 관리 표준) [참고: 본문상 명확한 근거 약함(ratio=0.12), 담당부서 확인 권장] | L26: 2026-11 | N26: ※재판정(본문대조): 본문상 명확한 근거 약함 — 담당부서 확인 권장(기존 분류 유지)
A27: 23 | B27: 5-2 | C27: 보통 | D27: 원소재 보관 관리기준 수립 및 준수상태(포장상태 및 개봉후 식별방법 등) | E27: 원자재보관대 구역설정및 식별 | F27: SH-FM-QP019-03 | H27: 구매자재팀 | I27: 이은주 | J27: 기존 절차 연계 | K27: SH-QP-019(보관·포장 및 출하관리 절차서); SH-WI-009(자재 입고·보관·불출 관리 표준) [참고: 본문상 명확한 근거 약함(ratio=0.24), 담당부서 확인 권장] | L27: 2026-11 | N27: ※재판정(본문대조): 본문상 명확한 근거 약함 — 담당부서 확인 권장(기존 분류 유지)
A28: 24 | B28: 5-2 | C28: 보통 | D28: 항온/항습보관 필요 자재의 경우 보관장 관리기준 수립 및 준수 상태 | E28: 장기재고보관관리기준서 | F28: SH-FM-QP019-04 | H28: 구매자재팀 | I28: 이은주 | J28: 기존 절차 연계 | K28: SH-QP-019(보관·포장 및 출하관리 절차서) [본문 확인 ratio=0.45] | L28: 2026-11
A29: 25 | B29: 5-2 | C29: 보통 | E29: 장기재고점검체크시트 | F29: SH-FM-WI028-01 | H29: 구매자재팀 | I29: 이은주 | J29: 기존 절차 연계 | K29: SH-WI-028(장기재고 및 유효기간 관리표준) [본문 확인 ratio=0.42] | L29: 2026-11
A30: 26 | B30: 5-2 | C30: 보통 | E30: 장기재고식별표 | F30: SH-FM-WI028-02 | H30: 구매자재팀 | I30: 이은주 | J30: 기존 절차 연계 | K30: SH-WI-028(장기재고 및 유효기간 관리표준) [본문 확인 ratio=0.71] | L30: 2026-12
A31: 27 | B31: 5-2 | C31: 보통 | E31: '-불용자재관리기준서 | F31: SH-FM-WI009-04 | H31: 구매자재팀 | I31: 이은주 | J31: 기존 절차 연계 | K31: SH-WI-009(자재 입고·보관·불출 관리 표준) [참고: 본문상 명확한 근거 약함(ratio=0.00), 담당부서 확인 권장] | L31: 2026-12 | N31: ※재판정(본문대조): 본문상 명확한 근거 약함 — 담당부서 확인 권장(기존 분류 유지)
A32: 28 | B32: 5-3 | C32: 보통 | D32: 장기/불용/개발품 자재 관리기준 및 식별절차(장기/불용/개발용 원재료 별도 구분/식별관리) | E32: 장기재고보관관리기준서 | F32: SH-FM-QP018-06 | H32: 구매자재팀 | I32: 이은주 | J32: 기존 절차 연계 | K32: SH-QP-018(식별 및 추적성 관리 절차서); SH-QP-019(보관·포장 및 출하관리 절차서) [참고: 본문상 명확한 근거 약함(ratio=0.00), 담당부서 확인 권장] | L32: 2026-12 | N32: ※재판정(본문대조): 본문상 명확한 근거 약함 — 담당부서 확인 권장(기존 분류 유지)
A33: 29 | B33: 5-3 | C33: 보통 | D33: 공정 투입후 잔량관리(보관상태/식별표시/유효기간 설정 등) | E33: 장기재고식별표 | F33: SH-FM-WI028-03 | H33: 구매자재팀 | I33: 이은주 | J33: 기존 절차 연계 | K33: SH-WI-028(장기재고 및 유효기간 관리표준) [본문 확인 ratio=0.51] | L33: 2026-12
A34: 30 | B34: 5-4 | C34: 보통 | D34: (예: 표면처리, 열처리 전/후 용기 식별관리 절차 수립 등) | E34: 완성품 납용용기설정서 | F34: SH-FM-QP018-07 | G34: 고객승인 | H34: 구매자재팀 | I34: 이은주 | J34: 기존 절차 연계 | K34: SH-QP-018(식별 및 추적성 관리 절차서) [참고: 본문상 명확한 근거 약함(ratio=0.12), 담당부서 확인 권장] | L34: 2026-12 | N34: ※재판정(본문대조): 본문상 명확한 근거 약함 — 담당부서 확인 권장(기존 분류 유지)
A35: 31 | B35: 5-4 | C35: 보통 | D35: 제품 특성을 고려한 용기 관리기준 설정(청정도 관리 대상품 이물질유입 예방목적 용기세척, 오염방지커버적용등) | E35: 완성품 LAY-OUT | F35: SH-FM-WI017-01 | H35: 구매자재팀 | I35: 이은주 | J35: 기존 절차 연계 | K35: SH-WI-017(청정도 및 이물관리 표준) [참고: 본문상 명확한 근거 약함(ratio=0.31), 담당부서 확인 권장] | L35: 2026-12 | N35: ※재판정(본문대조): 본문상 명확한 근거 약함 — 담당부서 확인 권장(기존 분류 유지)
A36: 32 | B36: 5-4 | C36: 보통 | D36: 포장 용기 다단적재 및 현장 적재상태 (종이BOX, 프라스틱BOX, 전용용기 등 적재 관리기준 수립 및 이행상태) | E36: 완성품 적재공간 구역설정 LINE MARK'G | F36: SH-FM-WI010-01 | H36: 구매자재팀 | I36: 이은주 | J36: 기존 절차 연계 | K36: SH-WI-010(포장·라벨 및 출하검증 표준) [참고: 본문상 명확한 근거 약함(ratio=0.00), 담당부서 확인 권장] | L36: 2026-12 | N36: ※재판정(본문대조): 본문상 명확한 근거 약함 — 담당부서 확인 권장(기존 분류 유지)
A37: 33 | B37: 5-4 | C37: 보통 | D37: 완제품 보관관리 기준 및 관리상태 | E37: 완성품 적재장소 NAME PLATE부착 | F37: SH-FM-QP019-05 | H37: 구매자재팀 | I37: 이은주 | J37: 기존 절차 연계 | K37: SH-QP-019(보관·포장 및 출하관리 절차서) [참고: 본문상 명확한 근거 약함(ratio=0.28), 담당부서 확인 권장] | L37: 2026-12 | N37: ※재판정(본문대조): 본문상 명확한 근거 약함 — 담당부서 확인 권장(기존 분류 유지)

Sheet C6_품질경영체제
A1: SQ mark 심사 - 6. 품질경영체제 필요서류 체크리스트
A2: 고객사: 한온시스템 | 작성일: 2026-09-17(Rev.2) | 해당 구분 필요서류: 76건
A3: DISCLAIMER: "작성구분"/"관련 기존 문서"는 QMS_REV00 품질경영시스템 통합문서(SH-QP-001~025, SH-WI-001~030) 실제 본문과 대조한 재판정 결과입니다(2026-09-17, Rev.2). 녹색=본문상 근거 확인된 기존 연계, 노란색="기존 절차 연계 (제안 — 검토 필요)"로 표시된 항목(본문 근거가 약하거나 새로 발견된 연계 후보 — 관련 기존 문서 칸의 [재검토]/[신규 발견]/[참고] 문구 확인), 빨간색=신규 작성 필요. "FM문서번호(안)"/"목표완료월"은 규칙 기반 1차 추정치입니다. 실제 활용 가능 여부, 양식 신규 제정 여부, 일정은 반드시 담당부서·품질책임자 검토 후 확정하세요.
A4: NO | B4: 번호 | C4: 우선순위 | D4: 요구사항(세부 추진 항목) | E4: 필요서류(준비서류) | F4: FM문서번호(안) | G4: 현장 연계 | H4: 담당부서 | I4: 담당자 | J4: 작성구분(자동추정) | K4: 관련 기존 문서(참고) | L4: 목표완료월(제안) | M4: 준비상태 | N4: 비고
A5: 1 | B5: 6-1 | C5: 보통 | D5: 작업자 안전관리 프로세스 수립 및 준수실태(현장확인) | E5: 안전관리업무기준서 | F5: SH-FM-QP004-01 | H5: 생산팀 | I5: 지성규 | J5: 기존 절차 연계 | K5: SH-QP-004(리스크 및 기회관리 절차서) [확정 2026-09-22: 신규 발견 연계 채택(ratio=0.59) — 품질경영담당 일괄판단, 부서 정식회신 생략] | L5: 2026-09 | N5: ※재판정(본문대조): 기존 절차 연계 가능성 신규 발견 — 검토 후 확정 필요
A6: 2 | B6: 6-1 | C6: 보통 | D6: : 생산라인 투입전 핸드폰 보관을 위한 별도 보관대 설치 및 활용상태 점검 (생산중 핸드폰 사용에 따른 사고 방지) | E6: 안전보호구 지급기준 | F6: SH-FM-QMS-N02 | H6: 생산팀 | I6: 지성규 | J6: 신규 작성 필요 | L6: 2026-09
A7: 3 | B7: 6-1 | C7: 보통 | D7: : 안전 보호장구(보안경/헬멧/장갑 등) 착용 기준수립 및 이행상태 점검(일상) | E7: 안전보호구 지급관리대장 | F7: SH-FM-QMS-N03 | H7: 생산팀 | I7: 지성규 | J7: 신규 작성 필요 | L7: 2026-09
A8: 4 | B8: 6-1 | C8: 보통 | D8: 업종별 안전사고 발생 예방을 위한 설비/레이아웃 반영 | E8: 안전교육교안 | F8: SH-FM-QMS-N04 | H8: 생산팀 | I8: 지성규 | J8: 신규 작성 필요 | L8: 2026-09
A9: 5 | B9: 6-1 | C9: 보통 | D9: ⇒ 예) 프레스 : 작업자 감지센서(안전BAR), 양수 조작버튼, 플라이휠 커버 등 | E9: 안전교육실시보고서 | F9: SH-FM-QMS-N05 | H9: 생산팀 | I9: 지성규 | J9: 신규 작성 필요 | L9: 2026-09
A10: 6 | B10: 6-2 | C10: 보통 | D10: 설계변경/4M 변경 업무 프로세스 수립여부 | E10: 설계변경/4M관리업무 프로세스 | F10: SH-FM-QMS-N12 | H10: 품질팀 | I10: 이광재 | J10: 신규 작성 필요 | L10: 2026-09
A11: 7 | B11: 6-3 | C11: 보통 | D11: 도면에 명시된 외관, 치수, 기능, 주기를 검사협정 및 사내 검사기준 반영 | E11: 도면일치성관리기준서 | F11: SH-FM-QMS-N13 | H11: 품질팀 | I11: 이광재 | J11: 신규 작성 필요 | L11: 2026-09
A12: 8 | B12: 6-3 | C12: 보통 | D12: 검사협정서/기준서/초도품 보증서 고객 승인본 보유 | E12: 도면일치성점검체크시트(고객사관리본접수) | F12: SH-FM-QP002-01 | G12: 고객점검접수 | H12: 품질팀 | I12: 이광재 | J12: 기존 절차 연계 | K12: SH-QP-002(문서화된 정보 관리 절차서) [확정 2026-09-22: 신규 발견 연계 채택(ratio=0.60) — 품질경영담당 일괄판단, 부서 정식회신 생략] | L12: 2026-09 | N12: ※재판정(본문대조): 기존 절차 연계 가능성 신규 발견 — 검토 후 확정 필요
A13: 9 | B13: 6-3 | C13: 보통 | D13: '-도면 일치성 점검 담당자 지정하여 정기적 도면대비 검사협정/기준서 일치성 점검 및 점검이력 관리 | E13: 도면/검사협정서/초도품보증서고객승인본 | F13: SH-FM-QMS-N15 | H13: 품질팀 | I13: 이광재 | J13: 신규 작성 필요 | L13: 2026-09
A14: 10 | B14: 6-3 | C14: 보통 | E14: 정기검사실적 | F14: SH-FM-QMS-N16 | H14: 품질팀 | I14: 이광재 | J14: 신규 작성 필요 | L14: 2026-09
A15: 11 | B15: 6-5 | C15: 보통 | D15: 공정별 작업자/검사자 배치기준 수립 및 자격인증 평가 실시여부 [품질 표준류내 검사지정 항목별 담당자] | E15: 자격인증관리 기준서 | F15: SH-FM-QMS-N21 | H15: 품질팀 | I15: 이광재 | J15: 신규 작성 필요 | L15: 2026-09
A16: 12 | B16: 6-1 | C16: 보통 | D16: 작업 현장내 안전표지/수칙 게시 및 작업자 교육 | E16: 작업장 안전수칙 라인별 제작활용 | F16: SH-FM-QMS-N06 | H16: 생산팀 | I16: 지성규 | J16: 신규 작성 필요 | L16: 2026-10
A17: 13 | B17: 6-1 | C17: 보통 | D17: 작업 현장내 위험요소(위험물)에 대한 사고예방 장비/시설물 설치 및 식별 표준류 반영 | E17: 유해물질보관장 선정 | F17: SH-FM-QMS-N07 | H17: 생산팀 | I17: 지성규 | J17: 신규 작성 필요 | L17: 2026-10
A18: 14 | B18: 6-1 | C18: 보통 | D18: 1) 표준류 게시된 현위치 기준 소화 방재시설 위치 및 비상대피 동선 표기된 표준류 작성/게시 | E18: 유해물질보관장 MSDS비치활용 | F18: SH-FM-QMS-N08 | H18: 생산팀 | I18: 지성규 | J18: 신규 작성 필요 | L18: 2026-10
A19: 15 | B19: 6-1 | C19: 보통 | D19: 2) 설비 간섭 등 고려 소화 방재시설 식별표, 비상대비 표시등 2층높이 반영 | E19: 설비일상/정기점검기준서(안전장치점검반영) | F19: SH-FM-WI016-04 | H19: 생산팀 | I19: 지성규 | J19: 기존 절차 연계 | K19: SH-WI-016(예방보전 및 설비점검 작업표준) [확정 2026-09-22: 신규 발견 연계 채택(ratio=0.74) — 품질경영담당 일괄판단, 부서 정식회신 생략] | L19: 2026-10 | N19: ※재판정(본문대조): 기존 절차 연계 가능성 신규 발견 — 검토 후 확정 필요
A20: 16 | B20: 6-1 | C20: 보통 | D20: 운영중인 설비에 대한 정기 안전관리 프로세스 수립 및 이행상태 | E20: 설비안전관리책임자선정및 정,부 식별현황 | F20: SH-FM-QMS-N10 | H20: 생산팀 | I20: 지성규 | J20: 신규 작성 필요 | L20: 2026-10
A21: 17 | B21: 6-1 | C21: 보통 | E21: 소화기점검식별표 | F21: SH-FM-QMS-N11 | H21: 생산팀 | I21: 지성규 | J21: 신규 작성 필요 | L21: 2026-10
A22: 18 | B22: 6-5 | C22: 보통 | D22: ⇒ 자격인증 실시 기준 | E22: 자격인증체크시트 (검사원) | F22: SH-FM-QP006-03 | H22: 품질팀 | I22: 이광재 | J22: 기존 절차 연계 | K22: SH-QP-006(교육훈련 및 역량관리 절차서) [확정 2026-09-22: 신규 발견 연계 채택(ratio=1.00) — 품질경영담당 일괄판단, 부서 정식회신 생략] | L22: 2026-10 | N22: ※재판정(본문대조): 기존 절차 연계 가능성 신규 발견 — 검토 후 확정 필요
A23: 19 | B23: 6-5 | C23: 보통 | D23: [부적합 판별 실기평가, 품질특성 교육, 동일업무 경력, 생산품 품질산포 발생 가능성 검증 등] | E23: 자격인증체크시트 (현장작업자) | F23: SH-FM-QP006-04 | H23: 생산팀 | I23: 지성규 | J23: 기존 절차 연계 | K23: SH-QP-006(교육훈련 및 역량관리 절차서) [확정 2026-09-22: 신규 발견 연계 채택(ratio=0.57) — 품질경영담당 일괄판단, 부서 정식회신 생략] | L23: 2026-10 | N23: ※재판정(본문대조): 기존 절차 연계 가능성 신규 발견 — 검토 후 확정 필요
A24: 20 | B24: 6-5 | C24: 보통 | D24: ※ 부적합 판별 실기평가 | E24: 계수형R&R 계획대실적표 | F24: SH-FM-QMS-N24 | H24: 품질팀 | I24: 이광재 | J24: 신규 작성 필요 | L24: 2026-10
A25: 21 | B25: 6-5 | C25: 보통 | D25: 외관검사 : 부적합 유형별 검출능력 실기평가 | E25: 계수형R&R 실시실적 | F25: SH-FM-QMS-N25 | H25: 품질팀 | I25: 이광재 | J25: 신규 작성 필요 | L25: 2026-10
A26: 22 | B26: 6-5 | C26: 보통 | D26: 자격인증 검증평가 결과에 대한 신뢰도 확보 필요(수기 작성 원본데이터, 검증용 시료 확보 등) | E26: 계수형R&R 평가샘플 보관대 | F26: SH-FM-QMS-N26 | H26: 생산팀 | I26: 지성규 | J26: 신규 작성 필요 | L26: 2026-10
A27: 23 | B27: 6-5 | C27: 보통 | D27: 자격인증자 결원/휴가시 대응인원 확보상태 및 후속조치 관리방안/실행상태 | E27: 자격인증대상자교육실시보고서 | F27: SH-FM-QMS-N27 | H27: 품질팀 | I27: 이광재 | J27: 신규 작성 필요 | L27: 2026-10
A28: 24 | B28: 6-5 | C28: 보통 | D28: 작업자 결원으로 대체인원 투입 불가피시, 투입전 교육/품질보증 방안 등 관리 규정 수립 및 관리 상태점검 | E28: 자격인증서(검사원/현장작업자) | F28: SH-FM-QMS-N28 | G28: 현장라인부착 | H28: 품질팀 | I28: 이광재 | J28: 신규 작성 필요 | L28: 2026-10
A29: 25 | B29: 6-5 | C29: 보통 | D29: 생산작업자 자격인증 : 동일작업 반복 생산후 부품간 산포발생 가능성 검증 | E29: 작업자변경시 교육실시보고서 | F29: SH-FM-QMS-N29 | G29: 4M변경연계 | H29: 생산팀 | I29: 지성규 | J29: 신규 작성 필요 | L29: 2026-10
A30: 26 | B30: 6-7 | C30: 보통 | D30: 수입검사/생산공정/최종검사 부적합(추정)품에 대한 격리/식별절차 수립 및 준수여부 | E30: 부적합처리업무 프로세스 | F30: SH-FM-QMS-N33 | H30: 품질팀 | I30: 이광재 | J30: 신규 작성 필요 | L30: 2026-10
A31: 27 | B31: 6-7 | C31: 보통 | D31: 부적합품 후공정 유출 방지를 위한 식별 및 격리방안 세부 작성 및 준수여부 | E31: 부적합 격리보관장소 지정 (펜스격리) | F31: SH-FM-QMS-N34 | G31: LOT불량격리 | H31: 품질팀 | I31: 이광재 | J31: 신규 작성 필요 | L31: 2026-10
A32: 28 | B32: 6-7 | C32: 보통 | D32: 부적합(추정)품 처리 프로세스 수립 및 준수여부 | E32: 부적합처리일지 | F32: SH-FM-QP014-02 | H32: 품질팀 | I32: 이광재 | J32: 기존 절차 연계 | K32: SH-QP-014(부적합품 및 재작업 관리 절차서) [확정 2026-09-22: 신규 발견 연계 채택(ratio=0.80) — 품질경영담당 일괄판단, 부서 정식회신 생략] | L32: 2026-10 | N32: ※재판정(본문대조): 기존 절차 연계 가능성 신규 발견 — 검토 후 확정 필요
A33: 29 | B33: 6-7 | C33: 보통 | D33: 생산중 부적합품 발생수량과 실제 수거량 비교를 통한 부적합품 후공정 유출 발생여부점검활동[점검이력 보관] | E33: 부적합품 보관함 | F33: SH-FM-QMS-N36 | G33: 라인별비치 | H33: 품질팀 | I33: 이광재 | J33: 신규 작성 필요 | L33: 2026-10
A34: 30 | B34: 6-7 | C34: 보통 | D34: 개발등 시제품 생산시 양산부품과 혼입 방지를 위한 식별 및 격리 절차 수립/준수상태 점검 | E34: 부적합식별표 | F34: SH-FM-QP014-03 | H34: 품질팀 | I34: 이광재 | J34: 기존 절차 연계 | K34: SH-QP-014(부적합품 및 재작업 관리 절차서) [확정 2026-09-22: 신규 발견 연계 채택(ratio=0.59) — 품질경영담당 일괄판단, 부서 정식회신 생략] | L34: 2026-10 | N34: ※재판정(본문대조): 기존 절차 연계 가능성 신규 발견 — 검토 후 확정 필요
A35: 31 | B35: 6-8 | C35: 보통 | D35: ⇒ 공정불량 (생산수량, 불량수, PPM), 고객불량 (납품수량, 불량수, PPM), 외주불량(입고수량, 불량수, PPM) | E35: 고객/공정/외주불량 실적PPM | F35: SH-FM-QMS-N38 | H35: 품질팀 | I35: 박철호 | J35: 신규 작성 필요 | L35: 2026-10
A36: 32 | B36: 6-8 | C36: 보통 | D36: 목표 미달시 워스트 항목에 대한 근본적인 원인분석 및 개선대책 수립/유효성 평가 실시상태 | E36: 고객/공정/외주불량 개선대책서 | F36: SH-FM-QMS-N39 | H36: 품질팀 | I36: 박철호 | J36: 신규 작성 필요 | L36: 2026-10
A37: 33 | B37: 6-8 | C37: 보통 | E37: D+3개월 유효성검증 | F37: SH-FM-QMS-N40 | H37: 품질팀 | I37: 품질팀 | J37: 신규 작성 필요 | L37: 2026-10
A38: 34 | B38: 6-13 | C38: 보통 | D38: 『정성품질』 활동 관련 업무분장(키맨) | E38: 정성품질향상가이드 | F38: SH-FM-QMS-N51 | H38: 품질팀 | I38: 김명용 | J38: 신규 작성 필요 | L38: 2026-10
A39: 35 | B39: 6-13 | C39: 보통 | D39: 『정성품질』 수평전개 교육 담당/ 품질문제 발생시 개선활동 담당/ 고객사 협업 담당 등 | E39: 정성품질 조직도 (키맨선정) | F39: SH-FM-QMS-N52 | H39: 품질팀 | I39: 김명용 | J39: 신규 작성 필요 | L39: 2026-10
A40: 36 | B40: 6-13 | C40: 보통 | D40: 제조현장 『정성품질』관련 예방/개선 프로세스 수립(제조현장 반영내역 확인) | E40: 정성품질 체크시트 | F40: SH-FM-QMS-N53 | H40: 품질팀 | I40: 김명용 | J40: 신규 작성 필요 | L40: 2026-10
A41: 37 | B41: 6-13 | C41: 보통 | D41: 예방활동 : 휴먼에러 발생 예방을 위한 작업자/공정/설비 등 예방점검 개선 이력 | E41: 정성품질 개선추진보고서 | F41: SH-FM-QMS-N54 | G41: 경영자승인본 | H41: 품질팀 | I41: 김명용 | J41: 신규 작성 필요 | L41: 2026-10
A42: 38 | B42: 6-13 | C42: 보통 | D42: 『정성품질』 유지 및 관리실태 점검 활동 실시이력(현황 및 개선대책 경영진 보고) | E42: 정성품질 포상실행 품의서 | F42: SH-FM-QMS-N55 | H42: 품질팀 | I42: 김명용 | J42: 신규 작성 필요 | L42: 2026-10
A43: 39 | B43: 6-1 | C43: 보통 | D43: 설비 점검시(계획/비계획) 업무 처리절차 수립 : 2인 1개조 운영, 비정상 가동 예방절차 등 | E43: 소화기 배치 LAY-OUT | F43: SH-FM-WI016-03 | G43: 공장LAYOUT반영 | H43: 생산팀 | I43: 지성규 | J43: 기존 절차 연계 | K43: SH-WI-016(예방보전 및 설비점검 표준) [참고: 본문상 명확한 근거 약함(ratio=0.30), 담당부서 확인 권장] | L43: 2026-12 | N43: ※재판정(본문대조): 본문상 명확한 근거 약함 — 담당부서 확인 권장(기존 분류 유지)
A44: 40 | B44: 6-2 | C44: 보통 | D44: [세부 유형별 업무 처리절차 및 관리분담, 고객사 ISIR 재승인 필요여부 등] | E44: 변경관리 master list | F44: SH-FM-WI020-03 | H44: 품질팀 | I44: 이광재 | J44: 기존 절차 연계 | K44: SH-WI-020(비상상황 생산복구 작업표준) [확정 2026-09-22: 기존 추정 SH-QP-010(ratio=0.16) 대비 대안 채택(ratio=0.73) — 품질경영담당 일괄판단, 부서 정식회신 생략] | L44: 2026-12 | N44: ※재판정(본문대조): 기존 근거서류 재검토 필요 — 관련문서 참고, 담당부서/품질팀 확인 후 확정
A45: 41 | B45: 6-2 | C45: 보통 | D45: 변경점 추적성 확보를 위한 마스터리스트 작성관리[누락 발생시 감점 처리] | E45: 변경품적용시점통보서 | F45: SH-FM-WI029-01 | H45: 품질팀 | I45: 이광재 | J45: 기존 절차 연계 | K45: SH-WI-029(공급자 변경품 및 초도품 확인 표준) [참고: 본문상 명확한 근거 약함(ratio=0.12), 담당부서 확인 권장] | L45: 2026-12 | N45: ※재판정(본문대조): 본문상 명확한 근거 약함 — 담당부서 확인 권장(기존 분류 유지)
A46: 42 | B46: 6-2 | C46: 보통 | D46: 변경점 누락 발생 예방을 위한 정기적인 점검활동 실시여부[담당자 지정 및 점검주기 설정관리] | E46: 변경품적용시 고객ISIR승인서류 | F46: SH-FM-QP010-06 | H46: 품질팀 | I46: 이광재 | J46: 기존 절차 연계 | K46: SH-QP-010(APQP 및 PPAP 관리 절차서); SH-WI-029(공급자 변경품 및 초도품 확인 표준) [참고: 본문상 명확한 근거 약함(ratio=0.21), 담당부서 확인 권장] | L46: 2026-12 | N46: ※재판정(본문대조): 본문상 명확한 근거 약함 — 담당부서 확인 권장(기존 분류 유지)
A47: 43 | B47: 6-3 | C47: 보통 | D47: 검사협정 및 검사기준서내 부품 검사항목(정기신뢰성 시험 포함)의 점검주기 준수여부 | E47: 정기검사계획대실적표 | F47: SH-FM-QP013-09 | H47: 품질팀 | I47: 이광재 | J47: 기존 절차 연계 | K47: SH-QP-013(검사 및 시험관리 절차서) [참고: 본문상 명확한 근거 약함(ratio=0.08), 담당부서 확인 권장] | L47: 2026-12 | N47: ※재판정(본문대조): 본문상 명확한 근거 약함 — 담당부서 확인 권장(기존 분류 유지)
A48: 44 | B48: 6-5 | C48: 보통 | D48: 치수검사 : 담당별 지정 계측기 사용능력 평가 [계측기 활용능력 평가로 CpK 산출 불필요] | E48: 계량형/계수형 R&R 수기작성본 | F48: SH-FM-WI006-09 | G48: 샘플OR사진 | H48: 품질팀 | I48: 이광재 | J48: 기존 절차 연계 | K48: SH-WI-006(계측기 사용 및 일상점검 표준) [참고: 본문상 명확한 근거 약함(ratio=0.21), 담당부서 확인 권장] | L48: 2026-12 | N48: ※재판정(본문대조): 본문상 명확한 근거 약함 — 담당부서 확인 권장(기존 분류 유지)
A49: 45 | B49: 6-8 | C49: 보통 | D49: 전년도 품질 실적대비 목표설정 및 실적 점검(1회/월)상태 | E49: 품질실적보고서 (전부서KPI목표대비실적) | F49: SH-FM-QP021-01 | G49: 매월경영자승인본 | H49: 품질팀 | I49: 박철호 | J49: 기존 절차 연계 | K49: SH-QP-021(품질목표 및 KPI 관리 절차서) [본문 확인 ratio=0.91] | L49: 2026-12
A50: 46 | B50: 6-8 | C50: 보통 | D50: 고객 불량(필드 클레임) 문제점에 대한 고품분석 및 시정조치 활동 실시여부 | E50: 고객불량 유효성검증 MASTER LIST | F50: SH-FM-QP016-02 | G50: 현장현황판제작 | H50: 품질팀 | I50: 박철호 | J50: 기존 절차 연계 | K50: SH-QP-016(시정조치 및 문제해결 절차서); SH-QP-017(고객불만 및 보증관리 절차서) [참고: 본문상 명확한 근거 약함(ratio=0.22), 담당부서 확인 권장] | L50: 2026-12 | N50: ※재판정(본문대조): 본문상 명확한 근거 약함 — 담당부서 확인 권장(기존 분류 유지)
A51: 47 | B51: 6-13 | C51: 보통 | D51: → 발생 원인에 대한 세부적인 원인 분류 및 근본적인 시정조치 활동 실시 | E51: 정성품질 포상제도 시행안 보고서 | F51: SH-FM-QP016-04 | G51: 3정5행연계 | H51: 품질팀 | I51: 김명용 | J51: 기존 절차 연계 | K51: SH-QP-016(시정조치 및 문제해결 절차서) [본문 확인 ratio=0.82] | L51: 2026-12
A52: 48 | B52: 6-4 | C52: 낮음 | D52: 품질 매뉴얼/절차서/지침서 구비 및 적용상태 | E52: ISO인증서 | F52: SH-FM-QP025-02 | H52: 품질팀 | I52: 이광재 | J52: 기존 절차 연계 | K52: SH-QP-025(고객별 요구사항(CSR) 관리 절차서) [확정 2026-09-22: 신규 발견 연계 채택(ratio=0.92) — 품질경영담당 일괄판단, 부서 정식회신 생략] | L52: 2026-10 | N52: ※재판정(본문대조): 기존 절차 연계 가능성 신규 발견 — 검토 후 확정 필요
A53: 49 | B53: 6-4 | C53: 낮음 | D53: 구체적인 업무분장 수립상태 | E53: 품질매뉴얼/절차서/지침서 | F53: SH-FM-QP025-03 | H53: 품질팀 | I53: 이광재 | J53: 기존 절차 연계 | K53: SH-QP-025(고객별 요구사항(CSR) 관리 절차서) [확정 2026-09-22: 신규 발견 연계 채택(ratio=0.97) — 품질경영담당 일괄판단, 부서 정식회신 생략] | L53: 2026-10 | N53: ※재판정(본문대조): 기존 절차 연계 가능성 신규 발견 — 검토 후 확정 필요
A54: 50 | B54: 6-4 | C54: 낮음 | D54: ⇒ 점검결과 경영자/임원 보고 및 후속조치 활동 이력[증빙물 관리] | E54: SQ 사전점검 지적사항및 개선대책 | F54: SH-FM-QMS-N19 | H54: 품질팀 | I54: 이광재 | J54: 신규 작성 필요 | L54: 2026-10
A55: 51 | B55: 6-9 | C55: 낮음 | D55: 정기적인 작업장/ 검사장 조도 관리를 위한 운영 프로세스 수립[측정장소/시간, 조도 관리기준, 측정장소 지정] | E55: 조도관리기준서 | F55: SH-FM-QMS-N41 | H55: 생산팀 | I55: 지성규 | J55: 신규 작성 필요 | L55: 2026-10
A56: 52 | B56: 6-9 | C56: 낮음 | E56: 조도측정부 현장내 식별 | F56: SH-FM-QMS-N42 | G56: 조도측정구역표시 | H56: 생산팀 | I56: 지성규 | J56: 신규 작성 필요 | L56: 2026-10
A57: 53 | B57: 6-6 | C57: 낮음 | D57: 리콜/캠페인 등 고객사 품질문제 발생시 회사에 미치는 영향성 (대외이미지, 비용부담 등) 교안작성 | E57: 교육교안 | F57: SH-FM-QP006-05 | H57: 품질팀 | I57: 김명용 | J57: 기존 절차 연계 | K57: SH-QP-006(교육훈련 및 역량관리 절차서) [확정 2026-09-22: 신규 발견 연계 채택(ratio=0.64) — 품질경영담당 일괄판단, 부서 정식회신 생략] | L57: 2026-11 | N57: ※재판정(본문대조): 기존 절차 연계 가능성 신규 발견 — 검토 후 확정 필요
A58: 54 | B58: 6-6 | C58: 낮음 | D58: 작업실수 방지 및 안전사고 예방을 위한 작업자 교육실시(실시교안 및 이력 증빙관리) | E58: 교육실시보고서 (교육사진/참석자서명) | F58: SH-FM-QMS-N31 | H58: 품질팀 | I58: 김명용 | J58: 신규 작성 필요 | L58: 2026-11
A59: 55 | B59: 6-6 | C59: 낮음 | D59: 공정별(수입/제조/완성품 검사) 작업자 및 검사 담당자에 대한 부적합 처리절차 교육 시행여부 | E59: 품질문제발생시 즉시교육실적보고서 | F59: SH-FM-QMS-N32 | H59: 품질팀 | I59: 김명용 | J59: 신규 작성 필요 | L59: 2026-11
A60: 56 | B60: 6-9 | C60: 낮음 | E60: 조도측정 실적 | F60: SH-FM-QMS-N43 | H60: 생산팀 | I60: 지성규 | J60: 신규 작성 필요 | L60: 2026-11
A61: 57 | B61: 6-10 | C61: 낮음 | D61: 정기적인 3정5행 현장개선 프로세스 수립 | E61: 3정5행관리 기준서 | F61: SH-FM-QP001-01 | H61: 생산팀 | I61: 지성규 | J61: 기존 절차 연계 | K61: SH-QP-001(경영검토 절차서) [확정 2026-09-22: 신규 발견 연계 채택(ratio=0.69) — 품질경영담당 일괄판단, 부서 정식회신 생략] | L61: 2026-11 | N61: ※재판정(본문대조): 기존 절차 연계 가능성 신규 발견 — 검토 후 확정 필요
A62: 58 | B62: 6-10 | C62: 낮음 | D62: 현장점검시 3정 5행 관리실태 | E62: 3정5행점검 체크시트 | F62: SH-FM-QMS-N45 | H62: 생산팀 | I62: 지성규 | J62: 신규 작성 필요 | L62: 2026-11
A63: 59 | B63: 6-10 | C63: 낮음 | E63: 3정5행 점검 결과 개선대책 | F63: SH-FM-WI001-06 | H63: 생산팀 | I63: 지성규 | J63: 기존 절차 연계 | K63: SH-WI-001(생산 작업준비 및 초품확인 표준) [확정 2026-09-22: 신규 발견 연계 채택(ratio=0.57) — 품질경영담당 일괄판단, 부서 정식회신 생략] | L63: 2026-11 | N63: ※재판정(본문대조): 기존 절차 연계 가능성 신규 발견 — 검토 후 확정 필요
A64: 60 | B64: 6-10 | C64: 낮음 | E64: 3정5행개선사례 현황판 | F64: SH-FM-QMS-N47 | H64: 생산팀 | I64: 지성규 | J64: 신규 작성 필요 | L64: 2026-11
A65: 61 | B65: 6-11 | C65: 낮음 | D65: 주기 : 최소 월 1회 이상 주요 품질 문제점 현황 작성현장내 게시활동 실시 | E65: 품질종합현황판 제작설치 | F65: SH-FM-QMS-N48 | G65: 3정5행개선사례 | H65: 품질팀 | I65: 김명용 | J65: 신규 작성 필요 | L65: 2026-11
A66: 62 | B66: 6-11 | C66: 낮음 | D66: 장소 : 발생 해당공정 및 필요시 주요 공정(예: 수입검사 공정, 완제품 검사공정, 교육장 등) | E66: 중점관리POINT 선정 운영 | F66: SH-FM-QMS-N49 | H66: 품질팀 | I66: 김명용 | J66: 신규 작성 필요 | L66: 2026-11
A67: 63 | B67: 6-12 | C67: 낮음 | E67: 자격인증내 실기평가보고서첨부 | F67: SH-FM-QP006-06 | H67: 생산팀 | I67: 안종명 | J67: 기존 절차 연계 | K67: SH-QP-006(교육훈련 및 역량관리 절차서) [확정 2026-09-22: 신규 발견 연계 채택(ratio=0.89) — 품질경영담당 일괄판단, 부서 정식회신 생략] | L67: 2026-11 | N67: ※재판정(본문대조): 기존 절차 연계 가능성 신규 발견 — 검토 후 확정 필요
A68: 64 | B68: 6-4 | C68: 낮음 | D68: SQ 인증업종 자체 내부심사[평가서 기준] 활동 실시 및 발췌 문제점에 대한 개선활동 추진 | E68: 전사조직도 및 업무분장표 | F68: SH-FM-QP005-01 | H68: 품질팀 | I68: 이광재 | J68: 기존 절차 연계 | K68: SH-QP-005(내부심사 절차서) [본문 확인 ratio=0.46] | L68: 2026-12
A69: 65 | B69: 6-4 | C69: 낮음 | E69: (유효성검증관리 실적) | F69: SH-FM-QMS-N20 | H69: (부서 미정) | J69: 신규 작성 필요 | L69: 2026-12
A70: 66 | B70: 6-6 | C70: 낮음 | D70: 임직원 대상(비정규직 포함) 교육 실시후 교육이력 증빙관리 | E70: 2026년 교육계획대실적 | F70: SH-FM-QP006-01 | H70: 품질팀 | I70: 김명용 | J70: 기존 절차 연계 | K70: SH-QP-006(교육훈련 및 역량관리 절차서) [본문 확인 ratio=0.76] | L70: 2026-12
A71: 67 | B71: 6-9 | C71: 낮음 | D71: 표준류내 자주/순회검사 실시구간 조도관리 포인트 누락여부 | E71: 조도측정 LAY-OUT | F71: SH-FM-WI002-06 | H71: 생산팀 | I71: 지성규 | J71: 기존 절차 연계 | K71: SH-WI-002(공정검사 및 특수특성 관리 표준) [참고: 본문상 명확한 근거 약함(ratio=0.00), 담당부서 확인 권장] | L71: 2026-12 | N71: ※재판정(본문대조): 본문상 명확한 근거 약함 — 담당부서 확인 권장(기존 분류 유지)
A72: 68 | B72: 6-10 | C72: 낮음 | D72: (점검 체크시트 작성, 점검 주기, 업무 분담, 지적사항 개선 시정조치 완료여부] | E72: 3정5행 점검 구역별 책임자 선정 | F72: SH-FM-QP016-03 | H72: 생산팀 | I72: 지성규 | J72: 기존 절차 연계 | K72: SH-QP-016(시정조치 및 문제해결 절차서) [참고: 본문상 명확한 근거 약함(ratio=0.09), 담당부서 확인 권장] | L72: 2026-12 | N72: ※재판정(본문대조): 본문상 명확한 근거 약함 — 담당부서 확인 권장(기존 분류 유지)
A73: 69 | B73: 6-11 | C73: 낮음 | D73: 내용 : 고객사 입고불량, HKMC 주요 필드 클레임, 고객/HKMC 입고불량 문제점 및 발생(유출)원인 | E73: 공정별 주요문제점 각공정별 비치 | F73: SH-FM-QP017-01 | H73: 품질팀 | I73: 김명용 | J73: 기존 절차 연계 | K73: SH-QP-017(고객불만 및 보증관리 절차서) [참고: 본문상 명확한 근거 약함(ratio=0.15), 담당부서 확인 권장] | L73: 2026-12 | N73: ※재판정(본문대조): 본문상 명확한 근거 약함 — 담당부서 확인 권장(기존 분류 유지)
A74: 70 | B74: 6-12 | C74: 낮음 | D74: 리워크 가능부품 선정기준 수립 및 관리상태 | E74: 재작업엄무처리 기준서 | F74: SH-FM-WI018-02 | H74: 생산팀 | I74: 지성규 | J74: 기존 절차 연계 | K74: SH-WI-018(재작업 및 수리 표준) [참고: 본문상 명확한 근거 약함(ratio=0.15), 담당부서 확인 권장] | L74: 2026-12 | N74: ※재판정(본문대조): 본문상 명확한 근거 약함 — 담당부서 확인 권장(기존 분류 유지)
A75: 71 | B75: 6-12 | C75: 낮음 | D75: 리워크품 LOT 추적성 및 선입선출 관리상태 | E75: 재작업품 작업공간 장소지정(공구확보) | F75: SH-FM-QP018-08 | G75: 부적합품보관장소 | H75: 생산팀 | I75: 지성규 | J75: 기존 절차 연계 | K75: SH-QP-018(식별 및 추적성 관리 절차서); SH-WI-005(제품 식별·LOT 추적 및 출하 표준) [참고: 본문상 명확한 근거 약함(ratio=0.17), 담당부서 확인 권장] | L75: 2026-12 | N75: ※재판정(본문대조): 본문상 명확한 근거 약함 — 담당부서 확인 권장(기존 분류 유지)
A76: 72 | B76: 6-12 | C76: 낮음 | D76: 불량부품 REWORK시 품질검사항목 설정 및 REWORK 전후 검사 이력 유지 관리상태 | E76: 재작업품 MASTER LIST | F76: SH-FM-WI018-03 | H76: 생산팀 | I76: 지성규 | J76: 기존 절차 연계 | K76: SH-WI-018(재작업 및 수리 작업표준) [본문 확인 ratio=0.40] | L76: 2026-12
A77: 73 | B77: 6-12 | C77: 낮음 | D77: REWORK 전/후 부품의 식별 관리기준 및 준수상태 | E77: 재작업품 검사기준및 검사실적 | F77: SH-FM-QP018-09 | H77: 생산팀 | I77: 지성규 | J77: 기존 절차 연계 | K77: SH-QP-018(식별 및 추적성 관리 절차서); SH-WI-018(재작업 및 수리 표준) [참고: 본문상 명확한 근거 약함(ratio=0.08), 담당부서 확인 권장] | L77: 2026-12 | N77: ※재판정(본문대조): 본문상 명확한 근거 약함 — 담당부서 확인 권장(기존 분류 유지)
A78: 74 | B78: 6-12 | C78: 낮음 | D78: REWORK 제품의 출하 절차 준수 상태 | E78: 재작업품 부품식별표 | F78: SH-FM-WI018-04 | H78: 생산팀 | I78: 지성규 | J78: 기존 절차 연계 | K78: SH-WI-018(재작업 및 수리 작업표준) [본문 확인 ratio=0.48] | L78: 2026-12
A79: 75 | B79: 6-12 | C79: 낮음 | D79: REWORK 작업을 위한 별도 공간 운영시 작업을 위한 TOOL 및 자재의 비치 상태 | E79: 재작업품 출하 고객승인본 | F79: SH-FM-WI018-05 | H79: 품질팀 | I79: 이광재 | J79: 기존 절차 연계 | K79: SH-WI-018(재작업 및 수리 작업표준) [본문 확인 ratio=0.75] | L79: 2026-12
A80: 76 | B80: 6-12 | C80: 낮음 | D80: 이론 및 실습교육 이력 보관관리 및 용접교육 교안비치 (권장사항) | E80: 용접교육장설치 | F80: SH-FM-QP006-02 | H80: 생산팀 | I80: 안종명 | J80: 기존 절차 연계 | K80: SH-QP-006(교육훈련 및 역량관리 절차서); SH-QP-019(보관·포장 및 출하관리 절차서) [참고: 본문상 명확한 근거 약함(ratio=0.00), 담당부서 확인 권장] | L80: 2026-12 | N80: ※재판정(본문대조): 본문상 명확한 근거 약함 — 담당부서 확인 권장(기존 분류 유지)

Sheet D_생산팀
A1: SQ mark 심사 - 생산팀 배포용 필요서류 체크리스트
A2: 작성일: 2026-09-17(Rev.2) | 생산팀 담당 필요서류: 91건 | 목표완료월 순으로 정렬
A3: DISCLAIMER: "작성구분"/"관련 기존 문서"는 QMS_REV00 품질경영시스템 통합문서(SH-QP-001~025, SH-WI-001~030) 실제 본문과 대조한 재판정 결과입니다(2026-09-17, Rev.2). 녹색=본문상 근거 확인된 기존 연계, 노란색="기존 절차 연계 (제안 — 검토 필요)"로 표시된 항목(본문 근거가 약하거나 새로 발견된 연계 후보 — 관련 기존 문서 칸의 [재검토]/[신규 발견]/[참고] 문구 확인), 빨간색=신규 작성 필요. "FM문서번호(안)"/"목표완료월"은 규칙 기반 1차 추정치입니다. 실제 활용 가능 여부, 양식 신규 제정 여부, 일정은 반드시 담당부서·품질책임자 검토 후 확정하세요.
A4: NO | B4: 구분 | C4: 번호 | D4: 우선순위 | E4: 요구사항(세부 추진 항목) | F4: 필요서류(준비서류) | G4: FM문서번호(안) | H4: 작성구분(자동추정) | I4: 목표완료월(제안) | J4: 준비상태 | K4: 비고
A5: 1 | B5: 1. 생산조건관리 | C5: 1-5 | D5: 높음 | F5: 작업일보 | G5: SH-FM-PRD-N06 | H5: 신규 작성 필요 | I5: 2026-09
A6: 2 | B6: 2. 검사시험 | C6: 2-9 | D6: 높음 | F6: 용접로보트별 용접POINT 관리표준 | G6: SH-FM-INS-N19 | H6: 신규 작성 필요 | I6: 2026-09
A7: 3 | B7: 2. 검사시험 | C7: 2-9 | D7: 높음 | F7: 용접반파괴/파괴검사기준 | G7: SH-FM-INS-N21 | H7: 신규 작성 필요 | I7: 2026-09
A8: 4 | B8: 2. 검사시험 | C8: 2-9 | D8: 높음 | F8: 용접검사체크시트 | G8: SH-FM-INS-N22 | H8: 신규 작성 필요 | I8: 2026-09
A9: 5 | B9: 2. 검사시험 | C9: 2-9 | D9: 높음 | F9: 용접반파괴 검사대제작 | G9: SH-FM-INS-N23 | H9: 신규 작성 필요 | I9: 2026-09
A10: 6 | B10: 2. 검사시험 | C10: 2-9 | D10: 높음 | F10: (용접반파괴테스트 보관대제작-한도견본&현품) | G10: SH-FM-WI001-03 | H10: 기존 절차 연계 | I10: 2026-09 | K10: [2026-09-22 확정] SH-WI-001(생산 작업준비 및 초품확인 표준) 연계 확정(품질경영담당 일괄판단, 부서 정식회신 생략) — FM번호 재부여: SH-FM-INS-N24 → SH-FM-WI001-03
A11: 7 | B11: 3. 설비관리 | C11: 3-1 | D11: 보통 | E11: 설비 셋팅값 임의조작 방지를 위한 시건장치/KEY-LOCK 반영상태 | F11: 설비 오셋팅방지 KEY-LOCK | G11: SH-FM-EQP-N01 | H11: 신규 작성 필요 | I11: 2026-09
A12: 8 | B12: 3. 설비관리 | C12: 3-3 | D12: 보통 | E12: '- 유압설비: 유압. 유량. 소음. 누유 등 이상유무 확인 | F12: 스폿로봇 원점확인장치 | G12: SH-FM-EQP-N11 | H12: 신규 작성 필요 | I12: 2026-09
A13: 9 | B13: 3. 설비관리 | C13: 3-3 | D13: 보통 | E13: 유틸리티: 에어압력. 냉각수(온도: 10∼30℃). 압력: 가스 유량 | F13: 용접전극드레싱/교환 F/P장비설치 | G13: SH-FM-EQP-N12 | H13: 신규 작성 필요 | I13: 2026-09
A14: 10 | B14: 3. 설비관리 | C14: 3-5 | D14: 보통 | E14: 기준준수 및 이행상태 | F14: 스폿로봇 원점확인장치 | G14: SH-FM-EQP-N17 | H14: 신규 작성 필요 | I14: 2026-09
A15: 11 | B15: 5. 자재관리 | C15: 5-1 | D15: 보통 | E15: 수입검사 완료품 식별 프로세스 수립 (합격도장 등) - 보안/안전 부품 별도 식별 표시 : LOT타각, 식별마크 등 | F15: 작업일보 | G15: SH-FM-MAT-N01 | H15: 신규 작성 필요 | I15: 2026-09
A16: 12 | B16: 5. 자재관리 | C16: 5-1 | D16: 보통 | E16: 선입선출 준수여부 - 중요부품 샘플링 점검, 인라인투입제품, 투입대기제품, 자재창고 적재 제품 생산일 점검 | F16: 작업일보 | G16: SH-FM-MAT-N02 | H16: 신규 작성 필요 | I16: 2026-09
A17: 13 | B17: 5. 자재관리 | C17: 5-1 | D17: 보통 | E17: 부품 LOT 표기 여부 (표준류 지정시) - 각인, 스티커, 타각 등 | F17: 부품식별표 | G17: SH-FM-MAT-N03 | H17: 신규 작성 필요 | I17: 2026-09
A18: 14 | B18: 6. 품질경영체제 | C18: 6-1 | D18: 보통 | E18: 작업자 안전관리 프로세스 수립 및 준수실태(현장확인) | F18: 안전관리업무기준서 | G18: SH-FM-QP004-01 | H18: 기존 절차 연계 | I18: 2026-09 | K18: [2026-09-22 확정] SH-QP-004(리스크 및 기회관리 절차서) 연계 확정(품질경영담당 일괄판단, 부서 정식회신 생략) — FM번호 재부여: SH-FM-QMS-N01 → SH-FM-QP004-01
A19: 15 | B19: 6. 품질경영체제 | C19: 6-1 | D19: 보통 | E19: : 생산라인 투입전 핸드폰 보관을 위한 별도 보관대 설치 및 활용상태 점검 (생산중 핸드폰 사용에 따른 사고 방지) | F19: 안전보호구 지급기준 | G19: SH-FM-QMS-N02 | H19: 신규 작성 필요 | I19: 2026-09
A20: 16 | B20: 6. 품질경영체제 | C20: 6-1 | D20: 보통 | E20: : 안전 보호장구(보안경/헬멧/장갑 등) 착용 기준수립 및 이행상태 점검(일상) | F20: 안전보호구 지급관리대장 | G20: SH-FM-QMS-N03 | H20: 신규 작성 필요 | I20: 2026-09
A21: 17 | B21: 6. 품질경영체제 | C21: 6-1 | D21: 보통 | E21: 업종별 안전사고 발생 예방을 위한 설비/레이아웃 반영 | F21: 안전교육교안 | G21: SH-FM-QMS-N04 | H21: 신규 작성 필요 | I21: 2026-09
A22: 18 | B22: 6. 품질경영체제 | C22: 6-1 | D22: 보통 | E22: ⇒ 예) 프레스 : 작업자 감지센서(안전BAR), 양수 조작버튼, 플라이휠 커버 등 | F22: 안전교육실시보고서 | G22: SH-FM-QMS-N05 | H22: 신규 작성 필요 | I22: 2026-09
A23: 19 | B23: 1. 생산조건관리 | C23: 1-4 | D23: 보통 | E23: 품질관리 취약 시간대 관리기준 수립 및 관리상태 | F23: 품질취약시간관리기준서 | G23: SH-FM-PRD-N04 | H23: 신규 작성 필요 | I23: 2026-10
A24: 20 | B24: 2. 검사시험 | C24: 2-3 | D24: 보통 | E24: 검사기 신뢰도 확인을 위한 양/불 마스터 설정기준 및 관리상태 | F24: 한도견본 샘플보관대 및 샘플 | G24: SH-FM-INS-N08 | H24: 신규 작성 필요 | I24: 2026-10
A25: 21 | B25: 3. 설비관리 | C25: 3-6 | D25: 보통 | E25: JIG 기준 핀 외경치수 측정 (관리범위 이탈방지) - 주기 : 1회/분기 이상 ※ 자체 측정주기 설정시 설정근거 마련 안전율 80% - 지그 기준면 마모/유격 및 토치 로보트 원점 검사 관리기준 수립 및 준수 상태 - 클렘프 고정상태. 센서 류 고정 작동상태.배선정리 피복점검 | F25: JIG정기점검 관리기준서 | G25: SH-FM-EQP-N19 | H25: 신규 작성 필요 | I25: 2026-10
A26: 22 | B26: 3. 설비관리 | C26: 3-6 | D26: 보통 | F26: JIG정기점검계획대실적표 | G26: SH-FM-EQP-N20 | H26: 신규 작성 필요 | I26: 2026-10
A27: 23 | B27: 3. 설비관리 | C27: 3-6 | D27: 보통 | F27: JIG 기준핀정기점검 실적 | G27: SH-FM-EQP-N21 | H27: 신규 작성 필요 | I27: 2026-10
A28: 24 | B28: 3. 설비관리 | C28: 3-6 | D28: 보통 | F28: JIG PIN 위치도 및 상세사진 위치도 | G28: SH-FM-EQP-N22 | H28: 신규 작성 필요 | I28: 2026-10
A29: 25 | B29: 5. 자재관리 | C29: 5-2 | D29: 보통 | F29: LAY-OUT 및재고현황 | G29: SH-FM-MAT-N08 | H29: 신규 작성 필요 | I29: 2026-10
A30: 26 | B30: 5. 자재관리 | C30: 5-2 | D30: 보통 | F30: 구역설정및 식별 | G30: SH-FM-MAT-N09 | H30: 신규 작성 필요 | I30: 2026-10
A31: 27 | B31: 5. 자재관리 | C31: 5-2 | D31: 보통 | F31: 부품식별표 | G31: SH-FM-MAT-N10 | H31: 신규 작성 필요 | I31: 2026-10
A32: 28 | B32: 5. 자재관리 | C32: 5-3 | D32: 보통 | F32: 부품식별표 | G32: SH-FM-MAT-N14 | H32: 신규 작성 필요 | I32: 2026-10
A33: 29 | B33: 5. 자재관리 | C33: 5-4 | D33: 보통 | E33: 품목별/공정별 장입(적재) 기준 수립 및 준수상태/ 과다적재 예방을 위한 장입 한계 기준설정 등 | F33: 공정제품 용기설정 기준서 | G33: SH-FM-MAT-N15 | H33: 신규 작성 필요 | I33: 2026-10
A34: 30 | B34: 5. 자재관리 | C34: 5-4 | D34: 보통 | E34: 외관확인이 어려운 공정처리 전/후 재공품 보관용기 식별절차 수립 및 준수상태 | F34: 과다적재방지 장입한계기준 설정 | G34: SH-FM-MAT-N16 | H34: 신규 작성 필요 | I34: 2026-10
A35: 31 | B35: 6. 품질경영체제 | C35: 6-1 | D35: 보통 | E35: 작업 현장내 안전표지/수칙 게시 및 작업자 교육 | F35: 작업장 안전수칙 라인별 제작활용 | G35: SH-FM-QMS-N06 | H35: 신규 작성 필요 | I35: 2026-10
A36: 32 | B36: 6. 품질경영체제 | C36: 6-1 | D36: 보통 | E36: 작업 현장내 위험요소(위험물)에 대한 사고예방 장비/시설물 설치 및 식별 표준류 반영 | F36: 유해물질보관장 선정 | G36: SH-FM-QMS-N07 | H36: 신규 작성 필요 | I36: 2026-10
A37: 33 | B37: 6. 품질경영체제 | C37: 6-1 | D37: 보통 | E37: 1) 표준류 게시된 현위치 기준 소화 방재시설 위치 및 비상대피 동선 표기된 표준류 작성/게시 | F37: 유해물질보관장 MSDS비치활용 | G37: SH-FM-QMS-N08 | H37: 신규 작성 필요 | I37: 2026-10
A38: 34 | B38: 6. 품질경영체제 | C38: 6-1 | D38: 보통 | E38: 2) 설비 간섭 등 고려 소화 방재시설 식별표, 비상대비 표시등 2층높이 반영 | F38: 설비일상/정기점검기준서(안전장치점검반영) | G38: SH-FM-WI016-04 | H38: 기존 절차 연계 | I38: 2026-10 | K38: [2026-09-22 확정] SH-WI-016(예방보전 및 설비점검 작업표준) 연계 확정(품질경영담당 일괄판단, 부서 정식회신 생략) — FM번호 재부여: SH-FM-QMS-N09 → SH-FM-WI016-04
A39: 35 | B39: 6. 품질경영체제 | C39: 6-1 | D39: 보통 | E39: 운영중인 설비에 대한 정기 안전관리 프로세스 수립 및 이행상태 | F39: 설비안전관리책임자선정및 정,부 식별현황 | G39: SH-FM-QMS-N10 | H39: 신규 작성 필요 | I39: 2026-10
A40: 36 | B40: 6. 품질경영체제 | C40: 6-1 | D40: 보통 | F40: 소화기점검식별표 | G40: SH-FM-QMS-N11 | H40: 신규 작성 필요 | I40: 2026-10
A41: 37 | B41: 6. 품질경영체제 | C41: 6-5 | D41: 보통 | E41: [부적합 판별 실기평가, 품질특성 교육, 동일업무 경력, 생산품 품질산포 발생 가능성 검증 등] | F41: 자격인증체크시트 (현장작업자) | G41: SH-FM-QP006-04 | H41: 기존 절차 연계 | I41: 2026-10 | K41: [2026-09-22 확정] SH-QP-006(교육훈련 및 역량관리 절차서) 연계 확정(품질경영담당 일괄판단, 부서 정식회신 생략) — FM번호 재부여: SH-FM-QMS-N23 → SH-FM-QP006-04
A42: 38 | B42: 6. 품질경영체제 | C42: 6-5 | D42: 보통 | E42: 자격인증 검증평가 결과에 대한 신뢰도 확보 필요(수기 작성 원본데이터, 검증용 시료 확보 등) | F42: 계수형R&R 평가샘플 보관대 | G42: SH-FM-QMS-N26 | H42: 신규 작성 필요 | I42: 2026-10
A43: 39 | B43: 6. 품질경영체제 | C43: 6-5 | D43: 보통 | E43: 생산작업자 자격인증 : 동일작업 반복 생산후 부품간 산포발생 가능성 검증 | F43: 작업자변경시 교육실시보고서 | G43: SH-FM-QMS-N29 | H43: 신규 작성 필요 | I43: 2026-10
A44: 40 | B44: 1. 생산조건관리 | C44: 1-3 | D44: 낮음 | E44: ※ 해당공정 외국인작업자 주요 표준류 교육 및 내용 숙지 시 현지어 번역게시 불필요(현장확인 필요) | F44: 작업일보 현지어 번역본 | G44: SH-FM-PRD-N01 | H44: 신규 작성 필요 | I44: 2026-10
A45: 41 | B45: 6. 품질경영체제 | C45: 6-9 | D45: 낮음 | E45: 정기적인 작업장/ 검사장 조도 관리를 위한 운영 프로세스 수립[측정장소/시간, 조도 관리기준, 측정장소 지정] | F45: 조도관리기준서 | G45: SH-FM-QMS-N41 | H45: 신규 작성 필요 | I45: 2026-10
A46: 42 | B46: 6. 품질경영체제 | C46: 6-9 | D46: 낮음 | F46: 조도측정부 현장내 식별 | G46: SH-FM-QMS-N42 | H46: 신규 작성 필요 | I46: 2026-10
A47: 43 | B47: 1. 생산조건관리 | C47: 1-5 | D47: 높음 | E47: ▣ CO2 용접 ▷ 주요조건 (전류.전압.속도.가스유량) 기준수립 및 현장 관리 상태 비교검증 실시. - 전류.전압.가스 표준조건 대비 게이지 현재값 일상 체크 및 기록관리 - 전류.전압 게이지 현재값 실측 검증 (측정주기 자체설정. 단 주기설정 근거보관 필요) - 로봇 용접 프로그램 백업 관리 (궤적.티칭각도 등) ▣ 스폿 용접 ▷ 주요조건(가압력.전류.통전시간) 기준수립 및 표준 대비, 현장 관리 상태 비교검증 실시. - 가압력,전류.통전시간등 표준조건 대비 게이지 현재값 일상 체크 및 기록관리 - 가압력 점검 (가압력계) - (측정주기 자체설정. 단 주기설정 근거보관 필요) - 전류. 통전시간 점검 (웰드체카) - (측정주기 자체설정. 단 주기설정 근거보관 필요) | F47: 작업표준서 OR 작업조건표 | G47: SH-FM-QP003-02 | H47: 기존 절차 연계 | I47: 2026-11 | K47: ※재판정(본문대조): 본문상 명확한 근거 약함 — 담당부서 확인 권장(기존 분류 유지)
A48: 44 | B48: 2. 검사시험 | C48: 2-7 | D48: 높음 | E48: MS181 ▷ 15 (점용접) 참조 | F48: 자주검사대 설치(초중종현품보관) | G48: SH-FM-WI002-05 | H48: 기존 절차 연계 | I48: 2026-11 | K48: ※재판정(본문대조): 본문상 명확한 근거 약함 — 담당부서 확인 권장(기존 분류 유지)
A49: 45 | B49: 3. 설비관리 | C49: 3-1 | D49: 보통 | E49: 설비별 설비일상 점검부위 및 점검방법 도식화 관리상태 | F49: 설비일상점검기준서 | G49: SH-FM-WI004-04 | H49: 기존 절차 연계 | I49: 2026-11
A50: 46 | B50: 3. 설비관리 | C50: 3-1 | D50: 보통 | E50: 설비내 부착 게이지류 상/하한 식별 및 측정 실측값 일상점검표 기록관리 | F50: 설비일상점검표(각부위별사진도식화) | G50: SH-FM-WI004-07 | H50: 기존 절차 연계 | I50: 2026-11 | K50: [2026-09-22 확정] SH-WI-004(설비 일상점검 및 이상대응 표준) 연계 확정(품질경영담당 일괄판단, 부서 정식회신 생략) — FM번호 재부여: SH-FM-QP003-03 → SH-FM-WI004-07
A51: 47 | B51: 4. 금형관리 | C51: 4-1 | D51: 보통 | E51: 금형 청결 및 점검기준 (금형 상/하부 이물질, 손상, 볼트풀림, 도금상태, 마모, 핀 유격) 수립 및 시행 여부 ※ 자체 프레스 공정이 없는경우 미해당으로 표기 - 금형/용접지그 유효성 기간설정 및 정기점검 체크시트 활용 예방점검 : 프레스 밴딩금형 가이드핀/가이드 유동방지장치 적용 및 이상유무 점검 | F51: 금형관리 프로세스 | G51: SH-FM-WI008-02 | H51: 기존 절차 연계 | I51: 2026-11 | K51: ※재판정(본문대조): 본문상 명확한 근거 약함 — 담당부서 확인 권장(기존 분류 유지)
A52: 48 | B52: 4. 금형관리 | C52: 4-1 | D52: 보통 | F52: 금형관리대장 | G52: SH-FM-QP021-02 | H52: 기존 절차 연계 | I52: 2026-11 | K52: [2026-09-22 확정] SH-QP-021(품질목표 및 KPI 관리 절차서) 연계 확정(품질경영담당 일괄판단, 부서 정식회신 생략) — FM번호 재부여: SH-FM-WI008-03 → SH-FM-QP021-02
A53: 49 | B53: 4. 금형관리 | C53: 4-1 | D53: 보통 | F53: 금형이력카드 | G53: SH-FM-WI008-04 | H53: 기존 절차 연계 | I53: 2026-11 | K53: ※재판정(본문대조): 본문상 명확한 근거 약함 — 담당부서 확인 권장(기존 분류 유지)
A54: 50 | B54: 4. 금형관리 | C54: 4-1 | D54: 보통 | F54: MMS SYSTEM금형수리내역 | G54: SH-FM-WI008-05 | H54: 기존 절차 연계 | I54: 2026-11 | K54: ※재판정(본문대조): 본문상 명확한 근거 약함 — 담당부서 확인 권장(기존 분류 유지)
A55: 51 | B55: 4. 금형관리 | C55: 4-1 | D55: 보통 | F55: 금형일상점검관리기준서 | G55: SH-FM-WI001-04 | H55: 기존 절차 연계 | I55: 2026-11 | K55: [2026-09-22 확정] SH-WI-001(생산 작업준비 및 초품확인 표준) 연계 확정(품질경영담당 일괄판단, 부서 정식회신 생략) — FM번호 재부여: SH-FM-WI008-06 → SH-FM-WI001-04
A56: 52 | B56: 4. 금형관리 | C56: 4-1 | D56: 보통 | F56: 금형일상점검체크시트 | G56: SH-FM-WI008-07 | H56: 기존 절차 연계 | I56: 2026-11 | K56: ※재판정(본문대조): 본문상 명확한 근거 약함 — 담당부서 확인 권장(기존 분류 유지)
A57: 53 | B57: 4. 금형관리 | C57: 4-2 | D57: 보통 | E57: 금형별 등급별 점검/세척 기준 설정 및 준수상태 [점검 타발수 도달 전 예방점검 활동 가능토록 업무절차 수립 필요] | F57: 금형등급관리준서 | G57: SH-FM-WI008-08 | H57: 기존 절차 연계 | I57: 2026-11 | K57: ※재판정(본문대조): 본문상 명확한 근거 약함 — 담당부서 확인 권장(기존 분류 유지)
A58: 54 | B58: 4. 금형관리 | C58: 4-2 | D58: 보통 | E58: 금형별 타발수 기록/관리 상태(정기적인 실적점검 실적) | F58: 금형별 등급실적 | G58: SH-FM-QP003-04 | H58: 기존 절차 연계 | I58: 2026-11 | K58: ※재판정(본문대조): 본문상 명확한 근거 약함 — 담당부서 확인 권장(기존 분류 유지)
A59: 55 | B59: 4. 금형관리 | C59: 4-2 | D59: 보통 | E59: → 전산시스템 대체 방안(엑셀, 금형관리 마스터 LIST 등) 활용한 타발수 실적관리 데이터 유효성 확보여부 점검 | F59: 금형정기점검실적 | G59: SH-FM-WI008-09 | H59: 기존 절차 연계 | I59: 2026-11 | K59: ※재판정(본문대조): 본문상 명확한 근거 약함 — 담당부서 확인 권장(기존 분류 유지)
A60: 56 | B60: 4. 금형관리 | C60: 4-2 | D60: 보통 | E60: (설비내 카운터 또는 생산일보 실적 기준으로 타발수 관리 필요, ※ 출하수량 기준으로 타발수 관리시 감점 실시) | F60: 금형타발수관리대장 | G60: SH-FM-WI008-10 | H60: 기존 절차 연계 | I60: 2026-11 | K60: ※재판정(본문대조): 본문상 명확한 근거 약함 — 담당부서 확인 권장(기존 분류 유지)
A61: 57 | B61: 4. 금형관리 | C61: 4-2 | D61: 보통 | E61: ※ 출하수량 기준으로 타발수 관리시 감점 실시) | F61: 금형전산화시스템적용시 금형반컴퓨터설치 | G61: SH-FM-WI008-11 | H61: 기존 절차 연계 | I61: 2026-11 | K61: ※재판정(본문대조): 본문상 명확한 근거 약함 — 담당부서 확인 권장(기존 분류 유지)
A62: 58 | B62: 5. 자재관리 | C62: 5-1 | D62: 보통 | E62: 선입/선출 관리기준 유무 (공정~출하) - 관리 대장, 레이아웃 | F62: 부품식별표 | G62: SH-FM-QP019-01 | H62: 기존 절차 연계 | I62: 2026-11 | K62: ※재판정(본문대조): 본문상 명확한 근거 약함 — 담당부서 확인 권장(기존 분류 유지)
A63: 59 | B63: 5. 자재관리 | C63: 5-1 | D63: 보통 | E63: [CASE3] LOT전산관리 - 부품단위 | F63: 일별생산실적현황 OR LOT 관리대장 | G63: SH-FM-QP018-04 | H63: 기존 절차 연계 | I63: 2026-11 | K63: ※재판정(본문대조): 본문상 명확한 근거 약함 — 담당부서 확인 권장(기존 분류 유지)
A64: 60 | B64: 5. 자재관리 | C64: 5-1 | D64: 보통 | F64: LOT관리기준서 | G64: SH-FM-WI001-05 | H64: 기존 절차 연계 | I64: 2026-11 | K64: [2026-09-22 확정] SH-WI-001(생산 작업준비 및 초품확인 표준) 연계 확정(품질경영담당 일괄판단, 부서 정식회신 생략) — FM번호 재부여: SH-FM-QP018-05 → SH-FM-WI001-05
A65: 61 | B65: 6. 품질경영체제 | C65: 6-9 | D65: 낮음 | F65: 조도측정 실적 | G65: SH-FM-QMS-N43 | H65: 신규 작성 필요 | I65: 2026-11
A66: 62 | B66: 6. 품질경영체제 | C66: 6-10 | D66: 낮음 | E66: 정기적인 3정5행 현장개선 프로세스 수립 | F66: 3정5행관리 기준서 | G66: SH-FM-QP001-01 | H66: 기존 절차 연계 | I66: 2026-11 | K66: [2026-09-22 확정] SH-QP-001(경영검토 절차서) 연계 확정(품질경영담당 일괄판단, 부서 정식회신 생략) — FM번호 재부여: SH-FM-QMS-N44 → SH-FM-QP001-01
A67: 63 | B67: 6. 품질경영체제 | C67: 6-10 | D67: 낮음 | E67: 현장점검시 3정 5행 관리실태 | F67: 3정5행점검 체크시트 | G67: SH-FM-QMS-N45 | H67: 신규 작성 필요 | I67: 2026-11
A68: 64 | B68: 6. 품질경영체제 | C68: 6-10 | D68: 낮음 | F68: 3정5행 점검 결과 개선대책 | G68: SH-FM-WI001-06 | H68: 기존 절차 연계 | I68: 2026-11 | K68: [2026-09-22 확정] SH-WI-001(생산 작업준비 및 초품확인 표준) 연계 확정(품질경영담당 일괄판단, 부서 정식회신 생략) — FM번호 재부여: SH-FM-QMS-N46 → SH-FM-WI001-06
A69: 65 | B69: 6. 품질경영체제 | C69: 6-10 | D69: 낮음 | F69: 3정5행개선사례 현황판 | G69: SH-FM-QMS-N47 | H69: 신규 작성 필요 | I69: 2026-11
A70: 66 | B70: 6. 품질경영체제 | C70: 6-12 | D70: 낮음 | F70: 자격인증내 실기평가보고서첨부 | G70: SH-FM-QP006-06 | H70: 기존 절차 연계 | I70: 2026-11 | K70: [2026-09-22 확정] SH-QP-006(교육훈련 및 역량관리 절차서) 연계 확정(품질경영담당 일괄판단, 부서 정식회신 생략) — FM번호 재부여: SH-FM-QMS-N50 → SH-FM-QP006-06
A71: 67 | B71: 1. 생산조건관리 | C71: 1-1 | D71: 보통 | E71: 공정 FMEA작성 및 주요 품질 문서 내용과 연계상태 확인 | F71: 작업표준서 | G71: SH-FM-QP010-03 | H71: 기존 절차 연계 | I71: 2026-12 | K71: ※재판정(본문대조): 본문상 명확한 근거 약함 — 담당부서 확인 권장(기존 분류 유지)
A72: 68 | B72: 1. 생산조건관리 | C72: 1-1 | D72: 보통 | E72: 주요 표준류(작업표준서 등) 현장내 게시 상태 | F72: 설비일상점검표 | G72: SH-FM-WI004-01 | H72: 기존 절차 연계 | I72: 2026-12
A73: 69 | B73: 1. 생산조건관리 | C73: 1-2 | D73: 보통 | E73: 설비 가동중단 발생시 설비점검 절차 수립 및 준수상태 | F73: 설비재가동업무 프로세스 | G73: SH-FM-QP025-01 | H73: 기존 절차 연계 | I73: 2026-12 | K73: [2026-09-22 확정] SH-QP-025(고객별 요구사항(CSR) 관리 절차서) 연계 확정(품질경영담당 일괄판단, 부서 정식회신 생략) — FM번호 재부여: SH-FM-WI016-01 → SH-FM-QP025-01
A74: 70 | B74: 1. 생산조건관리 | C74: 1-2 | D74: 보통 | E74: 비계획 : 이상발생 가동중단 발생시 설비 점검 지침, 생산중인 제품에 대한 품질보증 업무절차 수립 및 이행 | F74: 설비가동중단 LIST (설비이력카드 연계) | G74: SH-FM-WI016-02 | H74: 기존 절차 연계 | I74: 2026-12 | K74: ※재판정(본문대조): 본문상 명확한 근거 약함 — 담당부서 확인 권장(기존 분류 유지)
A75: 71 | B75: 1. 생산조건관리 | C75: 1-2 | D75: 보통 | E75: 비계획 가동중단 발생시 전/후 생산제품에 대한 LOT 구분 관리방안 수립 및 식별관리 실시 | F75: 재가동 초도생산품 LOT식별관리 기준서 | G75: SH-FM-QP018-01 | H75: 기존 절차 연계 | I75: 2026-12 | K75: ※재판정(본문대조): 본문상 명확한 근거 약함 — 담당부서 확인 권장(기존 분류 유지)
A76: 72 | B76: 1. 생산조건관리 | C76: 1-4 | D76: 보통 | E76: 주간/야간 작업전 일상점검, 자주검사 및 순회검사 관리기준 수립 및 관리상태 | F76: 비상연락망 | G76: SH-FM-QP020-01 | H76: 기존 절차 연계 | I76: 2026-12
A77: 73 | B77: 1. 생산조건관리 | C77: 1-4 | D77: 보통 | E77: 주간/야간 교대 시 공정 Issue 사항 전달 여부 | F77: 주야간업무 인수인계서 | G77: SH-FM-WI015-01 | H77: 기존 절차 연계 | I77: 2026-12
A78: 74 | B78: 1. 생산조건관리 | C78: 1-4 | D78: 보통 | E78: ※ 초/종품 검사는 필수, 중품은 선택사항으로 자율적 기준 수립필요, 중품검사 미진행도 가능, | F78: 야간설비일상점검표 | G78: SH-FM-WI004-06 | H78: 기존 절차 연계 | I78: 2026-12 | K78: [2026-09-22 확정] SH-WI-004(설비 일상점검 및 이상대응 표준) 연계 확정(품질경영담당 일괄판단, 부서 정식회신 생략) — FM번호 재부여: SH-FM-WI001-01 → SH-FM-WI004-06
A79: 75 | B79: 6. 품질경영체제 | C79: 6-1 | D79: 보통 | E79: 설비 점검시(계획/비계획) 업무 처리절차 수립 : 2인 1개조 운영, 비정상 가동 예방절차 등 | F79: 소화기 배치 LAY-OUT | G79: SH-FM-WI016-03 | H79: 기존 절차 연계 | I79: 2026-12 | K79: ※재판정(본문대조): 본문상 명확한 근거 약함 — 담당부서 확인 권장(기존 분류 유지)
A80: 76 | B80: 1. 생산조건관리 | C80: 1-3 | D80: 낮음 | E80: 작업표준서, 설비일상점검 기준표, 작업일보 등 외국인 배치공정 표준류 현지어 번역 게시상태 | F80: 작업표준서 현지어번역본 | G80: SH-FM-WI004-02 | H80: 기존 절차 연계 | I80: 2026-12
A81: 77 | B81: 1. 생산조건관리 | C81: 1-3 | D81: 낮음 | E81: : 부적합 처리절차 및 중요 품질문제 개선 사례등 품질의식 강화목적 표준류 번역 게시 (추가 관리시 우수) | F81: 설비일상점검표 현지어 번역본 | G81: SH-FM-WI004-03 | H81: 기존 절차 연계 | I81: 2026-12
A82: 78 | B82: 4. 금형관리 | C82: 4-4 | D82: 낮음 | E82: 금형보관대 제작 및 금형위치 현황판 주소화 관리(공정투입/작업대기/외주수리 등 LOCATION별 관리여부) | F82: 금형보관 lay-out 설치 | G82: SH-FM-WI008-14 | H82: 기존 절차 연계 | I82: 2026-12 | K82: ※재판정(본문대조): 본문상 명확한 근거 약함 — 담당부서 확인 권장(기존 분류 유지)
A83: 79 | B83: 4. 금형관리 | C83: 4-4 | D83: 낮음 | E83: 금형 식별관리 절차 수립 및 준수(양산, A/S차종 등) | F83: 금형보관구역 식별표시 | G83: SH-FM-WI017-02 | H83: 기존 절차 연계 | I83: 2026-12 | K83: [2026-09-22 확정] SH-WI-017(청정도 및 이물관리 작업표준) 연계 확정(품질경영담당 일괄판단, 부서 정식회신 생략) — FM번호 재부여: SH-FM-QP018-03 → SH-FM-WI017-02
A84: 80 | B84: 4. 금형관리 | C84: 4-4 | D84: 낮음 | E84: 금형 보관시 이물유입 방지 대책 수립 및 세척/냉각수 탈수 상태 보관 등 관리실태 현장 점검 | F84: 금형보관시 잔존이물제거후 적재 | G84: SH-FM-WI017-03 | H84: 기존 절차 연계 | I84: 2026-12 | K84: [2026-09-22 확정] SH-WI-017(청정도 및 이물관리 작업표준) 연계 확정(품질경영담당 일괄판단, 부서 정식회신 생략) — FM번호 재부여: SH-FM-WI008-15 → SH-FM-WI017-03
A85: 81 | B85: 4. 금형관리 | C85: 4-5 | D85: 낮음 | E85: 신규제작 금형 이관시 T/OUT 성형 검증 실시(실시결과 증빙관리) ※ 자체 프레스 공정이 없는경우 미해당으로 표기 | F85: 금형이관 T/O보고서 | G85: SH-FM-WI008-16 | H85: 기존 절차 연계 | I85: 2026-12 | K85: ※재판정(본문대조): 본문상 명확한 근거 약함 — 담당부서 확인 권장(기존 분류 유지)
A86: 82 | B86: 4. 금형관리 | C86: 4-5 | D86: 낮음 | F86: 금형이관시 접수자료 | G86: SH-FM-WI008-17 | H86: 기존 절차 연계 | I86: 2026-12 | K86: ※재판정(본문대조): 본문상 명확한 근거 약함 — 담당부서 확인 권장(기존 분류 유지)
A87: 83 | B87: 4. 금형관리 | C87: 4-5 | D87: 낮음 | F87: 금형문제점개선자료 | G87: SH-FM-WI008-18 | H87: 기존 절차 연계 | I87: 2026-12 | K87: ※재판정(본문대조): 본문상 명확한 근거 약함 — 담당부서 확인 권장(기존 분류 유지)
A88: 84 | B88: 6. 품질경영체제 | C88: 6-9 | D88: 낮음 | E88: 표준류내 자주/순회검사 실시구간 조도관리 포인트 누락여부 | F88: 조도측정 LAY-OUT | G88: SH-FM-WI002-06 | H88: 기존 절차 연계 | I88: 2026-12 | K88: ※재판정(본문대조): 본문상 명확한 근거 약함 — 담당부서 확인 권장(기존 분류 유지)
A89: 85 | B89: 6. 품질경영체제 | C89: 6-10 | D89: 낮음 | E89: (점검 체크시트 작성, 점검 주기, 업무 분담, 지적사항 개선 시정조치 완료여부] | F89: 3정5행 점검 구역별 책임자 선정 | G89: SH-FM-QP016-03 | H89: 기존 절차 연계 | I89: 2026-12 | K89: ※재판정(본문대조): 본문상 명확한 근거 약함 — 담당부서 확인 권장(기존 분류 유지)
A90: 86 | B90: 6. 품질경영체제 | C90: 6-12 | D90: 낮음 | E90: 리워크 가능부품 선정기준 수립 및 관리상태 | F90: 재작업엄무처리 기준서 | G90: SH-FM-WI018-02 | H90: 기존 절차 연계 | I90: 2026-12 | K90: ※재판정(본문대조): 본문상 명확한 근거 약함 — 담당부서 확인 권장(기존 분류 유지)
A91: 87 | B91: 6. 품질경영체제 | C91: 6-12 | D91: 낮음 | E91: 리워크품 LOT 추적성 및 선입선출 관리상태 | F91: 재작업품 작업공간 장소지정(공구확보) | G91: SH-FM-QP018-08 | H91: 기존 절차 연계 | I91: 2026-12 | K91: ※재판정(본문대조): 본문상 명확한 근거 약함 — 담당부서 확인 권장(기존 분류 유지)
A92: 88 | B92: 6. 품질경영체제 | C92: 6-12 | D92: 낮음 | E92: 불량부품 REWORK시 품질검사항목 설정 및 REWORK 전후 검사 이력 유지 관리상태 | F92: 재작업품 MASTER LIST | G92: SH-FM-WI018-03 | H92: 기존 절차 연계 | I92: 2026-12
A93: 89 | B93: 6. 품질경영체제 | C93: 6-12 | D93: 낮음 | E93: REWORK 전/후 부품의 식별 관리기준 및 준수상태 | F93: 재작업품 검사기준및 검사실적 | G93: SH-FM-QP018-09 | H93: 기존 절차 연계 | I93: 2026-12 | K93: ※재판정(본문대조): 본문상 명확한 근거 약함 — 담당부서 확인 권장(기존 분류 유지)
A94: 90 | B94: 6. 품질경영체제 | C94: 6-12 | D94: 낮음 | E94: REWORK 제품의 출하 절차 준수 상태 | F94: 재작업품 부품식별표 | G94: SH-FM-WI018-04 | H94: 기존 절차 연계 | I94: 2026-12
A95: 91 | B95: 6. 품질경영체제 | C95: 6-12 | D95: 낮음 | E95: 이론 및 실습교육 이력 보관관리 및 용접교육 교안비치 (권장사항) | F95: 용접교육장설치 | G95: SH-FM-QP006-02 | H95: 기존 절차 연계 | I95: 2026-12 | K95: ※재판정(본문대조): 본문상 명확한 근거 약함 — 담당부서 확인 권장(기존 분류 유지)

Sheet D_품질팀
A1: SQ mark 심사 - 품질팀 배포용 필요서류 체크리스트
A2: 작성일: 2026-09-17(Rev.2) | 품질팀 담당 필요서류: 88건 | 목표완료월 순으로 정렬
A3: DISCLAIMER: "작성구분"/"관련 기존 문서"는 QMS_REV00 품질경영시스템 통합문서(SH-QP-001~025, SH-WI-001~030) 실제 본문과 대조한 재판정 결과입니다(2026-09-17, Rev.2). 녹색=본문상 근거 확인된 기존 연계, 노란색="기존 절차 연계 (제안 — 검토 필요)"로 표시된 항목(본문 근거가 약하거나 새로 발견된 연계 후보 — 관련 기존 문서 칸의 [재검토]/[신규 발견]/[참고] 문구 확인), 빨간색=신규 작성 필요. "FM문서번호(안)"/"목표완료월"은 규칙 기반 1차 추정치입니다. 실제 활용 가능 여부, 양식 신규 제정 여부, 일정은 반드시 담당부서·품질책임자 검토 후 확정하세요.
A4: NO | B4: 구분 | C4: 번호 | D4: 우선순위 | E4: 요구사항(세부 추진 항목) | F4: 필요서류(준비서류) | G4: FM문서번호(안) | H4: 작성구분(자동추정) | I4: 목표완료월(제안) | J4: 준비상태 | K4: 비고
A5: 1 | B5: 2. 검사시험 | C5: 2-7 | D5: 높음 | E5: 용접제품 표면관리기준 설정 (스패터, Chip, 버어, 이물질 ) 및 점검 이력 관리 | F5: 용접스패터관리 점검체크시트 | G5: SH-FM-INS-N12 | H5: 신규 작성 필요 | I5: 2026-09
A6: 2 | B6: 2. 검사시험 | C6: 2-8 | D6: 높음 | F6: 완성품검사체크시트 | G6: SH-FM-INS-N13 | H6: 신규 작성 필요 | I6: 2026-09
A7: 3 | B7: 2. 검사시험 | C7: 2-8 | D7: 높음 | F7: 완성품검사식별표 | G7: SH-FM-INS-N14 | H7: 신규 작성 필요 | I7: 2026-09
A8: 4 | B8: 2. 검사시험 | C8: 2-8 | D8: 높음 | F8: 완성품보관장소선정 | G8: SH-FM-WI006-10 | H8: 기존 절차 연계 | I8: 2026-09 | K8: [2026-09-22 확정] SH-WI-006(계측기 사용 및 일상점검 표준) 연계 확정(품질경영담당 일괄판단, 부서 정식회신 생략) — FM번호 재부여: SH-FM-INS-N15 → SH-FM-WI006-10
A9: 5 | B9: 2. 검사시험 | C9: 2-8 | D9: 높음 | F9: 완성검사관리대제작 | G9: SH-FM-QP012-01 | H9: 기존 절차 연계 | I9: 2026-09 | K9: [2026-09-22 확정] SH-QP-012(생산 및 공정관리 절차서) 연계 확정(품질경영담당 일괄판단, 부서 정식회신 생략) — FM번호 재부여: SH-FM-INS-N16 → SH-FM-QP012-01
A10: 6 | B10: 2. 검사시험 | C10: 2-9 | D10: 높음 | E10: 아크 용접 : 용접비드, 위치 (길이, 폭, 이동량) 및 용입량 - CO2용접: 절단검사(정기검사). (용접 구간별 길이,비드 폭 형상 한도견본 비교검사) * 용입량 검사 : 용접로봇별, 용접JIG별 검사 (검사 주기 : 1회/년, 단, 4M 변경 시 용입량 검사 진행할 것(용접조건 변경, 설비변경, 지그 수정/변경, 로봇 티칭 이후 외) ※ 검사 시료 및 주기는 고객과 협의된 검사협정/기준서 따를것 ▷ 저항 용접 : 분리력 - 스폿용접: 반파괴, 전파괴 분리시험 / 드라이브 체크 ▷ (초,종품 실시) 인장강도 만족할것(실물 및 시편) / 볼트너트: 망치 타격시험 - 프로젝션용접: 볼트 너트 ▷ 회전 토르크 검사 (초, 종 검사) 예) 용접비드 이탈 및 분리력 검사 → 검사결과 사진, 스캔저장 → 검사이력 D/B 관리(엑셀등) | F10: 용입검사 계획대실적 | G10: SH-FM-INS-N18 | H10: 신규 작성 필요 | I10: 2026-09
A11: 7 | B11: 2. 검사시험 | C11: 2-9 | D11: 높음 | F11: 용접로보트별 용접POINT 관리표준 | G11: SH-FM-INS-N20 | H11: 신규 작성 필요 | I11: 2026-09
A12: 8 | B12: 1. 생산조건관리 | C12: 1-4 | D12: 보통 | E12: ※ 인원 부족으로 야간 검사요원 미 투입 시 야간 생산품 검증 프로세스 수립 | F12: 야간생산품 검사일지 | G12: SH-FM-PRD-N05 | H12: 신규 작성 필요 | I12: 2026-09
A13: 9 | B13: 2. 검사시험 | C13: 2-2 | D13: 보통 | F13: 외주품 부적합처리기준서 | G13: SH-FM-INS-N05 | H13: 신규 작성 필요 | I13: 2026-09
A14: 10 | B14: 2. 검사시험 | C14: 2-2 | D14: 보통 | F14: 외주품 검사협정서 | G14: SH-FM-INS-N06 | H14: 신규 작성 필요 | I14: 2026-09
A15: 11 | B15: 2. 검사시험 | C15: 2-3 | D15: 보통 | E15: 외주품/완제품 외관 합/부 판별용 한도견본 운영 | F15: 한도견본 관리대장(외주품/완성품) | G15: SH-FM-INS-N07 | H15: 신규 작성 필요 | I15: 2026-09
A16: 12 | B16: 2. 검사시험 | C16: 2-4 | D16: 보통 | E16: 정기 시험 성적서 신뢰도 확보 | F16: 정기검사계획대실적(치수/용접) | G16: SH-FM-INS-N09 | H16: 신규 작성 필요 | I16: 2026-09
A17: 13 | B17: 6. 품질경영체제 | C17: 6-2 | D17: 보통 | E17: 설계변경/4M 변경 업무 프로세스 수립여부 | F17: 설계변경/4M관리업무 프로세스 | G17: SH-FM-QMS-N12 | H17: 신규 작성 필요 | I17: 2026-09
A18: 14 | B18: 6. 품질경영체제 | C18: 6-3 | D18: 보통 | E18: 도면에 명시된 외관, 치수, 기능, 주기를 검사협정 및 사내 검사기준 반영 | F18: 도면일치성관리기준서 | G18: SH-FM-QMS-N13 | H18: 신규 작성 필요 | I18: 2026-09
A19: 15 | B19: 6. 품질경영체제 | C19: 6-3 | D19: 보통 | E19: 검사협정서/기준서/초도품 보증서 고객 승인본 보유 | F19: 도면일치성점검체크시트(고객사관리본접수) | G19: SH-FM-QP002-01 | H19: 기존 절차 연계 | I19: 2026-09 | K19: [2026-09-22 확정] SH-QP-002(문서화된 정보 관리 절차서) 연계 확정(품질경영담당 일괄판단, 부서 정식회신 생략) — FM번호 재부여: SH-FM-QMS-N14 → SH-FM-QP002-01
A20: 16 | B20: 6. 품질경영체제 | C20: 6-3 | D20: 보통 | E20: '-도면 일치성 점검 담당자 지정하여 정기적 도면대비 검사협정/기준서 일치성 점검 및 점검이력 관리 | F20: 도면/검사협정서/초도품보증서고객승인본 | G20: SH-FM-QMS-N15 | H20: 신규 작성 필요 | I20: 2026-09
A21: 17 | B21: 6. 품질경영체제 | C21: 6-3 | D21: 보통 | F21: 정기검사실적 | G21: SH-FM-QMS-N16 | H21: 신규 작성 필요 | I21: 2026-09
A22: 18 | B22: 6. 품질경영체제 | C22: 6-5 | D22: 보통 | E22: 공정별 작업자/검사자 배치기준 수립 및 자격인증 평가 실시여부 [품질 표준류내 검사지정 항목별 담당자] | F22: 자격인증관리 기준서 | G22: SH-FM-QMS-N21 | H22: 신규 작성 필요 | I22: 2026-09
A23: 19 | B23: 6. 품질경영체제 | C23: 6-5 | D23: 보통 | E23: ⇒ 자격인증 실시 기준 | F23: 자격인증체크시트 (검사원) | G23: SH-FM-QP006-03 | H23: 기존 절차 연계 | I23: 2026-10 | K23: [2026-09-22 확정] SH-QP-006(교육훈련 및 역량관리 절차서) 연계 확정(품질경영담당 일괄판단, 부서 정식회신 생략) — FM번호 재부여: SH-FM-QMS-N22 → SH-FM-QP006-03
A24: 20 | B24: 6. 품질경영체제 | C24: 6-5 | D24: 보통 | E24: ※ 부적합 판별 실기평가 | F24: 계수형R&R 계획대실적표 | G24: SH-FM-QMS-N24 | H24: 신규 작성 필요 | I24: 2026-10
A25: 21 | B25: 6. 품질경영체제 | C25: 6-5 | D25: 보통 | E25: 외관검사 : 부적합 유형별 검출능력 실기평가 | F25: 계수형R&R 실시실적 | G25: SH-FM-QMS-N25 | H25: 신규 작성 필요 | I25: 2026-10
A26: 22 | B26: 6. 품질경영체제 | C26: 6-5 | D26: 보통 | E26: 자격인증자 결원/휴가시 대응인원 확보상태 및 후속조치 관리방안/실행상태 | F26: 자격인증대상자교육실시보고서 | G26: SH-FM-QMS-N27 | H26: 신규 작성 필요 | I26: 2026-10
A27: 23 | B27: 6. 품질경영체제 | C27: 6-5 | D27: 보통 | E27: 작업자 결원으로 대체인원 투입 불가피시, 투입전 교육/품질보증 방안 등 관리 규정 수립 및 관리 상태점검 | F27: 자격인증서(검사원/현장작업자) | G27: SH-FM-QMS-N28 | H27: 신규 작성 필요 | I27: 2026-10
A28: 24 | B28: 6. 품질경영체제 | C28: 6-7 | D28: 보통 | E28: 수입검사/생산공정/최종검사 부적합(추정)품에 대한 격리/식별절차 수립 및 준수여부 | F28: 부적합처리업무 프로세스 | G28: SH-FM-QMS-N33 | H28: 신규 작성 필요 | I28: 2026-10
A29: 25 | B29: 6. 품질경영체제 | C29: 6-7 | D29: 보통 | E29: 부적합품 후공정 유출 방지를 위한 식별 및 격리방안 세부 작성 및 준수여부 | F29: 부적합 격리보관장소 지정 (펜스격리) | G29: SH-FM-QMS-N34 | H29: 신규 작성 필요 | I29: 2026-10
A30: 26 | B30: 6. 품질경영체제 | C30: 6-7 | D30: 보통 | E30: 부적합(추정)품 처리 프로세스 수립 및 준수여부 | F30: 부적합처리일지 | G30: SH-FM-QP014-02 | H30: 기존 절차 연계 | I30: 2026-10 | K30: [2026-09-22 확정] SH-QP-014(부적합품 및 재작업 관리 절차서) 연계 확정(품질경영담당 일괄판단, 부서 정식회신 생략) — FM번호 재부여: SH-FM-QMS-N35 → SH-FM-QP014-02
A31: 27 | B31: 6. 품질경영체제 | C31: 6-7 | D31: 보통 | E31: 생산중 부적합품 발생수량과 실제 수거량 비교를 통한 부적합품 후공정 유출 발생여부점검활동[점검이력 보관] | F31: 부적합품 보관함 | G31: SH-FM-QMS-N36 | H31: 신규 작성 필요 | I31: 2026-10
A32: 28 | B32: 6. 품질경영체제 | C32: 6-7 | D32: 보통 | E32: 개발등 시제품 생산시 양산부품과 혼입 방지를 위한 식별 및 격리 절차 수립/준수상태 점검 | F32: 부적합식별표 | G32: SH-FM-QP014-03 | H32: 기존 절차 연계 | I32: 2026-10 | K32: [2026-09-22 확정] SH-QP-014(부적합품 및 재작업 관리 절차서) 연계 확정(품질경영담당 일괄판단, 부서 정식회신 생략) — FM번호 재부여: SH-FM-QMS-N37 → SH-FM-QP014-03
A33: 29 | B33: 6. 품질경영체제 | C33: 6-8 | D33: 보통 | E33: ⇒ 공정불량 (생산수량, 불량수, PPM), 고객불량 (납품수량, 불량수, PPM), 외주불량(입고수량, 불량수, PPM) | F33: 고객/공정/외주불량 실적PPM | G33: SH-FM-QMS-N38 | H33: 신규 작성 필요 | I33: 2026-10
A34: 30 | B34: 6. 품질경영체제 | C34: 6-8 | D34: 보통 | E34: 목표 미달시 워스트 항목에 대한 근본적인 원인분석 및 개선대책 수립/유효성 평가 실시상태 | F34: 고객/공정/외주불량 개선대책서 | G34: SH-FM-QMS-N39 | H34: 신규 작성 필요 | I34: 2026-10
A35: 31 | B35: 6. 품질경영체제 | C35: 6-8 | D35: 보통 | F35: D+3개월 유효성검증 | G35: SH-FM-QMS-N40 | H35: 신규 작성 필요 | I35: 2026-10
A36: 32 | B36: 6. 품질경영체제 | C36: 6-13 | D36: 보통 | E36: 『정성품질』 활동 관련 업무분장(키맨) | F36: 정성품질향상가이드 | G36: SH-FM-QMS-N51 | H36: 신규 작성 필요 | I36: 2026-10
A37: 33 | B37: 6. 품질경영체제 | C37: 6-13 | D37: 보통 | E37: 『정성품질』 수평전개 교육 담당/ 품질문제 발생시 개선활동 담당/ 고객사 협업 담당 등 | F37: 정성품질 조직도 (키맨선정) | G37: SH-FM-QMS-N52 | H37: 신규 작성 필요 | I37: 2026-10
A38: 34 | B38: 6. 품질경영체제 | C38: 6-13 | D38: 보통 | E38: 제조현장 『정성품질』관련 예방/개선 프로세스 수립(제조현장 반영내역 확인) | F38: 정성품질 체크시트 | G38: SH-FM-QMS-N53 | H38: 신규 작성 필요 | I38: 2026-10
A39: 35 | B39: 6. 품질경영체제 | C39: 6-13 | D39: 보통 | E39: 예방활동 : 휴먼에러 발생 예방을 위한 작업자/공정/설비 등 예방점검 개선 이력 | F39: 정성품질 개선추진보고서 | G39: SH-FM-QMS-N54 | H39: 신규 작성 필요 | I39: 2026-10
A40: 36 | B40: 6. 품질경영체제 | C40: 6-13 | D40: 보통 | E40: 『정성품질』 유지 및 관리실태 점검 활동 실시이력(현황 및 개선대책 경영진 보고) | F40: 정성품질 포상실행 품의서 | G40: SH-FM-QMS-N55 | H40: 신규 작성 필요 | I40: 2026-10
A41: 37 | B41: 1. 생산조건관리 | C41: 1-3 | D41: 낮음 | F41: 부적합처리기준 현지어번역본 | G41: SH-FM-QP014-01 | H41: 기존 절차 연계 | I41: 2026-10 | K41: [2026-09-22 확정] SH-QP-014(부적합품 및 재작업 관리 절차서) 연계 확정(품질경영담당 일괄판단, 부서 정식회신 생략) — FM번호 재부여: SH-FM-PRD-N02 → SH-FM-QP014-01
A42: 38 | B42: 1. 생산조건관리 | C42: 1-3 | D42: 낮음 | F42: 외관검사기준 현지어번역본 | G42: SH-FM-WI030-01 | H42: 기존 절차 연계 | I42: 2026-10 | K42: [2026-09-22 확정] SH-WI-030(고객감사·인증심사 현장대응 표준) 연계 확정(품질경영담당 일괄판단, 부서 정식회신 생략) — FM번호 재부여: SH-FM-PRD-N03 → SH-FM-WI030-01
A43: 39 | B43: 6. 품질경영체제 | C43: 6-4 | D43: 낮음 | E43: 품질 매뉴얼/절차서/지침서 구비 및 적용상태 | F43: ISO인증서 | G43: SH-FM-QP025-02 | H43: 기존 절차 연계 | I43: 2026-10 | K43: [2026-09-22 확정] SH-QP-025(고객별 요구사항(CSR) 관리 절차서) 연계 확정(품질경영담당 일괄판단, 부서 정식회신 생략) — FM번호 재부여: SH-FM-QMS-N17 → SH-FM-QP025-02
A44: 40 | B44: 6. 품질경영체제 | C44: 6-4 | D44: 낮음 | E44: 구체적인 업무분장 수립상태 | F44: 품질매뉴얼/절차서/지침서 | G44: SH-FM-QP025-03 | H44: 기존 절차 연계 | I44: 2026-10 | K44: [2026-09-22 확정] SH-QP-025(고객별 요구사항(CSR) 관리 절차서) 연계 확정(품질경영담당 일괄판단, 부서 정식회신 생략) — FM번호 재부여: SH-FM-QMS-N18 → SH-FM-QP025-03
A45: 41 | B45: 6. 품질경영체제 | C45: 6-4 | D45: 낮음 | E45: ⇒ 점검결과 경영자/임원 보고 및 후속조치 활동 이력[증빙물 관리] | F45: SQ 사전점검 지적사항및 개선대책 | G45: SH-FM-QMS-N19 | H45: 신규 작성 필요 | I45: 2026-10
A46: 42 | B46: 2. 검사시험 | C46: 2-7 | D46: 높음 | E46: 초/종품 외관, 치수 및 장착상태 (용접지그 수정/변경시 치수 및 용접물간 갭 최대 1mm 이하관리 - 샘플실측) | F46: 자주검사기준서 | G46: SH-FM-QP013-07 | H46: 기존 절차 연계 | I46: 2026-11 | K46: ※재판정(본문대조): 본문상 명확한 근거 약함 — 담당부서 확인 권장(기존 분류 유지)
A47: 43 | B47: 2. 검사시험 | C47: 2-7 | D47: 높음 | E47: 예) 카울크로스바 파이프-SUB 용접물 간 갭 | F47: 자주검사체크시트 | G47: SH-FM-WI002-02 | H47: 기존 절차 연계 | I47: 2026-11 | K47: ※재판정(본문대조): 본문상 명확한 근거 약함 — 담당부서 확인 권장(기존 분류 유지)
A48: 44 | B48: 2. 검사시험 | C48: 2-7 | D48: 높음 | E48: 자주검사 기록, 불량품 시정조치 내역 및 이력관리 상태 | F48: 용접spatter 관리기준 | G48: SH-FM-QP016-01 | H48: 기존 절차 연계 | I48: 2026-11 | K48: ※재판정(본문대조): 본문상 명확한 근거 약함 — 담당부서 확인 권장(기존 분류 유지)
A49: 45 | B49: 2. 검사시험 | C49: 2-7 | D49: 높음 | E49: QC순회검사: 작업자 자주검사 실시상태 확인 및 주요 포인트 추가 검사 후 확인 서명 | F49: 자주검사체크시트 | G49: SH-FM-WI002-03 | H49: 기존 절차 연계 | I49: 2026-11 | K49: ※재판정(본문대조): 본문상 명확한 근거 약함 — 담당부서 확인 권장(기존 분류 유지)
A50: 46 | B50: 2. 검사시험 | C50: 2-7 | D50: 높음 | E50: → 용접관련 기술표준 (MS181 ▷ 13 (용융용접) / MS 181 ▷ 06 (SEAM용접) / | F50: 품질순회검사체크시트(중요항목치수추가) | G50: SH-FM-WI002-04 | H50: 기존 절차 연계 | I50: 2026-11 | K50: ※재판정(본문대조): 본문상 명확한 근거 약함 — 담당부서 확인 권장(기존 분류 유지)
A51: 47 | B51: 2. 검사시험 | C51: 2-8 | D51: 높음 | E51: 외관, 치수, 취약부 절단면 검사, 상대 물 조립 성 검증 등 (샘플 실측 요망) | F51: 완성품검사기준서 | G51: SH-FM-QP013-08 | H51: 기존 절차 연계 | I51: 2026-11
A52: 48 | B52: 1. 생산조건관리 | C52: 1-1 | D52: 보통 | E52: 표준류(관리계획서, 작업표준서, 설비일상점검표 등)와 실제공정 일치성 확인[관리 분담 등] | F52: P-FMEA | G52: SH-FM-QP010-01 | H52: 기존 절차 연계 | I52: 2026-11 | K52: ※재판정(본문대조): 본문상 명확한 근거 약함 — 담당부서 확인 권장(기존 분류 유지)
A53: 49 | B53: 1. 생산조건관리 | C53: 1-1 | D53: 보통 | E53: 고객과 협의된 검사협정서/검사기준서 기준과 실제 업무절차 일치성 | F53: 관리계획서 | G53: SH-FM-WI022-01 | H53: 기존 절차 연계 | I53: 2026-11 | K53: [2026-09-22 확정] SH-WI-022(변경 초기유동 및 강화검사 작업표준) 연계 확정(품질경영담당 일괄판단, 부서 정식회신 생략) — FM번호 재부여: SH-FM-QP010-02 → SH-FM-WI022-01
A54: 50 | B54: 1. 생산조건관리 | C54: 1-1 | D54: 보통 | E54: 관리계획서 및 현장내 표준류 중요공정/안전 보안공정 식별표시관리 | F54: 고객승인 검사협정 / ISIR 서류 | G54: SH-FM-QP010-04 | H54: 기존 절차 연계 | I54: 2026-11 | K54: ※재판정(본문대조): 본문상 명확한 근거 약함 — 담당부서 확인 권장(기존 분류 유지)
A55: 51 | B55: 1. 생산조건관리 | C55: 1-2 | D55: 보통 | E55: 재가동후 초도생산품에 대한 중요품질특성부 품질검증 결과 기록관리여부 | F55: 재가동 초품 검사 체크시트 | G55: SH-FM-WI020-02 | H55: 기존 절차 연계 | I55: 2026-11 | K55: [2026-09-22 확정] SH-WI-020(비상상황 생산복구 작업표준) 연계 확정(품질경영담당 일괄판단, 부서 정식회신 생략) — FM번호 재부여: SH-FM-QP003-01 → SH-FM-WI020-02
A56: 52 | B56: 1. 생산조건관리 | C56: 1-4 | D56: 보통 | E56: 단, 생산LOT가 장기적일경우 최소 1회/shift검사 진행 필요 | F56: 야간생산품 식별격리절차 | G56: SH-FM-WI003-01 | H56: 기존 절차 연계 | I56: 2026-11 | K56: ※재판정(본문대조): 본문상 명확한 근거 약함 — 담당부서 확인 권장(기존 분류 유지)
A57: 53 | B57: 2. 검사시험 | C57: 2-2 | D57: 보통 | E57: 외주품 입고시 수입검사 마스터 관리 대장 작성을 통한 검사 누락 예방 | F57: 외주품 수입검사기준서 | G57: SH-FM-QP013-03 | H57: 기존 절차 연계 | I57: 2026-11
A58: 54 | B58: 2. 검사시험 | C58: 2-2 | D58: 보통 | F58: 외주품 검사기준서 | G58: SH-FM-QP013-04 | H58: 기존 절차 연계 | I58: 2026-11
A59: 55 | B59: 2. 검사시험 | C59: 2-3 | D59: 보통 | E59: 한도견본의 변색, 변형, 녹 발생 등으로 실제 견본품 운영이 어려울 경우 외관검사기준서로 대체 가능 | F59: 한도견본 식별표 | G59: SH-FM-WI001-02 | H59: 기존 절차 연계 | I59: 2026-11 | K59: [2026-09-22 확정] SH-WI-001(생산 작업준비 및 초품확인 표준) 연계 확정(품질경영담당 일괄판단, 부서 정식회신 생략) — FM번호 재부여: SH-FM-QP013-05 → SH-FM-WI001-02
A60: 56 | B60: 2. 검사시험 | C60: 2-3 | D60: 보통 | E60: 외관검사 지정항목 (버, 찍힘, 스크래치, 밴딩, 뒤틀림, 오염, 변색, 얼룩, 이물질) 수치적 한도설정, | F60: 외관검사기준서 | G60: SH-FM-QP013-06 | H60: 기존 절차 연계 | I60: 2026-11 | K60: ※재판정(본문대조): 본문상 명확한 근거 약함 — 담당부서 확인 권장(기존 분류 유지)
A61: 57 | B61: 2. 검사시험 | C61: 2-4 | D61: 보통 | E61: (성적서 시험 전/후 사진 첨부, 사진內 시험 날짜표시, 계측기 전산 연동시 원본데이터 저장관리 등) | F61: 정기검사성적서(치수/용접) | G61: SH-FM-WI027-03 | H61: 기존 절차 연계 | I61: 2026-11 | K61: [2026-09-22 확정] SH-WI-027(검사성적서 및 품질기록 작성표준) 연계 확정(품질경영담당 일괄판단, 부서 정식회신 생략) — FM번호 재부여: SH-FM-WI006-01 → SH-FM-WI027-03
A62: 58 | B62: 2. 검사시험 | C62: 2-5 | D62: 보통 | E62: 검사협정 체결기준 시험항목 자체시험 가능한 계측장비 보유상태 (정기 신뢰성 항목별 계측기 지정 및 준수필요) | F62: 계측기관리대장 | G62: SH-FM-QP008-01 | H62: 기존 절차 연계 | I62: 2026-11
A63: 59 | B63: 2. 검사시험 | C63: 2-5 | D63: 보통 | E63: ※ 고가 계측기 등 자체검증 불가능 시험 항목의 경우 1차 협력사 또는 공인기관시험 인정 | F63: 계측기이력카드 | G63: SH-FM-WI006-02 | H63: 기존 절차 연계 | I63: 2026-11 | K63: ※재판정(본문대조): 본문상 명확한 근거 약함 — 담당부서 확인 권장(기존 분류 유지)
A64: 60 | B64: 6. 품질경영체제 | C64: 6-6 | D64: 낮음 | E64: 리콜/캠페인 등 고객사 품질문제 발생시 회사에 미치는 영향성 (대외이미지, 비용부담 등) 교안작성 | F64: 교육교안 | G64: SH-FM-QP006-05 | H64: 기존 절차 연계 | I64: 2026-11 | K64: [2026-09-22 확정] SH-QP-006(교육훈련 및 역량관리 절차서) 연계 확정(품질경영담당 일괄판단, 부서 정식회신 생략) — FM번호 재부여: SH-FM-QMS-N30 → SH-FM-QP006-05
A65: 61 | B65: 6. 품질경영체제 | C65: 6-6 | D65: 낮음 | E65: 작업실수 방지 및 안전사고 예방을 위한 작업자 교육실시(실시교안 및 이력 증빙관리) | F65: 교육실시보고서 (교육사진/참석자서명) | G65: SH-FM-QMS-N31 | H65: 신규 작성 필요 | I65: 2026-11
A66: 62 | B66: 6. 품질경영체제 | C66: 6-6 | D66: 낮음 | E66: 공정별(수입/제조/완성품 검사) 작업자 및 검사 담당자에 대한 부적합 처리절차 교육 시행여부 | F66: 품질문제발생시 즉시교육실적보고서 | G66: SH-FM-QMS-N32 | H66: 신규 작성 필요 | I66: 2026-11
A67: 63 | B67: 6. 품질경영체제 | C67: 6-11 | D67: 낮음 | E67: 주기 : 최소 월 1회 이상 주요 품질 문제점 현황 작성현장내 게시활동 실시 | F67: 품질종합현황판 제작설치 | G67: SH-FM-QMS-N48 | H67: 신규 작성 필요 | I67: 2026-11
A68: 64 | B68: 6. 품질경영체제 | C68: 6-11 | D68: 낮음 | E68: 장소 : 발생 해당공정 및 필요시 주요 공정(예: 수입검사 공정, 완제품 검사공정, 교육장 등) | F68: 중점관리POINT 선정 운영 | G68: SH-FM-QMS-N49 | H68: 신규 작성 필요 | I68: 2026-11
A69: 65 | B69: 2. 검사시험 | C69: 2-5 | D69: 보통 | E69: (예 : 3차원 측정기, 성분분석기 등)되나 시험결과 접수 및 이상발생 여부 검토 필요 | F69: 계측기검교정 계획대실적표 | G69: SH-FM-WI006-03 | H69: 기존 절차 연계 | I69: 2026-12 | K69: ※재판정(본문대조): 본문상 명확한 근거 약함 — 담당부서 확인 권장(기존 분류 유지)
A70: 66 | B70: 2. 검사시험 | C70: 2-5 | D70: 보통 | E70: 계측기 검교정 계획 대비 실적관리 상태 (계측기 검교정 성적서/테그 관리) | F70: 계측기검교정 성적서 | G70: SH-FM-WI006-04 | H70: 기존 절차 연계 | I70: 2026-12 | K70: ※재판정(본문대조): 본문상 명확한 근거 약함 — 담당부서 확인 권장(기존 분류 유지)
A71: 67 | B71: 2. 검사시험 | C71: 2-5 | D71: 보통 | F71: 계측기보관함 위치지정및 레이아웃 주소화 | G71: SH-FM-WI006-05 | H71: 기존 절차 연계 | I71: 2026-12 | K71: ※재판정(본문대조): 본문상 명확한 근거 약함 — 담당부서 확인 권장(기존 분류 유지)
A72: 68 | B72: 2. 검사시험 | C72: 2-5 | D72: 보통 | E72: 주요 검사구 유효성 확보여부 점검결과 | F72: 검사구관리대장 | G72: SH-FM-WI007-01 | H72: 기존 절차 연계 | I72: 2026-12 | K72: ※재판정(본문대조): 본문상 명확한 근거 약함 — 담당부서 확인 권장(기존 분류 유지)
A73: 69 | B73: 2. 검사시험 | C73: 2-5 | D73: 보통 | E73: [정밀프레스] 자주검사用 정밀 측정장비 필수보유 | F73: 검사구이력카드 | G73: SH-FM-WI002-01 | H73: 기존 절차 연계 | I73: 2026-12 | K73: ※재판정(본문대조): 본문상 명확한 근거 약함 — 담당부서 확인 권장(기존 분류 유지)
A74: 70 | B74: 2. 검사시험 | C74: 2-5 | D74: 보통 | E74: → 필수 측정장비는 검사항목별 상이: 공구현미경, 비접촉시 3차원 측정기, 투영기, X-Ray 측정기 | F74: 검사구정기점검 계획대실적표 | G74: SH-FM-WI007-02 | H74: 기존 절차 연계 | I74: 2026-12 | K74: ※재판정(본문대조): 본문상 명확한 근거 약함 — 담당부서 확인 권장(기존 분류 유지)
A75: 71 | B75: 2. 검사시험 | C75: 2-5 | D75: 보통 | E75: (내부 단면검사, 단자 & 터미널 필수)등 | F75: 검사구점검체크시트 | G75: SH-FM-WI007-03 | H75: 기존 절차 연계 | I75: 2026-12
A76: 72 | B76: 2. 검사시험 | C76: 2-5 | D76: 보통 | E76: 비전 전수검사장비 유효성 검사 : 시업전 OK, NG마스터를 활용한 검출 유효성 점검후 생산 | F76: 검사구보관 lay-out | G76: SH-FM-WI007-04 | H76: 기존 절차 연계 | I76: 2026-12 | K76: ※재판정(본문대조): 본문상 명확한 근거 약함 — 담당부서 확인 권장(기존 분류 유지)
A77: 73 | B77: 2. 검사시험 | C77: 2-5 | D77: 보통 | E77: (정기적 반복측정 게이지 R&R진행) | F77: 검사구 식별표 | G77: SH-FM-WI007-05 | H77: 기존 절차 연계 | I77: 2026-12
A78: 74 | B78: 2. 검사시험 | C78: 2-6 | D78: 보통 | E78: 계측기 운영 기준별 R&R 평가 계획 수립 | F78: 계측기 GAGE R&R 계획대실적표 | G78: SH-FM-WI006-06 | H78: 기존 절차 연계 | I78: 2026-12 | K78: ※재판정(본문대조): 본문상 명확한 근거 약함 — 담당부서 확인 권장(기존 분류 유지)
A79: 75 | B79: 2. 검사시험 | C79: 2-6 | D79: 보통 | E79: (자체제작 전용 계측기는 필히 실시할 것. V/C등 범용 계측기의 경우 별도 계측기별 R&R 평가 불필요) | F79: 계측기 GAGE R&R 실시실적 | G79: SH-FM-WI006-07 | H79: 기존 절차 연계 | I79: 2026-12
A80: 76 | B80: 2. 검사시험 | C80: 2-6 | D80: 보통 | E80: 계측 장비별 실제 사용인력(작업자/검사원) 계량형 R&R 검증 진행 및 R&R 10% 이하관리 필요 | F80: 계측기 사용자 등록현황 | G80: SH-FM-WI006-08 | H80: 기존 절차 연계 | I80: 2026-12
A81: 77 | B81: 6. 품질경영체제 | C81: 6-2 | D81: 보통 | E81: [세부 유형별 업무 처리절차 및 관리분담, 고객사 ISIR 재승인 필요여부 등] | F81: 변경관리 master list | G81: SH-FM-WI020-03 | H81: 기존 절차 연계 | I81: 2026-12 | K81: [2026-09-22 확정] SH-WI-020(비상상황 생산복구 작업표준) 연계 확정(품질경영담당 일괄판단, 부서 정식회신 생략) — FM번호 재부여: SH-FM-QP010-05 → SH-FM-WI020-03
A82: 78 | B82: 6. 품질경영체제 | C82: 6-2 | D82: 보통 | E82: 변경점 추적성 확보를 위한 마스터리스트 작성관리[누락 발생시 감점 처리] | F82: 변경품적용시점통보서 | G82: SH-FM-WI029-01 | H82: 기존 절차 연계 | I82: 2026-12 | K82: ※재판정(본문대조): 본문상 명확한 근거 약함 — 담당부서 확인 권장(기존 분류 유지)
A83: 79 | B83: 6. 품질경영체제 | C83: 6-2 | D83: 보통 | E83: 변경점 누락 발생 예방을 위한 정기적인 점검활동 실시여부[담당자 지정 및 점검주기 설정관리] | F83: 변경품적용시 고객ISIR승인서류 | G83: SH-FM-QP010-06 | H83: 기존 절차 연계 | I83: 2026-12 | K83: ※재판정(본문대조): 본문상 명확한 근거 약함 — 담당부서 확인 권장(기존 분류 유지)
A84: 80 | B84: 6. 품질경영체제 | C84: 6-3 | D84: 보통 | E84: 검사협정 및 검사기준서내 부품 검사항목(정기신뢰성 시험 포함)의 점검주기 준수여부 | F84: 정기검사계획대실적표 | G84: SH-FM-QP013-09 | H84: 기존 절차 연계 | I84: 2026-12 | K84: ※재판정(본문대조): 본문상 명확한 근거 약함 — 담당부서 확인 권장(기존 분류 유지)
A85: 81 | B85: 6. 품질경영체제 | C85: 6-5 | D85: 보통 | E85: 치수검사 : 담당별 지정 계측기 사용능력 평가 [계측기 활용능력 평가로 CpK 산출 불필요] | F85: 계량형/계수형 R&R 수기작성본 | G85: SH-FM-WI006-09 | H85: 기존 절차 연계 | I85: 2026-12 | K85: ※재판정(본문대조): 본문상 명확한 근거 약함 — 담당부서 확인 권장(기존 분류 유지)
A86: 82 | B86: 6. 품질경영체제 | C86: 6-8 | D86: 보통 | E86: 전년도 품질 실적대비 목표설정 및 실적 점검(1회/월)상태 | F86: 품질실적보고서 (전부서KPI목표대비실적) | G86: SH-FM-QP021-01 | H86: 기존 절차 연계 | I86: 2026-12
A87: 83 | B87: 6. 품질경영체제 | C87: 6-8 | D87: 보통 | E87: 고객 불량(필드 클레임) 문제점에 대한 고품분석 및 시정조치 활동 실시여부 | F87: 고객불량 유효성검증 MASTER LIST | G87: SH-FM-QP016-02 | H87: 기존 절차 연계 | I87: 2026-12 | K87: ※재판정(본문대조): 본문상 명확한 근거 약함 — 담당부서 확인 권장(기존 분류 유지)
A88: 84 | B88: 6. 품질경영체제 | C88: 6-13 | D88: 보통 | E88: → 발생 원인에 대한 세부적인 원인 분류 및 근본적인 시정조치 활동 실시 | F88: 정성품질 포상제도 시행안 보고서 | G88: SH-FM-QP016-04 | H88: 기존 절차 연계 | I88: 2026-12
A89: 85 | B89: 6. 품질경영체제 | C89: 6-4 | D89: 낮음 | E89: SQ 인증업종 자체 내부심사[평가서 기준] 활동 실시 및 발췌 문제점에 대한 개선활동 추진 | F89: 전사조직도 및 업무분장표 | G89: SH-FM-QP005-01 | H89: 기존 절차 연계 | I89: 2026-12
A90: 86 | B90: 6. 품질경영체제 | C90: 6-6 | D90: 낮음 | E90: 임직원 대상(비정규직 포함) 교육 실시후 교육이력 증빙관리 | F90: 2026년 교육계획대실적 | G90: SH-FM-QP006-01 | H90: 기존 절차 연계 | I90: 2026-12
A91: 87 | B91: 6. 품질경영체제 | C91: 6-11 | D91: 낮음 | E91: 내용 : 고객사 입고불량, HKMC 주요 필드 클레임, 고객/HKMC 입고불량 문제점 및 발생(유출)원인 | F91: 공정별 주요문제점 각공정별 비치 | G91: SH-FM-QP017-01 | H91: 기존 절차 연계 | I91: 2026-12 | K91: ※재판정(본문대조): 본문상 명확한 근거 약함 — 담당부서 확인 권장(기존 분류 유지)
A92: 88 | B92: 6. 품질경영체제 | C92: 6-12 | D92: 낮음 | E92: REWORK 작업을 위한 별도 공간 운영시 작업을 위한 TOOL 및 자재의 비치 상태 | F92: 재작업품 출하 고객승인본 | G92: SH-FM-WI018-05 | H92: 기존 절차 연계 | I92: 2026-12

Sheet D_구매자재팀
A1: SQ mark 심사 - 구매자재팀 배포용 필요서류 체크리스트
A2: 작성일: 2026-09-17(Rev.2) | 구매자재팀 담당 필요서류: 32건 | 목표완료월 순으로 정렬
A3: DISCLAIMER: "작성구분"/"관련 기존 문서"는 QMS_REV00 품질경영시스템 통합문서(SH-QP-001~025, SH-WI-001~030) 실제 본문과 대조한 재판정 결과입니다(2026-09-17, Rev.2). 녹색=본문상 근거 확인된 기존 연계, 노란색="기존 절차 연계 (제안 — 검토 필요)"로 표시된 항목(본문 근거가 약하거나 새로 발견된 연계 후보 — 관련 기존 문서 칸의 [재검토]/[신규 발견]/[참고] 문구 확인), 빨간색=신규 작성 필요. "FM문서번호(안)"/"목표완료월"은 규칙 기반 1차 추정치입니다. 실제 활용 가능 여부, 양식 신규 제정 여부, 일정은 반드시 담당부서·품질책임자 검토 후 확정하세요.
A4: NO | B4: 구분 | C4: 번호 | D4: 우선순위 | E4: 요구사항(세부 추진 항목) | F4: 필요서류(준비서류) | G4: FM문서번호(안) | H4: 작성구분(자동추정) | I4: 목표완료월(제안) | J4: 준비상태 | K4: 비고
A5: 1 | B5: 2. 검사시험 | C5: 2-1 | D5: 높음 | E5: 외주품 입고 시 외주사 출하성적서 접수 및 수입검사 실측값 비교검증 여부 | F5: 원자재수입검사 일지 | G5: SH-FM-QP013-10 | H5: 기존 절차 연계 | I5: 2026-09 | K5: [2026-09-22 확정] SH-QP-013(검사 및 시험관리 절차서) 연계 확정(품질경영담당 일괄판단, 부서 정식회신 생략) — FM번호 재부여: SH-FM-INS-N01 → SH-FM-QP013-10
A6: 2 | B6: 2. 검사시험 | C6: 2-1 | D6: 높음 | E6: 원재료 M/SHEET 접수 시 물성 및 화학조성비 합/부 판단기준 명확화 수립 | F6: 원자재 M/SHEET (입고LOT별 접수) | G6: SH-FM-WI029-02 | H6: 기존 절차 연계 | I6: 2026-09 | K6: [2026-09-22 확정] SH-WI-029(공급자 변경품 및 초도품 확인표준) 연계 확정(품질경영담당 일괄판단, 부서 정식회신 생략) — FM번호 재부여: SH-FM-INS-N02 → SH-FM-WI029-02
A7: 3 | B7: 2. 검사시험 | C7: 2-1 | D7: 높음 | E7: (원소재) 도금처리된 원소재 판넬 : 도금 부착력 검사 (180˚밴딩후 크랙, 박리여부), 도금두께(3point), | F7: 원자재식별표 | G7: SH-FM-INS-N03 | H7: 신규 작성 필요 | I7: 2026-09
A8: 4 | B8: 2. 검사시험 | C8: 2-2 | D8: 보통 | E8: 수입검사 실시 전 외주품/원재료 입고처리 안되도록 업무 프로세스 수립 | F8: 외주품입고식별표 | G8: SH-FM-INS-N04 | H8: 신규 작성 필요 | I8: 2026-09
A9: 5 | B9: 2. 검사시험 | C9: 2-4 | D9: 보통 | E9: 환경규제(중금속) 정기시험 실시상태 : 검사협정 체결기준 시험결과 증빙관리 상태 | F9: 중금속 정기검사 계획대실적 | G9: SH-FM-INS-N10 | H9: 신규 작성 필요 | I9: 2026-09
A10: 6 | B10: 2. 검사시험 | C10: 2-4 | D10: 보통 | E10: (시험장비 보유시 자체 성적서 인정, 미보유시 1차사 또는 공인기관 의뢰 가능) | F10: 중금속 성적서 | G10: SH-FM-INS-N11 | H10: 신규 작성 필요 | I10: 2026-09
A11: 7 | B11: 2. 검사시험 | C11: 2-1 | D11: 높음 | E11: 검사협정서/기준서 체결상태 | F11: 원자재 검사협정서 OR 검사기준서 | G11: SH-FM-QP013-01 | H11: 기존 절차 연계 | I11: 2026-10
A12: 8 | B12: 2. 검사시험 | C12: 2-1 | D12: 높음 | E12: (사급품은 1차 협력사가 체결한 검사협정서 사본 접수 및 동일 시료/주기로 검사 실시 필요) | F12: 원자재 입고 LIST | G12: SH-FM-WI009-01 | H12: 기존 절차 연계 | I12: 2026-10
A13: 9 | B13: 5. 자재관리 | C13: 5-1 | D13: 보통 | E13: 부품 LOT기록 마스터리스트 관리되고 역추적 가능 여부 | F13: 출하일지 | G13: SH-FM-MAT-N04 | H13: 신규 작성 필요 | I13: 2026-10
A14: 10 | B14: 5. 자재관리 | C14: 5-1 | D14: 보통 | E14: [CASE2] LOT전산관리 - 파렛트단위 | F14: 고객부품식별표 | G14: SH-FM-MAT-N05 | H14: 신규 작성 필요 | I14: 2026-10
A15: 11 | B15: 5. 자재관리 | C15: 5-2 | D15: 보통 | E15: 미사용 장기보관 자재류 처리기준 수립 및 이행상태 | F15: 원자재선입선출관리기준서 | G15: SH-FM-MAT-N06 | H15: 신규 작성 필요 | I15: 2026-10
A16: 12 | B16: 5. 자재관리 | C16: 5-2 | D16: 보통 | E16: 설변에 의한 불용자재 발생시 자재 식별 및 혼입 방지 관리 상태 | F16: .원자재식별표 | G16: SH-FM-MAT-N07 | H16: 신규 작성 필요 | I16: 2026-10
A17: 13 | B17: 5. 자재관리 | C17: 5-2 | D17: 보통 | F17: 불용자재식별표 | G17: SH-FM-MAT-N11 | H17: 신규 작성 필요 | I17: 2026-10
A18: 14 | B18: 5. 자재관리 | C18: 5-3 | D18: 보통 | E18: 검사 전,후 식별 및 선입선출 관리 | F18: 선입고품 우선사용 TAG식별 | G18: SH-FM-WI028-04 | H18: 기존 절차 연계 | I18: 2026-10 | K18: [2026-09-22 확정] SH-WI-028(장기재고 및 유효기간 관리표준) 연계 확정(품질경영담당 일괄판단, 부서 정식회신 생략) — FM번호 재부여: SH-FM-MAT-N12 → SH-FM-WI028-04
A19: 15 | B19: 5. 자재관리 | C19: 5-3 | D19: 보통 | E19: 소재사양 및 GRADE 식별절차 | F19: .원자재식별표 | G19: SH-FM-MAT-N13 | H19: 신규 작성 필요 | I19: 2026-10
A20: 16 | B20: 2. 검사시험 | C20: 2-1 | D20: 높음 | E20: → 검사협정 체결이 어려울 시 검사기준서 수립으로 대체 (예: 대기업 공급 원재료,도금업종 등) | F20: 원자재수입검사 기준서 | G20: SH-FM-QP013-02 | H20: 기존 절차 연계 | I20: 2026-11
A21: 17 | B21: 2. 검사시험 | C21: 2-1 | D21: 높음 | E21: 입고 LOT와 출하검사 성적서내 LOT 일치성 확보여부(원소재의 경우 M/SHEET내 검사시료 LOT 일치성) | F21: 원자재 규격별 물성및 화학조성비 기준서 | G21: SH-FM-WI027-01 | H21: 기존 절차 연계 | I21: 2026-11 | K21: ※재판정(본문대조): 본문상 명확한 근거 약함 — 담당부서 확인 권장(기존 분류 유지)
A22: 18 | B22: 2. 검사시험 | C22: 2-1 | D22: 높음 | E22: 검사협정서/기준서에 준한 일상검사/정기검사 실시상태 | F22: 원자재 중금속검사 성적서 | G22: SH-FM-WI027-02 | H22: 기존 절차 연계 | I22: 2026-11
A23: 19 | B23: 5. 자재관리 | C23: 5-1 | D23: 보통 | E23: [CASE1] LOT수작업관리 - 파렛트or 부품단위 | F23: 원자재입고 부품식별표 | G23: SH-FM-QP018-10 | H23: 기존 절차 연계 | I23: 2026-11 | K23: [2026-09-22 확정] SH-QP-018(식별 및 추적성 관리 절차서) 연계 확정(품질경영담당 일괄판단, 부서 정식회신 생략) — FM번호 재부여: SH-FM-WI009-02 → SH-FM-QP018-10
A24: 20 | B24: 5. 자재관리 | C24: 5-2 | D24: 보통 | E24: 자재 창고 Lay Out 현황도 작성 및 선입선출 다이 등반영 상태(구조적 시스템, 입/불출 절차 효율성 확보 여부) | F24: 원자재보관관리기준서 | G24: SH-FM-QP019-02 | H24: 기존 절차 연계 | I24: 2026-11
A25: 21 | B25: 5. 자재관리 | C25: 5-2 | D25: 보통 | E25: 입고품 적재/관리기준 수립 및 준수(입고 완료품 찍힘/발청, 이물질오염, 기타 손상 확인시 감점) | F25: 원자재보관대 LAY-OUT 및재고현황 | G25: SH-FM-WI009-03 | H25: 기존 절차 연계 | I25: 2026-11 | K25: ※재판정(본문대조): 본문상 명확한 근거 약함 — 담당부서 확인 권장(기존 분류 유지)
A26: 22 | B26: 5. 자재관리 | C26: 5-2 | D26: 보통 | E26: 원소재 보관 관리기준 수립 및 준수상태(포장상태 및 개봉후 식별방법 등) | F26: 원자재보관대 구역설정및 식별 | G26: SH-FM-QP019-03 | H26: 기존 절차 연계 | I26: 2026-11 | K26: ※재판정(본문대조): 본문상 명확한 근거 약함 — 담당부서 확인 권장(기존 분류 유지)
A27: 23 | B27: 5. 자재관리 | C27: 5-2 | D27: 보통 | E27: 항온/항습보관 필요 자재의 경우 보관장 관리기준 수립 및 준수 상태 | F27: 장기재고보관관리기준서 | G27: SH-FM-QP019-04 | H27: 기존 절차 연계 | I27: 2026-11
A28: 24 | B28: 5. 자재관리 | C28: 5-2 | D28: 보통 | F28: 장기재고점검체크시트 | G28: SH-FM-WI028-01 | H28: 기존 절차 연계 | I28: 2026-11
A29: 25 | B29: 5. 자재관리 | C29: 5-2 | D29: 보통 | F29: 장기재고식별표 | G29: SH-FM-WI028-02 | H29: 기존 절차 연계 | I29: 2026-12
A30: 26 | B30: 5. 자재관리 | C30: 5-2 | D30: 보통 | F30: '-불용자재관리기준서 | G30: SH-FM-WI009-04 | H30: 기존 절차 연계 | I30: 2026-12 | K30: ※재판정(본문대조): 본문상 명확한 근거 약함 — 담당부서 확인 권장(기존 분류 유지)
A31: 27 | B31: 5. 자재관리 | C31: 5-3 | D31: 보통 | E31: 장기/불용/개발품 자재 관리기준 및 식별절차(장기/불용/개발용 원재료 별도 구분/식별관리) | F31: 장기재고보관관리기준서 | G31: SH-FM-QP018-06 | H31: 기존 절차 연계 | I31: 2026-12 | K31: ※재판정(본문대조): 본문상 명확한 근거 약함 — 담당부서 확인 권장(기존 분류 유지)
A32: 28 | B32: 5. 자재관리 | C32: 5-3 | D32: 보통 | E32: 공정 투입후 잔량관리(보관상태/식별표시/유효기간 설정 등) | F32: 장기재고식별표 | G32: SH-FM-WI028-03 | H32: 기존 절차 연계 | I32: 2026-12
A33: 29 | B33: 5. 자재관리 | C33: 5-4 | D33: 보통 | E33: (예: 표면처리, 열처리 전/후 용기 식별관리 절차 수립 등) | F33: 완성품 납용용기설정서 | G33: SH-FM-QP018-07 | H33: 기존 절차 연계 | I33: 2026-12 | K33: ※재판정(본문대조): 본문상 명확한 근거 약함 — 담당부서 확인 권장(기존 분류 유지)
A34: 30 | B34: 5. 자재관리 | C34: 5-4 | D34: 보통 | E34: 제품 특성을 고려한 용기 관리기준 설정(청정도 관리 대상품 이물질유입 예방목적 용기세척, 오염방지커버적용등) | F34: 완성품 LAY-OUT | G34: SH-FM-WI017-01 | H34: 기존 절차 연계 | I34: 2026-12 | K34: ※재판정(본문대조): 본문상 명확한 근거 약함 — 담당부서 확인 권장(기존 분류 유지)
A35: 31 | B35: 5. 자재관리 | C35: 5-4 | D35: 보통 | E35: 포장 용기 다단적재 및 현장 적재상태 (종이BOX, 프라스틱BOX, 전용용기 등 적재 관리기준 수립 및 이행상태) | F35: 완성품 적재공간 구역설정 LINE MARK'G | G35: SH-FM-WI010-01 | H35: 기존 절차 연계 | I35: 2026-12 | K35: ※재판정(본문대조): 본문상 명확한 근거 약함 — 담당부서 확인 권장(기존 분류 유지)
A36: 32 | B36: 5. 자재관리 | C36: 5-4 | D36: 보통 | E36: 완제품 보관관리 기준 및 관리상태 | F36: 완성품 적재장소 NAME PLATE부착 | G36: SH-FM-QP019-05 | H36: 기존 절차 연계 | I36: 2026-12 | K36: ※재판정(본문대조): 본문상 명확한 근거 약함 — 담당부서 확인 권장(기존 분류 유지)

Sheet D_생산기술
A1: SQ mark 심사 - 생산기술 배포용 필요서류 체크리스트
A2: 작성일: 2026-09-17(Rev.2) | 생산기술 담당 필요서류: 19건 | 목표완료월 순으로 정렬
A3: DISCLAIMER: "작성구분"/"관련 기존 문서"는 QMS_REV00 품질경영시스템 통합문서(SH-QP-001~025, SH-WI-001~030) 실제 본문과 대조한 재판정 결과입니다(2026-09-17, Rev.2). 녹색=본문상 근거 확인된 기존 연계, 노란색="기존 절차 연계 (제안 — 검토 필요)"로 표시된 항목(본문 근거가 약하거나 새로 발견된 연계 후보 — 관련 기존 문서 칸의 [재검토]/[신규 발견]/[참고] 문구 확인), 빨간색=신규 작성 필요. "FM문서번호(안)"/"목표완료월"은 규칙 기반 1차 추정치입니다. 실제 활용 가능 여부, 양식 신규 제정 여부, 일정은 반드시 담당부서·품질책임자 검토 후 확정하세요.
A4: NO | B4: 구분 | C4: 번호 | D4: 우선순위 | E4: 요구사항(세부 추진 항목) | F4: 필요서류(준비서류) | G4: FM문서번호(안) | H4: 작성구분(자동추정) | I4: 목표완료월(제안) | J4: 준비상태 | K4: 비고
A5: 1 | B5: 1. 생산조건관리 | C5: 1-5 | D5: 높음 | F5: 로봇용접프로그램백업관리기준서 | G5: SH-FM-QP003-05 | H5: 기존 절차 연계 | I5: 2026-09 | K5: [2026-09-22 확정] SH-QP-003(기록관리 절차서) 연계 확정(품질경영담당 일괄판단, 부서 정식회신 생략) — FM번호 재부여: SH-FM-PRD-N08 → SH-FM-QP003-05
A6: 2 | B6: 1. 생산조건관리 | C6: 1-5 | D6: 높음 | F6: 로봇용접프로그램백업관리실적 | G6: SH-FM-QP003-06 | H6: 기존 절차 연계 | I6: 2026-09 | K6: [2026-09-22 확정] SH-QP-003(기록관리 절차서) 연계 확정(품질경영담당 일괄판단, 부서 정식회신 생략) — FM번호 재부여: SH-FM-PRD-N09 → SH-FM-QP003-06
A7: 3 | B7: 1. 생산조건관리 | C7: 1-5 | D7: 높음 | F7: 용접조건 검증체크시트 | G7: SH-FM-PRD-N10 | H7: 신규 작성 필요 | I7: 2026-09
A8: 4 | B8: 1. 생산조건관리 | C8: 1-5 | D8: 높음 | F8: 스폿용접전류/가압력 관리실적(1회/월) | G8: SH-FM-PRD-N12 | H8: 신규 작성 필요 | I8: 2026-09
A9: 5 | B9: 3. 설비관리 | C9: 3-2 | D9: 보통 | E9: 주요 핵심설비 정기점검 계획수립 및 점검상태(외주업체 정도점검 성적서 포함, 최소 1회/년) | F9: 설비정기점검 계획대실적표 | G9: SH-FM-EQP-N02 | H9: 신규 작성 필요 | I9: 2026-10 | K9: 0
A10: 6 | B10: 3. 설비관리 | C10: 3-2 | D10: 보통 | E10: (외주업체 또는 자체 정도점검 가능 설비/인력이 확보된경우 인정) | F10: 설비정기점검 실적 | G10: SH-FM-EQP-N03 | H10: 신규 작성 필요 | I10: 2026-10
A11: 7 | B11: 3. 설비관리 | C11: 3-2 | D11: 보통 | E11: 설비내 소모성 부자재류 점검/교체주기 설정 및 준수여부 | F11: 설비관리대장 | G11: SH-FM-EQP-N04 | H11: 신규 작성 필요 | I11: 2026-10
A12: 8 | B12: 3. 설비관리 | C12: 3-2 | D12: 보통 | E12: [필요시 소모성 부자재 교체주기 설정근거 제시 필요, T/O 이력 등] | F12: 설비이력카드 | G12: SH-FM-EQP-N05 | H12: 신규 작성 필요 | I12: 2026-10
A13: 9 | B13: 3. 설비관리 | C13: 3-2 | D13: 보통 | E13: 1) 설비내 주요 압력계 정기점검 정도보증 또른 검교정된 마스터게이지 비교 검증활동 실시 | F13: 설비압력게이지 검증 계획대실적표 | G13: SH-FM-QP015-01 | H13: 기존 절차 연계 | I13: 2026-10 | K13: [2026-09-22 확정] SH-QP-015(변경관리 절차서) 연계 확정(품질경영담당 일괄판단, 부서 정식회신 생략) — FM번호 재부여: SH-FM-EQP-N06 → SH-FM-QP015-01
A14: 10 | B14: 3. 설비관리 | C14: 3-2 | D14: 보통 | E14: 설비 작동유는 사용시간을 고려한 교체주기설정 예)설비오일 2,000Hr시 전량교체 (필터포함)(※정밀프레스추가) | F14: 설비예비품 입출고 관리일지 | G14: SH-FM-EQP-N07 | H14: 신규 작성 필요 | I14: 2026-11
A15: 11 | B15: 3. 설비관리 | C15: 3-2 | D15: 보통 | E15: 프레스설비 1회/년 설비제조협력사에 정기정도 점검 진행 | F15: 작동유관리기준서 | G15: SH-FM-EQP-N08 | H15: 신규 작성 필요 | I15: 2026-11
A16: 12 | B16: 3. 설비관리 | C16: 3-2 | D16: 보통 | E16: (일상검사시 Air 압력 검사: 바란스, 클러치, 브레이크 AIR) (※정밀프레스 추가) | F16: 작동유샘플보관대제작설치 | G16: SH-FM-EQP-N09 | H16: 신규 작성 필요 | I16: 2026-11
A17: 13 | B17: 3. 설비관리 | C17: 3-4 | D17: 보통 | E17: CO2용접기: 전류.전압 검 교정.케이블 조임상태. 메인 전원 입력 변동 차. 와이어 공급상태 - 스폿 용접기: 전류. 통전시간 오차확인. 가압력 확인. 전극.전원연결 조임 상태.냉각수 온도 압력, 부품누락. - 로봇: 쇼크센서 작동상태, 콘트롤러 배터리 전압, 콘트롤러 냉각핀 작동상태, 케이블 연결상태 | F17: 설비정기점검 관리기준서 | G17: SH-FM-EQP-N13 | H17: 신규 작성 필요 | I17: 2026-11
A18: 14 | B18: 3. 설비관리 | C18: 3-4 | D18: 보통 | F18: 설비정기점검계획대실적표 | G18: SH-FM-EQP-N14 | H18: 신규 작성 필요 | I18: 2026-11
A19: 15 | B19: 3. 설비관리 | C19: 3-1 | D19: 보통 | E19: 설비내 F/P설비 경고등/알람 정상작동 및 설비내 셋팅값/관리공차 표준과 일치여부 | F19: 설비게이지 상하한식별관리 | G19: SH-FM-QP018-02 | H19: 기존 절차 연계 | I19: 2026-12 | K19: ※재판정(본문대조): 본문상 명확한 근거 약함 — 담당부서 확인 권장(기존 분류 유지)
A20: 16 | B20: 3. 설비관리 | C20: 3-2 | D20: 보통 | E20: 설비 부착 센서 및 게이지류에 대한 정도 보증 방안 수립 및 이행 상태 | F20: 설비수리보고서 | G20: SH-FM-WI015-02 | H20: 기존 절차 연계 | I20: 2026-12 | K20: [2026-09-22 확정] SH-WI-015(작업자 표준작업 및 교대인수인계 표준) 연계 확정(품질경영담당 일괄판단, 부서 정식회신 생략) — FM번호 재부여: SH-FM-WI018-01 → SH-FM-WI015-02
A21: 17 | B21: 3. 설비관리 | C21: 3-2 | D21: 보통 | E21: 2) 금형내 노즐온도 센서 등 중요 센서류 고장여부 정기점검시 정도보증 활동 필요 | F21: 설비압력게이지 점검실적 | G21: SH-FM-WI008-01 | H21: 기존 절차 연계 | I21: 2026-12 | K21: ※재판정(본문대조): 본문상 명확한 근거 약함 — 담당부서 확인 권장(기존 분류 유지)
A22: 18 | B22: 3. 설비관리 | C22: 3-2 | D22: 보통 | E22: ※ 설비 일상점검 항목을 제외한 세부 점검 필요부만 정기점검 계획 수립 및 점검 필요 | F22: 설비예비품관리대장 | G22: SH-FM-WI004-05 | H22: 기존 절차 연계 | I22: 2026-12 | K22: ※재판정(본문대조): 본문상 명확한 근거 약함 — 담당부서 확인 권장(기존 분류 유지)
A23: 19 | B23: 3. 설비관리 | C23: 3-4 | D23: 보통 | F23: 설비정기점검 실적 | G23: SH-FM-EQP-N15 | H23: 신규 작성 필요 | I23: 2026-12

Sheet D_개발팀
A1: SQ mark 심사 - 개발팀 배포용 필요서류 체크리스트
A2: 작성일: 2026-09-17(Rev.2) | 개발팀 담당 필요서류: 2건 | 목표완료월 순으로 정렬
A3: DISCLAIMER: "작성구분"/"관련 기존 문서"는 QMS_REV00 품질경영시스템 통합문서(SH-QP-001~025, SH-WI-001~030) 실제 본문과 대조한 재판정 결과입니다(2026-09-17, Rev.2). 녹색=본문상 근거 확인된 기존 연계, 노란색="기존 절차 연계 (제안 — 검토 필요)"로 표시된 항목(본문 근거가 약하거나 새로 발견된 연계 후보 — 관련 기존 문서 칸의 [재검토]/[신규 발견]/[참고] 문구 확인), 빨간색=신규 작성 필요. "FM문서번호(안)"/"목표완료월"은 규칙 기반 1차 추정치입니다. 실제 활용 가능 여부, 양식 신규 제정 여부, 일정은 반드시 담당부서·품질책임자 검토 후 확정하세요.
A4: NO | B4: 구분 | C4: 번호 | D4: 우선순위 | E4: 요구사항(세부 추진 항목) | F4: 필요서류(준비서류) | G4: FM문서번호(안) | H4: 작성구분(자동추정) | I4: 목표완료월(제안) | J4: 준비상태 | K4: 비고
A5: 1 | B5: 4. 금형관리 | C5: 4-3 | D5: 낮음 | E5: 금형 및 지그 수리이력 관리대장 (금형 Shot수, 지그 보수 이력) | F5: 금형/지그관리대장 | G5: SH-FM-QP023-01 | H5: 기존 절차 연계 | I5: 2026-10 | K5: [2026-09-22 확정] SH-QP-023(통계적 공정관리(SPC) 절차서) 연계 확정(품질경영담당 일괄판단, 부서 정식회신 생략) — FM번호 재부여: SH-FM-WI008-12 → SH-FM-QP023-01
A6: 2 | B6: 4. 금형관리 | C6: 4-3 | D6: 낮음 | E6: ※ 자체 프레스 공정이 없는경우 미해당으로 표기 | F6: 금형/JIG이력카드 | G6: SH-FM-WI008-13 | H6: 기존 절차 연계 | I6: 2026-11

Sheet D_부서 미정
A1: SQ mark 심사 - (부서 미정) 배포용 필요서류 체크리스트
A2: 작성일: 2026-09-17(Rev.2) | (부서 미정) 담당 필요서류: 8건 | 목표완료월 순으로 정렬
A3: DISCLAIMER: "작성구분"/"관련 기존 문서"는 QMS_REV00 품질경영시스템 통합문서(SH-QP-001~025, SH-WI-001~030) 실제 본문과 대조한 재판정 결과입니다(2026-09-17, Rev.2). 녹색=본문상 근거 확인된 기존 연계, 노란색="기존 절차 연계 (제안 — 검토 필요)"로 표시된 항목(본문 근거가 약하거나 새로 발견된 연계 후보 — 관련 기존 문서 칸의 [재검토]/[신규 발견]/[참고] 문구 확인), 빨간색=신규 작성 필요. "FM문서번호(안)"/"목표완료월"은 규칙 기반 1차 추정치입니다. 실제 활용 가능 여부, 양식 신규 제정 여부, 일정은 반드시 담당부서·품질책임자 검토 후 확정하세요.
A4: NO | B4: 구분 | C4: 번호 | D4: 우선순위 | E4: 요구사항(세부 추진 항목) | F4: 필요서류(준비서류) | G4: FM문서번호(안) | H4: 작성구분(자동추정) | I4: 목표완료월(제안) | J4: 준비상태 | K4: 비고
A5: 1 | B5: 1. 생산조건관리 | C5: 1-5 | D5: 높음 | F5: (작업일보내작업조건필히기록) | G5: SH-FM-WI001-01 | H5: 기존 절차 연계 | I5: 2026-09 | K5: [2026-09-22 확정] SH-WI-001(생산 작업준비 및 초품확인 표준) 연계 확정(품질경영담당 일괄판단, 부서 정식회신 생략) — FM번호 재부여: SH-FM-PRD-N07 → SH-FM-WI001-01
A6: 2 | B6: 1. 생산조건관리 | C6: 1-5 | D6: 높음 | F6: 스폿용접전류/가압력 관리기준서 | G6: SH-FM-PRD-N11 | H6: 신규 작성 필요 | I6: 2026-09
A7: 3 | B7: 2. 검사시험 | C7: 2-8 | D7: 높음 | F7: (QMS SYSTEM 운영시 컴퓨터설치운영) | G7: SH-FM-INS-N17 | H7: 신규 작성 필요 | I7: 2026-10
A8: 4 | B8: 3. 설비관리 | C8: 3-3 | D8: 보통 | E8: 용접기: 팁 교환. 노즐청소. 와이어 공급기. 케이블. 전류 전압. 전극 드레싱 및 교환 | F8: CO2용접원점확인장치 | G8: SH-FM-EQP-N10 | H8: 신규 작성 필요 | I8: 2026-10
A9: 5 | B9: 3. 설비관리 | C9: 3-5 | D9: 보통 | E9: 전극, 가스, 냉각수 관리 F/PROOF 구축시 관리기준 및 준수상태, F/PROOF 미구축시 관리기준 수립여부, | F9: CO2용접원점확인장치 | G9: SH-FM-EQP-N16 | H9: 신규 작성 필요 | I9: 2026-11
A10: 6 | B10: 3. 설비관리 | C10: 3-5 | D10: 보통 | E10: (드레싱 및 교체 주기 관리, 용접타점 관리, 타점 도달시 경보장치) | F10: 가스잔량 F/P장치 | G10: SH-FM-EQP-N18 | H10: 신규 작성 필요 | I10: 2026-11
A11: 7 | B11: 1. 생산조건관리 | C11: 1-2 | D11: 보통 | E11: ※ 계획 : 가동중단 시간별/사유별 점검절차 수립 및 이행 | F11: (계획/비계획정지 기준 명확화) | G11: SH-FM-WI020-01 | H11: 기존 절차 연계 | I11: 2026-12 | K11: ※재판정(본문대조): 본문상 명확한 근거 약함 — 담당부서 확인 권장(기존 분류 유지)
A12: 8 | B12: 6. 품질경영체제 | C12: 6-4 | D12: 낮음 | F12: (유효성검증관리 실적) | G12: SH-FM-QMS-N20 | H12: 신규 작성 필요 | I12: 2026-12
