Workbook

Sheet 0_안내
A1: 프로젝트별 진행 현황판 (기준일 2026-10-29)
A3: 기준일 | B3: 46324
A5: 이 값을 바꾸면 모든 시트의 D-day가 자동 계산됩니다(기준일 갱신).
A6: 상태 구분: 완료(실제로 끝남이 확인됨) · 진행(진행 중) · 예정(날짜가 앞으로 정해져 있음) · 대기(사람의 입력·회신·결정을 기다림) · 확인 필요(내용이 불일치하거나 근거가 없음).
A7: 근거: 사용자 입력(발송 일정표 v8의 10/29 발송분), 공문·청구서·기안서 업로드, 저장소 체크리스트 v3·v5. 회신·증빙은 실제 확인된 것만 "완료"로 했고, 사용자 입력본의 미래 일자 "발송·완료" 값은 근거 확인 전이라 "확인 필요"로 표시했습니다.
A8: 시트: 1_종합 / 2_SQ / 3_ISO14001 / 4_IATF / 5_QMS·공통 / 6_필요 문서 현황 / 7_작성할 문서. 노란 칸은 사용자 메모/입력 칸입니다.
A9: 갱신 방법: 채팅으로 "보냈다·회신 왔다·결재 끝났다"를 알려 주시면 제가 최신 현황판으로 다시 올립니다. 계좌번호·연락처는 이 파일에 넣지 마세요.
A11: 완료
A12: 진행
A13: 예정
A14: 대기
A15: 확인 필요

Sheet 1_종합
A1: 프로젝트별 종합 현황 (기준일 2026-10-29)
A3: 프로젝트 | B3: 심사일 | C3: D-day | D3: 준비 현황 요약 | E3: 메시지(발송/예정) | F3: 회신·증빙 | G3: 다음 마감 | H3: 위험·블로커 | I3: 담당
A4: 한온 SQ 심사 | B4: 46366 | C4: =B4-'0_안내'!$B$3 | D4: 필요서류 240건(보유 6·보완 필요 205·판단 보류 29). 담당 확정·정정·기한 안내 완료. 방안 A 일정 확정 | E4: 8통 발송(정정 3·기한 안내 5) / 12통 예정(재요청 11·SH-FM-208) | F4: 회신 0/234건 | G4: 11/02 재요청, 11/05 회신 기한 | H4: M6 11/30 마감 가능 여부 미확인. 양식 본문 205건 담당부서 작성 | I4: 이광재(총괄)·SQ 담당자 11명
A5: ISO 14001 갱신심사(NQA) | B5: 46345 | C5: =B5-'0_안내'!$B$3 | D5: A-01·A-02 완료. 요청 메시지 발송 7통(A-03·A-04·시행 여부 4·NQA 서면 1) | E5: 7통 발송 / 12통 예정 | F5: 회신 0 (A-01·A-02 유선 완료) | G5: 10/30 A-05~A-08·A-12, 11/02 시행 여부 회신, 11/12 송금 | H5: 시행 여부(교육·훈련·내부심사·경영검토) 미확인, 기안서 결재란 비어 있음, EMS 문서 없음 | I5: 박철호 부장(대체 이광재)
A6: IATF 16949 사후심사(NQA) | B6: 46363 | C6: =B6-'0_안내'!$B$3 | D6: 공문·담당 확정. 취합·비용 메시지 발송, 요청표 v4(U15 포함) | E6: 2통 발송 / 1통 예정(부서별) | F6: 회신 0 (U01 일부 확보) | G6: 10/30 E01~E20 담당·섹션 2 자료, 11/06 사전심사기획정보 제출 | H6: 섹션 2 자료 미확보, E01~E20 담당 미지정, 기안서 결재란 비어 있음 | I6: 박철호 부장(대체 이광재), 안혜정 대리(비용)
A7: QMS 문서·공통 | B7: - | C7: - | D7: 10/28 배포 완료(Gate PASS). 기안번호 안 A 결정 | E7: - | F7: 서명본 대조·구본 회수 대기 | G7: 10/30 기안번호 대장 공식 등록 | H7: 서명본·구본 회수, 목차 쪽번호, MES 코드 | I7: 사용자·문서관리
A9: 오늘 해야 할 일(우선순위)
A10: 1. 10/29 발송분 기록은 반영 완료. 10/30·11/02 일자 "발송" 입력은 실제 발송 여부 확인(예정이면 미발송으로)
A11: 2. E01~E20 담당 확정 질문지 답변(10/30) — 이후 IATF 부서별 메시지 발송
A12: 3. 사전심사기획정보 요구사항(섹션 2) 자료 찾기 — 11/06 제출 기한
A13: 4. 두 심사비 기안서 결재 진행(IATF는 공문 반영본 검토 후) — ISO 송금 11/12, IATF 입금 11/30
A14: 5. 시행 여부 회신 취합(11/02), SQ M6 11/30 마감 가능 여부 확인

Sheet 2_SQ
A1: SQ — 단계별 진행 (기준일 2026-10-29)
A3: 단계 | B3: 항목 | C3: 기한 | D3: D-day | E3: 담당 | F3: 상태 | G3: 근거·비고 | H3: 사용자 메모(입력)
A4: 기반 | B4: SQ 필요서류 240건 담당자 확정(정정본4·매핑표 v6; 129~131 지성규, 214 이광재) | C4: 46323 | D4: =C4-'0_안내'!$B$3 | E4: 이광재·사용자 | F4: 완료 | G4: 사용자 결정 10/27·10/28
A5: 안내 | B5: 담당 변경 6명 재안내 발송(10/27) — 발송일 입력 반영 | C5: 46322 | D5: =C5-'0_안내'!$B$3 | E5: 사용자 | F5: 완료 | G5: 체크리스트 기록(10-27)
A6: 안내 | B6: 담당 정정 안내 3통(지성규·이광재·박철호) 발송 | C6: 46324 | D6: =C6-'0_안내'!$B$3 | E6: 사용자 | F6: 완료 | G6: 사용자 입력 10/29 발송, 체크리스트 반영
A7: 안내 | B7: 기한·일정 안내 5통(이은주·김주태·김운주·안종명·공동) 발송 | C7: 46324 | D7: =C7-'0_안내'!$B$3 | E7: 사용자 | F7: 완료 | G7: 사용자 입력 10/29 발송, 체크리스트 반영
A8: 결정 | B8: M1 한온 최신 SQ 평가기준·적용범위 확정 | C8: 46325 | D8: =C8-'0_안내'!$B$3 | E8: 영업관리+이광재 부장 | F8: 대기 | G8: 확인 기록 없음
A9: 회신 | B9: SH-FM-208 기준값 확인 메시지(한상돈 부장) 발송 → 회신 | C9: 46331 | D9: =C9-'0_안내'!$B$3 | E9: 한상돈 부장 | F9: 예정 | G9: 메시지 준비(호칭 반영본). 사용자 입력본은 10/30 "발송"으로 적혀 있으나 오늘 이후 일자라 확인 필요
A10: 회신 | B10: 회신 재요청 11통 발송 | C10: 46328 | D10: =C10-'0_안내'!$B$3 | E10: 사용자 | F10: 확인 필요 | G10: 사용자 입력본은 10/30 "발송"(오늘 이후 일자) — 예정/실제 확인 필요
A11: 회신 | B11: 담당자 회신 기한(요청 234건, 회신 0건) | C11: 46331 | D11: =C11-'0_안내'!$B$3 | E11: SQ 담당자 11명 | F11: 진행 | G11: 발송(회신 대기) 240건, 회신 입력 0
A12: 준비 | B12: M2 문서 정합성·매핑표 갱신 | C12: 46336 | D12: =C12-'0_안내'!$B$3 | E12: 품질+개발+생산기술 | F12: 예정 | G12: 회신 반영 후
A13: 준비 | B13: M3 현장 증빙 수집·현물 확인 18건 | C13: 46339 | D13: =C13-'0_안내'!$B$3 | E13: 생산·생산기술·품질 | F13: 예정 | G13: 현물 점검표(08)
A14: 준비 | B14: M4 Core Tools·LOT 정/역 모의추적(IATF LOT 실습과 겸용 검토) | C14: 46351 | D14: =C14-'0_안내'!$B$3 | E14: 품질·생산·자재 | F14: 예정
A15: 준비 | B15: M5 자체점검 22항목 + 양식 본문 작성·같은 Rev.00 재개정(205건) | C15: 46353 | D15: =C15-'0_안내'!$B$3 | E15: 품질경영본부+전 부서 | F15: 예정 | G15: 담당부서 작성, 승인은 사람
A16: 준비 | B16: M6 미흡 종결(A급 우선) — 방안 A로 당김 | C16: 46356 | D16: =C16-'0_안내'!$B$3 | E16: 각 담당부서 | F16: 확인 필요 | G16: 담당자별 11/30 마감 가능 여부 미확인
A17: 준비 | B17: M7 모의심사(방안 A) | C17: 46357 | D17: =C17-'0_안내'!$B$3 | E17: 품질+생산+생산기술 | F17: 예정
A18: 준비 | B18: M8 최종검토(방안 A) | C18: 46358 | D18: =C18-'0_안내'!$B$3 | E18: 품질책임자 | F18: 예정
A19: 준비 | B19: M9 준비완료 판정(방안 A) | C19: 46359 | D19: =C19-'0_안내'!$B$3 | E19: 품질경영본부 | F19: 예정
A20: 준비 | B20: 예비일(SQ 재점검·IATF 최종 정비) | C20: 46360 | D20: =C20-'0_안내'!$B$3 | E20: 품질경영본부 | F20: 예정 | G20: 방안 A 신규
A21: 심사 | B21: 한온 SQ 심사 | C21: 46366 | D21: =C21-'0_안내'!$B$3 | E21: 전 부서 | F21: 예정 | G21: 사용자 지정

Sheet 3_ISO14001
A1: ISO14001 — 단계별 진행 (기준일 2026-10-29)
A3: 단계 | B3: 항목 | C3: 기한 | D3: D-day | E3: 담당 | F3: 상태 | G3: 근거·비고 | H3: 사용자 메모(입력)
A4: 결정 | B4: ISO 14001:2015 갱신만 진행(2026 전환 미병행) | C4: 46323 | D4: =C4-'0_안내'!$B$3 | E4: 사용자 | F4: 완료 | G4: 사용자 결정
A5: 공문 | B5: NQA 공문·청구서 확인(심사 11/19~20, 만료 2026-12-29, 48명·1교대) | C5: 46324 | D5: =C5-'0_안내'!$B$3 | E5: 사용자 | F5: 완료 | G5: 공문 NQA202610-1401 업로드 대조
A6: NQA | B6: A-01·A-02 유선 확인·인증서 스캔본 | C6: 46323 | D6: =C6-'0_안내'!$B$3 | E6: 박철호 부장 | F6: 완료 | G6: 서면 확인은 별도
A7: NQA | B7: NQA 서면 확인 요청문 발송 → 서면 회신 | C7: 46324 | D7: =C7-'0_안내'!$B$3 | E7: 사용자 | F7: 진행 | G7: 사용자 입력 10/29 발송, 서면 회신 대기
A8: 요청 | B8: A-03·A-04 메시지 발송(박철호) | C8: 46324 | D8: =C8-'0_안내'!$B$3 | E8: 사용자 | F8: 완료 | G8: 사용자 입력 10/29 발송, 체크리스트 반영
A9: 요청 | B9: 환경 교육·훈련·내부심사·경영검토 2026 시행 여부 확인 4통 발송 | C9: 46324 | D9: =C9-'0_안내'!$B$3 | E9: 사용자 | F9: 완료 | G9: 회신 희망 11/02
A10: 요청 | B10: A-05~A-08, A-12 메시지 발송 | C10: 46325 | D10: =C10-'0_안내'!$B$3 | E10: 사용자 | F10: 확인 필요 | G10: 입력본에 일자(10/30~11/12)로 "발송" 기재 — 오늘 이후 일자라 확인 필요
A11: 요청 | B11: A-09~A-11, A-13, A-14 메시지 발송 | C11: 46328 | D11: =C11-'0_안내'!$B$3 | E11: 사용자 | F11: 확인 필요 | G11: 위와 같음
A12: 요청 | B12: A-15·A-16 메시지 발송 | C12: 46330 | D12: =C12-'0_안내'!$B$3 | E12: 사용자 | F12: 확인 필요 | G12: 위와 같음
A13: 회신 | B13: 시행 여부 회신 취합 → 기록 부재 대조표 입력 | C13: 46328 | D13: =C13-'0_안내'!$B$3 | E13: 사용자 | F13: 대기 | G13: 회신 0
A14: 결재 | B14: 심사비 기안서 SH-GI-261019-001 결재(결재란 비어 있음) | C14: 46328 | D14: =C14-'0_안내'!$B$3 | E14: 사내 승인권자 | F14: 대기 | G14: 작성 10/19 완료, 결재 근거 없음
A15: 지급 | B15: ISO 14001 심사비 송금(2,673,000원) | C15: 46338 | D15: =C15-'0_안내'!$B$3 | E15: 회계 담당 | F15: 예정 | G15: 기한 11/12, 결재 후
... A18: 심사 | B18: NQA ISO 14001:2015 갱신심사 | C18: 46345 | D18: =C18-'0_안내'!$B$3 | E18: 전 부서 | F18: 예정 | G18: 11/19~20

Sheet 4_IATF
A1: IATF — 단계별 진행 (기준일 2026-10-29)
A3: 단계 | B3: 항목 | C3: 기한 | D3: D-day | E3: 담당 | F3: 상태 | G3: 근거·비고 | H3: 사용자 메모(입력)
A4: 공문 | B4: NQA 공문 확인(심사 12/07~08, 2.5 MD) — IATF 일정 확정 | C4: 46324 | D4: =C4-'0_안내'!$B$3 | E4: 사용자 | F4: 완료 | G4: 공문 NQA202610-1901
A5: 결정 | B5: IATF 담당 박철호 부장(대체 이광재 부장) 확정 | C5: 46324 | D5: =C5-'0_안내'!$B$3 | E5: 사용자 | F5: 완료 | G5: 사용자 결정
A6: 요청 | B6: IATF 취합 요청(박철호)·비용·지급 요청(안혜정) 메시지 발송 | C6: 46324 | D6: =C6-'0_안내'!$B$3 | E6: 사용자 | F6: 완료 | G6: 사용자 입력 10/29 발송, 체크리스트 반영
A7: 결정 | B7: E01~E20 담당 확정 질문지 답변 | C7: 46325 | D7: =C7-'0_안내'!$B$3 | E7: 사용자 | F7: 대기 | G7: 영업·개발·자재·제품안전·관리 담당 미지정
A8: 요청 | B8: IATF 부서별 운영증빙 메시지 발송(담당 확정 후) | C8: 46325 | D8: =C8-'0_안내'!$B$3 | E8: 사용자 | F8: 확인 필요 | G8: 입력본 일자 "발송"(10/30) — 확인 필요
A9: 결재 | B9: IATF 기안서 SH-GI-261023-001 공문 반영 → 결재(결재란 비어 있음) | C9: 46339 | D9: =C9-'0_안내'!$B$3 | E9: 박철호 부장/승인권자 | F9: 대기 | G9: 수정 제안본 전달, 반영·결재 근거 없음
A10: 자료 | B10: 사전심사기획정보 요구사항(섹션 2) 자료 확보 | C10: 46325 | D10: =C10-'0_안내'!$B$3 | E10: 박철호 부장 | F10: 대기 | G10: 자료 미확보
A11: 제출 | B11: 사전심사기획정보 심사팀장 이메일 제출(11/07 토 전 → 11/06까지) | C11: 46332 | D11: =C11-'0_안내'!$B$3 | E11: 박철호 부장 | F11: 대기 | G11: 자료 없이 제출 불가
A12: 취합 | B12: U06~U14·E01~E20 취합 목표 | C12: 46332 | D12: =C12-'0_안내'!$B$3 | E12: 박철호 부장 외 | F12: 대기 | G12: 회신 0, 입력본의 "완료"는 근거 확인 전
A13: 지급 | B13: IATF 심사비 지급 목표(사용자 목표) / 입금 기한 11/30 | C13: 46332 | D13: =C13-'0_안내'!$B$3 | E13: 안혜정·회계 | F13: 대기 | G13: 총 3,190,000원, 숙박 필요 여부 NQA 협의 필요
A14: 실시 | B14: IATF 모의심사 20항목(제안 11/23~24) | C14: 46349 | D14: =C14-'0_안내'!$B$3 | E14: 박철호 부장/대응부서 | F14: 예정 | G14: 모의심사 준비표 v2
A15: 실시 | B15: 대표 LOT 정·역추적 실습(SQ M4와 겸용 검토) | C15: 46351 | D15: =C15-'0_안내'!$B$3 | E15: 품질·생산·자재 | F15: 예정
A16: 지급 | B16: IATF 심사비 입금 기한 | C16: 46356 | D16: =C16-'0_안내'!$B$3 | E16: 회계 담당 | F16: 예정 | G16: 심사시작일 7일 전
A17: 준비 | B17: IATF 최종 정비(예비일) | C17: 46360 | D17: =C17-'0_안내'!$B$3 | E17: 박철호 부장 | F17: 예정
A18: 심사 | B18: NQA IATF 16949:2016 사후심사 | C18: 46363 | D18: =C18-'0_안내'!$B$3 | E18: 전 부서 | F18: 예정 | G18: 12/07~08

Sheet 5_QMS·공통
A1: QMS·공통 — 단계별 진행 (기준일 2026-10-29)
A3: 단계 | B3: 항목 | C3: 기한 | D3: D-day | E3: 담당 | F3: 상태 | G3: 근거·비고 | H3: 사용자 메모(입력)
A4: 배포 | B4: QP-018·FM-033·034·369·FM-122·WI 4종·통합문서 수정본21 승인·배포(10/28) | C4: 46323 | D4: =C4-'0_안내'!$B$3 | E4: 사용자 | F4: 완료 | G4: integrity 363 FAIL 0 · crosscheck 37/0/0 · ledger 57/0/0 · Release Gate PASS
A5: 확인 | B5: 서명본 대조·구본 회수(10/28 배포 문서 전체) | E5: 사용자·문서관리 | F5: 대기 | G5: 확인표 10번
A6: 확인 | B6: 통합문서 수정본21 목차 쪽번호 워드 갱신·부록 B 책임 열 확인 | E6: 사용자 | F6: 대기
A7: 확인 | B7: SH-FM-367·368 MES 코드 대응(368 번호·제정일 가정 확인) | E7: 사용자 | F7: 대기
A8: 개정 | B8: SH-FM-208 기준값 확인 결과 반영(같은 Rev.00 재개정) | C8: 46331 | D8: =C8-'0_안내'!$B$3 | E8: 한상돈 부장 확인 후 | F8: 대기 | G8: 확인 결과 미수령
A9: 기안 | B9: 기안번호 체계 안 A 확정 — 대장 수식 교체·중앙 대장 공식 등록·양식 여부 확인 | C9: 46325 | D9: =C9-'0_안내'!$B$3 | E9: 경영관리팀 | F9: 진행 | G9: 결정은 완료, 공식 대장 위치·양식 번호 미확인
A10: 기안 | B10: 두 심사비 기안서 결재·증빙 연결(A-13, U03·U04) | C10: 46328 | D10: =C10-'0_안내'!$B$3 | E10: 승인권자 | F10: 대기 | G10: 결재란 비어 있음
A11: 공통 | B11: 3개 심사 통합 일정(달력 v7)·발송 일정표 v8 유지 | C11: 46324 | D11: =C11-'0_안내'!$B$3 | E11: Claude | F11: 완료

Sheet 6_필요 문서 현황
A1: 심사 준비에 필요한 문서·증빙 현황 (기준일 2026-10-29)
A2: 상태는 저장소 기록값입니다. 실제 기록 보유는 담당자 확인 전이라 "미확인"이 대부분이며, 사용자 입력본의 미래 일자 "완료"는 반영하지 않았습니다.
A4: 심사 | B4: 문서·증빙 그룹 | C4: 필요 건수 | D4: 보유·확보 | E4: 확인·보완 필요 | F4: 미확인·미비 | G4: 저장소 보유 여부 | H4: 점검 의견
A5: SQ(한온 12/10) | B5: 필요서류 전체(240건, 6분야) | C5: 240 | D5: 6 | E5: 234 | F5: 0 | G5: 양식 틀 178건 배포(본문 미작성), 통합 29, 현물 18 | H5: 보완 필요 205·판단 보류 29는 담당 부서가 양식 본문 작성·근거 제시(11/27 목표). 미비 0
A6: SQ | B6: 1. 생산조건관리 | C6: 29 | D6: 2 | E6: 27 | F6: 0
A7: SQ | B7: 2. 검사시험 | C7: 55 | D7: 0 | E7: 55 | F7: 0
A8: SQ | B8: 3. 설비관리 | C8: 28 | D8: 1 | E8: 27 | F8: 0
A9: SQ | B9: 4. 금형관리 | C9: 19 | D9: 1 | E9: 18 | F9: 0
A10: SQ | B10: 5. 자재관리 | C10: 33 | D10: 2 | E10: 31 | F10: 0
A11: SQ | B11: 6. 품질경영체제 | C11: 76 | D11: 0 | E11: 76 | F11: 0
A12: ISO 14001(11/19~20) | B12: 직접 정리 A-01~A-16 | C12: 16 | D12: 2 | E12: 0 | F12: 14 | G12: EMS 문서·환경 기록은 저장소에 없음 | H12: A-01·A-02 완료(유선·인증서 스캔본). 나머지는 담당 확인 전
A13: ISO 14001 | B13: 운영 증빙 EMS-xxx | C13: 37 | D13: 1 | E13: 0 | F13: 36 | G13: 없음(QMS 문서는 EMS 문서를 대체하지 못함) | H13: 환경 매뉴얼·절차·양식, 측면평가, 법규, 폐기물, 화학물질, 목표, 교육·훈련, 내부심사, 경영검토 등
A14: IATF(12/07~08) | B14: 직접 정리 U01~U15 | C14: 15 | D14: 0 | E14: 1 | F14: 14 | G14: 공문·청구서·기안서 일부 | H14: U01 일부 확보(일정통보서), 사전심사기획정보(U15) 11/06 제출
A15: IATF | B15: 운영 증빙 E01~E20 | C15: 20 | D15: 0 | E15: 0 | F15: 20 | G15: QMS 문서(QM·QP·WI·FM)는 보유, 실제 운영 기록은 현장 확보 | H15: E01~E04는 문서 승인·배포(저장소 보유), E05~E20은 실제 기록 확인
A16: 공통(QMS 문서) | B16: 배포된 QM·QP·WI·FM 릴리스 폴더 | C16: 121 | D16: 121 | E16: 0 | F16: 0 | G16: 보유(승인·배포 완료) | H16: QM 2·QP 25·WI 30·FM 64폴더(FM은 번호 범위 묶음 포함). 서명본 대조·구본 회수는 사람이 확인
A18: 저장소에 없어 확보가 필요한 문서
A19: 심사 | B19: 문서·자료 | C19: 왜 필요한가 | D19: 현재 상태 | E19: 담당(지정표 기준) | F19: 확보 방법
A20: ISO 14001 | B20: EMS 환경매뉴얼·절차서·양식·개정 목록(A-04) | C20: 환경경영시스템 문서화 정보 심사 | D20: 저장소에 없음(QMS 문서로 대체 불가) | E20: 박철호 부장 | F20: 회사 EMS 원본 제출, 없으면 "없음" 표시 후 계획
A21: ISO 14001 | B21: 환경측면·중대측면 평가, 법규 목록·인허가·준수평가(A-05·A-06) | C21: 계획 단계 심사 | D21: 미확인 | E21: 박철호 부장 | F21: 실제 기록 파일 확보
A22: ISO 14001 | B22: 폐기물 계약·인계서, MSDS·화학물질 목록·누출관리(A-07·A-08) | C22: 운영 통제 심사 | D22: 미확인 | E22: 박철호 부장 / 안혜정 대리 | F22: 계약·인계서, MSDS 원본
A23: ISO 14001 | B23: 환경목표·월별 성과, 환경 교육·비상훈련 기록(A-09·A-10) | C23: 성과 평가·역량·비상대응 | D23: 2026 시행 여부 확인 전 | E23: 박철호 부장 | F23: 시행 여부 회신(11/02), 없으면 11/16 이전 실제 시행
A24: ISO 14001 | B24: 내부심사 보고서·시정조치, 경영검토 회의록(A-11·A-12) | C24: 내부심사·경영검토 | D24: 2026 시행 여부 확인 전 | E24: 김주태 이사 / 김흥수 이사 | F24: 실제 시행 기록만, 소급 작성 금지
A25: ISO 14001 | B25: 이전 NQA 지적·조치 종결 근거(A-14) | C25: 이전 지적 사항 확인 | D25: 미확인 | E25: 박철호 부장 | F25: 이전 심사 보고서·조치 기록
A26: ISO 14001 | B26: 조직도·종업원·교대 현황(A-03) | C26: 공문 48명·1교대와 실제 일치 확인 | D26: 미확인 | E26: 박철호 부장 | F26: 현행 조직도·인원표
A27: ISO 14001 | B27: NQA 세부 시간표·심사계획서(A-16) | C27: 심사 대응 인원·장소 지정 | D27: NQA로부터 미수령 | E27: 박철호 부장 | F27: NQA에 수령 요청
A28: IATF | B28: 사전심사기획정보(요구사항 섹션 2)(U15) | C28: 공문 4항 — 11/06까지 제출 | D28: NQA가 먼저 보낸 자료를 찾지 못함 | E28: 박철호 부장 | F28: NQA 사전 송부 메일에서 섹션 2 확인·업로드
A29: IATF | B29: 실제 운영 증빙 E05~E20(현장 기록, 제품안전, SPC, 품질비용, 내부심사, 경영검토, CSR, 개발·변경, LOT, 측정자원, 설비·금형, 교육, 공급자, 부적합, 비상, 직전 심사) | C29: 심사원이 실제 기록으로 확인 | D29: 미확인 | E29: E01~E20 담당(확정 전) | F29: 부서별 확보, 소급 작성 금지
A30: IATF | B30: 직전 외부심사 보고서·NC·종결 회신(E20) | C30: 이전 지적 사항 확인 | D30: 미확인 | E30: 박철호 부장 | F30: 기관 보고서·종결 증빙
... A34: SQ | B34: 판단 보류 29건 근거·현물 18건 확인 | C34: 증빙 판단·현물 확인 | D34: 확인 대기 | E34: SQ 담당자·현장 | F34: 회신, 현물 점검표 기입

Sheet 7_작성할 문서
A1: 작성해야 할 문서·기록 (기준일 2026-10-29)
A2: 사용자가 직접 쓰는 것, 담당 부서가 쓰는 것, 제가 초안을 만들어 두었으나 사람이 채워야 하는 것을 구분했습니다. 시행하지 않은 교육·훈련·내부심사·경영검토 기록은 소급해서 쓰지 않습니다.
A4: 프로젝트 | B4: 작성할 문서·기록 | C4: 작성자(책임) | D4: 기한 | E4: 상태 | F4: 양식·초안 위치(99_산출물/) | G4: 비고 | H4: 진행(입력)
A5: SQ | B5: 양식 본문(점검 항목·기준·기준서) 재개정 205건 | C5: SQ 담당자 11명(담당부서) | D5: 46353 | E5: 대기 | F5: 발송용_*/첨부_확인요청표, 같은 Rev.00 재개정 | G5: 승인은 사람
A6: SQ | B6: 확인요청표 회신(건별 "확인 결과"·메모) 234건 | C6: SQ 담당자 11명 | D6: 46331 | E6: 대기 | F6: 발송용_*/첨부_*확인요청표 | G6: 회신 0
A7: SQ | B7: SH-FM-208 기준값 확인서 → 재개정 | C7: 한상돈 부장 | D7: 46331 | E7: 대기 | F7: SH-FM-208_기준값확인_20261028/
A8: SQ | B8: 현물 확인 점검기록(18건) | C8: 지성규 외 현장 담당 | D8: 46339 | E8: 대기 | F8: SQ_현물확인_현장점검표_20261028.xlsx
A9: SQ | B9: 자체점검표 22항목·미흡 목록(M5)·미흡 종결 증빙(M6) | C9: 품질경영본부·전 부서 | D9: 46356 | E9: 예정 | F9: 통합 달력 v7 · SQ 체크리스트 마일스톤 시트
A10: SQ | B10: 모의심사 20문항 결과(M7)·준비완료 판정(M9)·증빙 패키지(M8) | C10: 품질경영본부 | D10: 46359 | E10: 예정
A11: ISO 14001 | B11: 환경 교육 계획·교육일지(실제 시행분만) | C11: 박철호 부장 | D11: 46342 | E11: 확인 필요 | F11: ISO14001_기록부재_대조표_20261028.xlsx | G11: 시행 여부 회신 후, 소급 금지
A12: ISO 14001 | B12: 환경 비상대응(유출) 훈련 보고서(실제 시행분만) | C12: 박철호 부장·안혜정 대리 | D12: 46342 | E12: 확인 필요 | F12: ISO14001_기록부재_대조표_20261028.xlsx | G12: 소급 금지
A13: ISO 14001 | B13: 내부심사 점검표·보고서·시정조치(실제 시행분만) | C13: 김주태 이사 | D13: 46342 | E13: 확인 필요 | F13: ISO14001_증빙수집요청_20261028/…A11_A16_세부요청표
A14: ISO 14001 | B14: 경영검토 입력표·회의록·결정사항(실제 개최분만) | C14: 김흥수 이사 | D14: 46338 | E14: 확인 필요 | F14: …A11_A16_세부요청표
A15: ISO 14001 | B15: 환경목표 대장·월별 성과(A-09), 환경측면·법규·폐기물·화학물질 기록(A-05~A-08) | C15: 박철호 부장 | D15: 46332 | E15: 대기 | F15: …A05_A06·A07_A08·A09_A10_세부요청표 | G15: 실제 기록 확보
A16: ISO 14001 | B16: 현장 실사표·작업자 인터뷰 기록(A-15), 예상질문 18 응답 준비(A-16) | C16: 지성규 부장·박철호 부장 | D16: 46343 | E16: 대기 | F16: ISO14001_심사당일대응자료_20261028.xlsx
A17: ISO 14001 | B17: 심사비 송금 증빙·기안서 결재(A-13) | C17: 박철호 부장·회계 | D17: 46338 | E17: 대기 | F17: 심사비_기안결재_확인표_20261029.xlsx | G17: 결재란 비어 있음
A18: IATF | B18: 사전심사기획정보(요구사항 섹션 2 항목 작성) — 심사팀장 이메일 제출 | C18: 박철호 부장(대체 이광재) | D18: 46332 | E18: 대기 | F18: IATF 요청표 v4 「사전심사기획정보(U15)」 | G18: 자료 미확보
A19: IATF | B19: 운영증빙 E01~E20 취합(기록 위치·기록번호·확인자) | C19: 박철호 부장 + E 담당 | D19: 46332 | E19: 대기 | F19: IATF_증빙수집요청표_20261028_v4_담당확정.xlsx | G19: E 담당 확정 필요
A20: IATF | B20: 모의심사 결과(20항목)·LOT 실습 기록·시정조치 기록 | C20: 박철호 부장/대응부서 | D20: 46350 | E20: 예정 | F20: IATF_모의심사_준비표_20261029_v2.xlsx
A21: IATF | B21: 심사비 기안서 공문 반영·결재, 송금 증빙, 숙박 협의 기록 | C21: 박철호 부장·안혜정 대리 | D21: 46356 | E21: 대기 | F21: 심사비_기안결재_확인표_20261029.xlsx | G21: 결재란 비어 있음
A22: 공통 | B22: 기안번호 중앙 대장 공식 등록(SH-GI-YYMMDD-NNN) | C22: 경영관리팀 | D22: 46325 | E22: 진행 | F22: 기안번호관리대장_중앙초안_20261029.xlsx | G22: 공식 위치·양식 번호 확인
A23: 공통 | B23: 서명본·구본 회수 확인표 작성 | C23: 문서관리·사용자 | E23: 대기 | F23: 서명본_구본회수_확인표_20261028.xlsx
