Workbook

Sheet 00_최종안내
A2: IATF 16949 심사 준비 실행관리
A3: (주)신화에이치앤티 첨부 서식 기준 실행관리 보완 2026-10-27 Rev.01
A5: 구분 | B5: 준비한 내용 | C5: 사용자가 확인할 내용
A6: 자료 준비 범위 | B6: 1~2단계 대조를 반영하고 3단계 수정본·4단계 대응자료·5단계 최종점검 묶음 작성 완료 | C6: 실제 심사준비 완료는 운영기록·결재·현장검증 후 판정
A7: 먼저 할 일 | B7: 01_사용자정리 U01~U06 일정·인증서·기안·지급·담당자 확인 | C7: 실제 개인 담당자·근거 경로·확인일·확인자를 노란색 칸에 입력
A8: 그다음 할 일 | B8: U07~U11 변경문서 검토·기준 확정·실제 기록·직전 지적·CSR 정리 | C8: 수정본 4개는 변경내용 승인대기. 원본 승인정보는 과거 이력으로 보존
A9: 마지막 할 일 | B9: U12~U14 모의심사 실시·시정조치·승인본 배포·제출 판정 | C9: 미실시·미확인 결과는 완료로 집계하지 않음
A10: 문서 수정 | B10: 통합본·QP002·FM122·FM101~121에 확인된 불일치를 반영 | C10: 07_변경내역에서 변경파일·남은 승인 확인
A11: 심사 대응 | B11: 20개 운영증빙 영역 / 모의심사 질문 20개 / 요청기록 / 시정조치 관리 | C11: 실제 결과·서명·일자·승인은 사용자 확인 후 입력
A12: 기존 문서 | B12: 원본 전체 ZIP을 03_Reference_Original에 보존 | C12: 변경 승인 후 해당 4개만 대체. 관련 PDF는 승인된 편집본에서 재출력
A13: 인증심사 비용 | B13: 사후심사 청구 총액 3,190,000원(VAT 포함) | C13: 숙박비·이체수수료 별도. 지급기한은 심사 시작일 7일 전
A16: 실제 준비상태 | B16: 확인 완료 | C16: 전체
A17: 사용자 정리항목 | B17: =COUNTIF('01_사용자정리'!M6:M19,"완료") -> 0 | C17: 14
A18: 운영증빙 영역 | B18: =COUNTIF('02_운영증빙'!N6:N25,"확인") -> 0 | C18: 20
A19: 모의심사 항목 | B19: =COUNTIF('03_모의심사'!L6:L25,"확인") -> 0 | C19: 20
A22: 자료 작성은 완료했습니다. 실제 증빙을 확인하기 전의 준비상태는 미확인으로 유지합니다.
A24: 진행 순서: 01 담당·목표일 → 02 실제 증빙 → 03 모의심사·선행증빙 → 05 시정조치 → 06 최종판정
A26: 점검 기준일 | B26: 46322 | C26: 기한판정 기준일입니다. 실제 결재·완료일과 구분합니다.
A28: 미확인 실행항목 | B28: =14-COUNTIF('01_사용자정리'!M6:M19,"완료") -> 14 | C28: 01 시트 최종상태 기준
A29: 목표일 지난 항목 | B29: =COUNTIF('01_사용자정리'!O6:O19,"기한초과") -> 0 | C29: 01 시트 기한판정 기준
A30: 현재 우선작업 | B30: U01~U06 담당·일정·행정증빙 확인 | C30: 01 시트 P열의 다음 확인사항을 따릅니다.

Sheet 01_사용자정리
A2: 사용자가 직접 정리할 항목
A3: 기존 H~L 입력칸 유지. N 완료목표일 입력 / O 기한판정 / P 다음 확인사항. U04 목표일은 10_비용일정의 지급기한과 연결됩니다.
A5: ID | B5: 우선순위 | C5: 직접 정리할 일 | D5: 주관·문서상 담당 | E5: 완료기준 | F5: 준비할 증빙 | G5: 목표 시점 | H5: 실제 담당자 | I5: 증빙 경로 | J5: 확인일 | K5: 입력 상태 | L5: 확인자 | M5: 최종 상태 | N5: 완료목표일 | O5: 기한판정 | P5: 다음 확인사항
A6: U01 | B6: 최우선 | C6: 심사일정통보서·심사계획 확보 | D6: 이광재 부장 / 인증기관 | E6: 심사 시작·종료일, 심사원, 교대별 일정 확인 | F6: 일정통보서·계획서 | G6: 지급기한 확정 전 | H6: 박철호 | K6: 미확인 | M6: =IF(OR(K6="완료",K6="비적용"),IF(AND(H6<>"",I6<>"",ISNUMBER(J6),L6<>""),"완료","근거 확인 필요"),K6) -> 미확인 | N6: 26.11.02 | O6: =IF(NOT(ISNUMBER(N6)),"목표일 미입력",IF(M6="완료",IF(J6<=N6,"기한 내 확인","기한 후 확인"),IF(N6<'00_최종안내'!$B$26,"기한초과",IF(N6-'00_최종안내'!$B$26<=3,"3일 이내","기한 내 진행")))) -> 목표일 미입력 | P6: =IF(M6="완료","완료",IF(H6="","실제 담당자 지정",IF(I6="","증빙 경로 등록",IF(NOT(ISNUMBER(J6)),"확인일 입력",IF(L6="","확인자 입력","입력 상태 검토"))))) -> 증빙 경로 등록
A7: U02 | B7: 최우선 | C7: 기존 인증서·계약·범위 확인 | D7: 품질 / 이광재 부장 | E7: 인증번호·유효기간·사업장·지원기능·사후심사 계약 대조 | F7: 인증서·계약·기관 접수회신 | G7: 심사계획 확정 전 | H7: 박철호 | K7: 미확인 | M7: =IF(OR(K7="완료",K7="비적용"),IF(AND(H7<>"",I7<>"",ISNUMBER(J7),L7<>""),"완료","근거 확인 필요"),K7) -> 미확인 | N7: 26.11.02 | O7: =IF(NOT(ISNUMBER(N7)),"목표일 미입력",IF(M7="완료",IF(J7<=N7,"기한 내 확인","기한 후 확인"),IF(N7<'00_최종안내'!$B$26,"기한초과",IF(N7-'00_최종안내'!$B$26<=3,"3일 이내","기한 내 진행")))) -> 목표일 미입력 | P7: =IF(M7="완료","완료",IF(H7="","실제 담당자 지정",IF(I7="","증빙 경로 등록",IF(NOT(ISNUMBER(J7)),"확인일 입력",IF(L7="","확인자 입력","입력 상태 검토"))))) -> 증빙 경로 등록
A8: U03 | B8: 최우선 | C8: 기안 채번·부서·기안자·결재 | D8: 기안 담당 / 사내 승인권자 | E8: 실제 채번 및 작성·검토·승인 이력 확인 | F8: 기안번호대장·결재 완료본 | G8: 비용 지급 전 | H8: 박철호 | K8: 미확인 | M8: =IF(OR(K8="완료",K8="비적용"),IF(AND(H8<>"",I8<>"",ISNUMBER(J8),L8<>""),"완료","근거 확인 필요"),K8) -> 미확인 | N8: 26.11.02 | O8: =IF(NOT(ISNUMBER(N8)),"목표일 미입력",IF(M8="완료",IF(J8<=N8,"기한 내 확인","기한 후 확인"),IF(N8<'00_최종안내'!$B$26,"기한초과",IF(N8-'00_최종안내'!$B$26<=3,"3일 이내","기한 내 진행")))) -> 목표일 미입력 | P8: =IF(M8="완료","완료",IF(H8="","실제 담당자 지정",IF(I8="","증빙 경로 등록",IF(NOT(ISNUMBER(J8)),"확인일 입력",IF(L8="","확인자 입력","입력 상태 검토"))))) -> 증빙 경로 등록
A9: U04 | B9: 최우선 | C9: 청구금액 319만원 지급 증빙 | D9: 회계 담당 | E9: 세금계산서·실제 지급일·송금증·전표 대조 | F9: 세금계산서·지급전표·송금확인 | G9: 심사 시작일 7일 전 | H9: 안혜정 | K9: 미확인 | M9: =IF(OR(K9="완료",K9="비적용"),IF(AND(H9<>"",I9<>"",ISNUMBER(J9),L9<>""),"완료","근거 확인 필요"),K9) -> 미확인 | N9: 26.11.06 | O9: =IF(NOT(ISNUMBER(N9)),"목표일 미입력",IF(M9="완료",IF(J9<=N9,"기한 내 확인","기한 후 확인"),IF(N9<'00_최종안내'!$B$26,"기한초과",IF(N9-'00_최종안내'!$B$26<=3,"3일 이내","기한 내 진행")))) -> 목표일 미입력 | P9: =IF(M9="완료","완료",IF(AND(M6="완료",M8="완료"),IF(H9="","실제 담당자 지정",IF(I9="","증빙 경로 등록",IF(NOT(ISNUMBER(J9)),"확인일 입력",IF(L9="","확인자 입력","입력 상태 검토")))),"선행항목 확인: U01·U03")) -> 선행항목 확인: U01·U03
A10: U05 | B10: 우선 | C10: 숙박비·이체수수료 확정 | D10: 총무 / 회계 | E10: 숙박 필요·박수·견적과 이체수수료 확인 후 추가예산 반영 | F10: 숙박견적·추가예산 승인 | G10: 추가 비용 집행 전 | H10: 안혜정 | K10: 미확인 | M10: =IF(OR(K10="완료",K10="비적용"),IF(AND(H10<>"",I10<>"",ISNUMBER(J10),L10<>""),"완료","근거 확인 필요"),K10) -> 미확인 | N10: 26.11.06 | O10: =IF(NOT(ISNUMBER(N10)),"목표일 미입력",IF(M10="완료",IF(J10<=N10,"기한 내 확인","기한 후 확인"),IF(N10<'00_최종안내'!$B$26,"기한초과",IF(N10-'00_최종안내'!$B$26<=3,"3일 이내","기한 내 진행")))) -> 목표일 미입력 | P10: =IF(M10="완료","완료",IF(AND(M6="완료"),IF(H10="","실제 담당자 지정",IF(I10="","증빙 경로 등록",IF(NOT(ISNUMBER(J10)),"확인일 입력",IF(L10="","확인자 입력","입력 상태 검토")))),"선행항목 확인: U01")) -> 선행항목 확인: U01
A11: U06 | B11: 우선 | C11: 책임자·대체자·부서 담당 확정 | D11: 경영지원 / 김주태 이사 | E11: 문서상 품질 김주태·생산 김흥수·양산품질 이광재를 현행 임명장·조직도와 대조 | F11: 현행 조직도·임명·업무분장 | G11: 변경문서 승인 전 | H11: 박철호 | K11: 미확인 | M11: =IF(OR(K11="완료",K11="비적용"),IF(AND(H11<>"",I11<>"",ISNUMBER(J11),L11<>""),"완료","근거 확인 필요"),K11) -> 미확인 | N11: 26.11.06 | O11: =IF(NOT(ISNUMBER(N11)),"목표일 미입력",IF(M11="완료",IF(J11<=N11,"기한 내 확인","기한 후 확인"),IF(N11<'00_최종안내'!$B$26,"기한초과",IF(N11-'00_최종안내'!$B$26<=3,"3일 이내","기한 내 진행")))) -> 목표일 미입력 | P11: =IF(M11="완료","완료",IF(H11="","실제 담당자 지정",IF(I11="","증빙 경로 등록",IF(NOT(ISNUMBER(J11)),"확인일 입력",IF(L11="","확인자 입력","입력 상태 검토"))))) -> 증빙 경로 등록
A12: U07 | B12: 우선 | C12: 검토수정본 4개 검토·결재 | D12: 문서관리 / 김주태 이사 / 승인권자 | E12: 통합본·QP002·FM122·FM101~121 변경내역 검토. 실제 승인·시행일 기록 | F12: 변경문서 결재·등록 근거 | G12: 현장 배포 전 | H12: 박철호 | K12: 미확인 | M12: =IF(OR(K12="완료",K12="비적용"),IF(AND(H12<>"",I12<>"",ISNUMBER(J12),L12<>""),"완료","근거 확인 필요"),K12) -> 미확인 | N12: 26.11.06 | O12: =IF(NOT(ISNUMBER(N12)),"목표일 미입력",IF(M12="완료",IF(J12<=N12,"기한 내 확인","기한 후 확인"),IF(N12<'00_최종안내'!$B$26,"기한초과",IF(N12-'00_최종안내'!$B$26<=3,"3일 이내","기한 내 진행")))) -> 목표일 미입력 | P12: =IF(M12="완료","완료",IF(AND(M11="완료"),IF(H12="","실제 담당자 지정",IF(I12="","증빙 경로 등록",IF(NOT(ISNUMBER(J12)),"확인일 입력",IF(L12="","확인자 입력","입력 상태 검토")))),"선행항목 확인: U06")) -> 선행항목 확인: U06
A13: U08 | B13: 우선 | C13: 양식별 담당·보존기준 확정 | D13: 각 부서 / 품질 | E13: FM122 02 작성계획 H·I·J열 입력. 고객·법규의 기록별 특정기간 대조 | F13: 작성계획·보존기간표·고객 근거 | G13: 실제 양식 운영 전 | H13: 박철호 | K13: 미확인 | M13: =IF(OR(K13="완료",K13="비적용"),IF(AND(H13<>"",I13<>"",ISNUMBER(J13),L13<>""),"완료","근거 확인 필요"),K13) -> 미확인 | N13: 26.11.06 | O13: =IF(NOT(ISNUMBER(N13)),"목표일 미입력",IF(M13="완료",IF(J13<=N13,"기한 내 확인","기한 후 확인"),IF(N13<'00_최종안내'!$B$26,"기한초과",IF(N13-'00_최종안내'!$B$26<=3,"3일 이내","기한 내 진행")))) -> 목표일 미입력 | P13: =IF(M13="완료","완료",IF(AND(M12="완료"),IF(H13="","실제 담당자 지정",IF(I13="","증빙 경로 등록",IF(NOT(ISNUMBER(J13)),"확인일 입력",IF(L13="","확인자 입력","입력 상태 검토")))),"선행항목 확인: U07")) -> 선행항목 확인: U07
A14: U09 | B14: 우선 | C14: 측정·검사·공급자 평가기준 입력 | D14: 개발 / 품질 / 구매 | E14: 해당 품번 도면·CP·고객요구에 따른 항목·규격·샘플링·평가기준 확정 | F14: 승인 도면·CP·평가기준 | G14: 검사·평가 실시 전 | H14: 박철호 | K14: 미확인 | M14: =IF(OR(K14="완료",K14="비적용"),IF(AND(H14<>"",I14<>"",ISNUMBER(J14),L14<>""),"완료","근거 확인 필요"),K14) -> 미확인 | N14: 26.11.06 | O14: =IF(NOT(ISNUMBER(N14)),"목표일 미입력",IF(M14="완료",IF(J14<=N14,"기한 내 확인","기한 후 확인"),IF(N14<'00_최종안내'!$B$26,"기한초과",IF(N14-'00_최종안내'!$B$26<=3,"3일 이내","기한 내 진행")))) -> 목표일 미입력 | P14: =IF(M14="완료","완료",IF(AND(M13="완료"),IF(H14="","실제 담당자 지정",IF(I14="","증빙 경로 등록",IF(NOT(ISNUMBER(J14)),"확인일 입력",IF(L14="","확인자 입력","입력 상태 검토")))),"선행항목 확인: U08")) -> 선행항목 확인: U08
A15: U10 | B15: 우선 | C15: 실제 운영증빙 20개 영역 확보 | D15: 각 부서 / 품질 취합 | E15: 02_운영증빙에 원본 경로·대상기간·기록번호·확인자 입력 | F15: 실제 원본 및 승인 이력 | G15: 모의심사 전 | H15: 박철호 | K15: 미확인 | M15: =IF(OR(K15="완료",K15="비적용"),IF(AND(H15<>"",I15<>"",ISNUMBER(J15),L15<>""),"완료","근거 확인 필요"),K15) -> 미확인 | N15: 26.11.06 | O15: =IF(NOT(ISNUMBER(N15)),"목표일 미입력",IF(M15="완료",IF(J15<=N15,"기한 내 확인","기한 후 확인"),IF(N15<'00_최종안내'!$B$26,"기한초과",IF(N15-'00_최종안내'!$B$26<=3,"3일 이내","기한 내 진행")))) -> 목표일 미입력 | P15: =IF(M15="완료","완료",IF(AND(M13="완료",M14="완료"),IF(H15="","실제 담당자 지정",IF(I15="","증빙 경로 등록",IF(NOT(ISNUMBER(J15)),"확인일 입력",IF(L15="","확인자 입력","입력 상태 검토")))),"선행항목 확인: U08·U09")) -> 선행항목 확인: U08·U09
A16: U11 | B16: 우선 | C16: 직전 심사 지적·고객 CSR 확인 | D16: 품질 / 영업 | E16: 직전 NC 종결회신·재발방지, 고객 최신요구·특별상태 대조 | F16: 외부심사 보고서·종결·CSR 원본 | G16: 모의심사 전 | H16: 박철호 | K16: 미확인 | M16: =IF(OR(K16="완료",K16="비적용"),IF(AND(H16<>"",I16<>"",ISNUMBER(J16),L16<>""),"완료","근거 확인 필요"),K16) -> 미확인 | N16: 26.11.06 | O16: =IF(NOT(ISNUMBER(N16)),"목표일 미입력",IF(M16="완료",IF(J16<=N16,"기한 내 확인","기한 후 확인"),IF(N16<'00_최종안내'!$B$26,"기한초과",IF(N16-'00_최종안내'!$B$26<=3,"3일 이내","기한 내 진행")))) -> 목표일 미입력 | P16: =IF(M16="완료","완료",IF(H16="","실제 담당자 지정",IF(I16="","증빙 경로 등록",IF(NOT(ISNUMBER(J16)),"확인일 입력",IF(L16="","확인자 입력","입력 상태 검토"))))) -> 증빙 경로 등록
A17: U12 | B17: 우선 | C17: 모의심사·LOT 정역추적 실행 | D17: 품질 / 생산 / 자재 | E17: 03_모의심사 20항목 실시. 대표 LOT 정·역추적과 실제 소요시간 확인 | F17: 실시기록·표본 LOT·실측 결과 | G17: 본심사 전 | H17: 박철호 | K17: 미확인 | M17: =IF(OR(K17="완료",K17="비적용"),IF(AND(H17<>"",I17<>"",ISNUMBER(J17),L17<>""),"완료","근거 확인 필요"),K17) -> 미확인 | N17: 26.11.06 | O17: =IF(NOT(ISNUMBER(N17)),"목표일 미입력",IF(M17="완료",IF(J17<=N17,"기한 내 확인","기한 후 확인"),IF(N17<'00_최종안내'!$B$26,"기한초과",IF(N17-'00_최종안내'!$B$26<=3,"3일 이내","기한 내 진행")))) -> 목표일 미입력 | P17: =IF(M17="완료","완료",IF(AND(M15="완료",M16="완료"),IF(H17="","실제 담당자 지정",IF(I17="","증빙 경로 등록",IF(NOT(ISNUMBER(J17)),"확인일 입력",IF(L17="","확인자 입력","입력 상태 검토")))),"선행항목 확인: U10·U11")) -> 선행항목 확인: U10·U11
A18: U13 | B18: 우선 | C18: 발견사항 시정·효과검증 | D18: 해당 부서 / 품질 | E18: 05_시정조치에 봉쇄·원인·조치·효과·종결 기록 | F18: 조치 전후 원본·효과 검증 | G18: 합의 완료기한 내 | H18: 박철호 | K18: 미확인 | M18: =IF(OR(K18="완료",K18="비적용"),IF(AND(H18<>"",I18<>"",ISNUMBER(J18),L18<>""),"완료","근거 확인 필요"),K18) -> 미확인 | N18: 26.11.06 | O18: =IF(NOT(ISNUMBER(N18)),"목표일 미입력",IF(M18="완료",IF(J18<=N18,"기한 내 확인","기한 후 확인"),IF(N18<'00_최종안내'!$B$26,"기한초과",IF(N18-'00_최종안내'!$B$26<=3,"3일 이내","기한 내 진행")))) -> 목표일 미입력 | P18: =IF(M18="완료","완료",IF(AND(M17="완료"),IF(H18="","실제 담당자 지정",IF(I18="","증빙 경로 등록",IF(NOT(ISNUMBER(J18)),"확인일 입력",IF(L18="","확인자 입력","입력 상태 검토")))),"선행항목 확인: U12")) -> 선행항목 확인: U12
A19: U14 | B19: 최종 | C19: 승인본 배포·구본회수·제출 | D19: 문서관리 / 승인권자 | E19: 검토수정본 승인 후 배포본 지정. 06_최종판정 및 제출목록 확인 | F19: 승인·배포·수령·회수·제출 이력 | G19: 본심사 자료제출 전 | H19: 박철호 | K19: 미확인 | M19: =IF(OR(K19="완료",K19="비적용"),IF(AND(H19<>"",I19<>"",ISNUMBER(J19),L19<>""),"완료","근거 확인 필요"),K19) -> 미확인 | N19: 26.11.06 | O19: =IF(NOT(ISNUMBER(N19)),"목표일 미입력",IF(M19="완료",IF(J19<=N19,"기한 내 확인","기한 후 확인"),IF(N19<'00_최종안내'!$B$26,"기한초과",IF(N19-'00_최종안내'!$B$26<=3,"3일 이내","기한 내 진행")))) -> 목표일 미입력 | P19: =IF(M19="완료","완료",IF(AND(M12="완료",M15="완료",M17="완료",M18="완료"),IF(H19="","실제 담당자 지정",IF(I19="","증빙 경로 등록",IF(NOT(ISNUMBER(J19)),"확인일 입력",IF(L19="","확인자 입력","입력 상태 검토")))),"선행항목 확인: U07·U10·U12·U13")) -> 선행항목 확인: U07·U10·U12·U13

Sheet 02_운영증빙
A2: 실제 운영증빙 20개 영역
A3: 실제 원본 경로·대상기간·기록번호·검토자·확인일을 입력합니다. 빈 양식이나 작성 예시만으로 확인 처리하지 않습니다.
A5: ID | B5: 영역 | C5: 연계 문서 | D5: 확보할 실제 증거 | E5: 주관(안) | F5: 확인 작업 | G5: 입력 상태 | H5: 실제 담당자 | I5: 원본 경로 | J5: 대상기간 | K5: 기록번호·비적용 근거 | L5: 검토자 | M5: 확인일 | N5: 최종 상태 | O5: 연계 모의심사 | P5: 다음 확인사항
A6: E01 | B6: 매뉴얼 | C6: SH-QM-001 Rev.03 | D6: 승인근거·실제 배포 이력 | E6: 품질 / 문서관리(안) | F6: 서명 또는 전자결재와 배포기록 대조 | G6: 미확인 | N6: =IF(OR(G6="증빙 확인",G6="비적용"),IF(AND(H6<>"",I6<>"",J6<>"",K6<>"",L6<>"",ISNUMBER(M6)),"확인","근거 확인 필요"),G6) -> 미확인 | O6: M01 | P6: =IF(N6="확인","확인",IF(H6="","실제 담당자 지정",IF(I6="","원본 경로 등록",IF(J6="","대상기간 입력",IF(K6="","기록번호·비적용 근거 입력",IF(L6="","검토자 입력",IF(NOT(ISNUMBER(M6)),"확인일 입력","입력 상태 검토"))))))) -> 실제 담당자 지정
A7: E02 | B7: 절차서 | C7: SH-QP-001~025 Rev.03 | D7: 최신 승인본·현장 적용 일치 | E7: 품질 / 각 부서(안) | F7: 현행 목록과 제출본 버전 확정 | G7: 미확인 | N7: =IF(OR(G7="증빙 확인",G7="비적용"),IF(AND(H7<>"",I7<>"",J7<>"",K7<>"",L7<>"",ISNUMBER(M7)),"확인","근거 확인 필요"),G7) -> 미확인 | O7: M01 | P7: =IF(N7="확인","확인",IF(H7="","실제 담당자 지정",IF(I7="","원본 경로 등록",IF(J7="","대상기간 입력",IF(K7="","기록번호·비적용 근거 입력",IF(L7="","검토자 입력",IF(NOT(ISNUMBER(M7)),"확인일 입력","입력 상태 검토"))))))) -> 실제 담당자 지정
A8: E03 | B8: 작업표준 | C8: SH-WI-001~030 Rev.03 | D8: 현장 비치·교육·배포기록 | E8: 생산 / 품질(안) | F8: 대표 공정의 현장 사용본 대조 | G8: 미확인 | N8: =IF(OR(G8="증빙 확인",G8="비적용"),IF(AND(H8<>"",I8<>"",J8<>"",K8<>"",L8<>"",ISNUMBER(M8)),"확인","근거 확인 필요"),G8) -> 미확인 | O8: M01 | P8: =IF(N8="확인","확인",IF(H8="","실제 담당자 지정",IF(I8="","원본 경로 등록",IF(J8="","대상기간 입력",IF(K8="","기록번호·비적용 근거 입력",IF(L8="","검토자 입력",IF(NOT(ISNUMBER(M8)),"확인일 입력","입력 상태 검토"))))))) -> 실제 담당자 지정
A9: E04 | B9: FM 목록·승인 | C9: SH-FM-122 Rev.00 수정본5 | D9: 승인·등록일·실제 담당자·보존기준 | E9: 문서관리(안) | F9: 현행 승인근거로 상태와 연결파일 갱신 | G9: 미확인 | N9: =IF(OR(G9="증빙 확인",G9="비적용"),IF(AND(H9<>"",I9<>"",J9<>"",K9<>"",L9<>"",ISNUMBER(M9)),"확인","근거 확인 필요"),G9) -> 미확인 | O9: M01 | P9: =IF(N9="확인","확인",IF(H9="","실제 담당자 지정",IF(I9="","원본 경로 등록",IF(J9="","대상기간 입력",IF(K9="","기록번호·비적용 근거 입력",IF(L9="","검토자 입력",IF(NOT(ISNUMBER(M9)),"확인일 입력","입력 상태 검토"))))))) -> 실제 담당자 지정
A10: E05 | B10: 현장 기록 | C10: SH-FM-101~121 Rev.03 수정본11 | D10: 최근 실제 기록과 작성·확인 이력 | E10: 각 주관부서(안) | F10: 실제 기록철과 전산원본 경로 연결 | G10: 미확인 | N10: =IF(OR(G10="증빙 확인",G10="비적용"),IF(AND(H10<>"",I10<>"",J10<>"",K10<>"",L10<>"",ISNUMBER(M10)),"확인","근거 확인 필요"),G10) -> 미확인 | O10: M01 | P10: =IF(N10="확인","확인",IF(H10="","실제 담당자 지정",IF(I10="","원본 경로 등록",IF(J10="","대상기간 입력",IF(K10="","기록번호·비적용 근거 입력",IF(L10="","검토자 입력",IF(NOT(ISNUMBER(M10)),"확인일 입력","입력 상태 검토"))))))) -> 실제 담당자 지정
A11: E06 | B11: 제품안전 | C11: SH-FM-066~069 Rev.00 | D11: 제품안전 요구·책임·특성·점검 기록 | E11: 품질 / 제품안전(안) | F11: 적용품목과 승인·운영 근거 확보 | G11: 미확인 | N11: =IF(OR(G11="증빙 확인",G11="비적용"),IF(AND(H11<>"",I11<>"",J11<>"",K11<>"",L11<>"",ISNUMBER(M11)),"확인","근거 확인 필요"),G11) -> 미확인 | O11: M08 | P11: =IF(N11="확인","확인",IF(H11="","실제 담당자 지정",IF(I11="","원본 경로 등록",IF(J11="","대상기간 입력",IF(K11="","기록번호·비적용 근거 입력",IF(L11="","검토자 입력",IF(NOT(ISNUMBER(M11)),"확인일 입력","입력 상태 검토"))))))) -> 실제 담당자 지정
A12: E07 | B12: SPC | C12: SH-FM-078~080 Rev.00 | D12: 실측값·분석·이상조치 기록 | E12: 품질 / 생산(안) | F12: 대표 특성의 원자료와 분석결과 확보 | G12: 미확인 | N12: =IF(OR(G12="증빙 확인",G12="비적용"),IF(AND(H12<>"",I12<>"",J12<>"",K12<>"",L12<>"",ISNUMBER(M12)),"확인","근거 확인 필요"),G12) -> 미확인 | O12: M09 | P12: =IF(N12="확인","확인",IF(H12="","실제 담당자 지정",IF(I12="","원본 경로 등록",IF(J12="","대상기간 입력",IF(K12="","기록번호·비적용 근거 입력",IF(L12="","검토자 입력",IF(NOT(ISNUMBER(M12)),"확인일 입력","입력 상태 검토"))))))) -> 실제 담당자 지정
A13: E08 | B13: 품질비용·개선 | C13: SH-FM-096 / SH-FM-094 | D13: 월별 실제 비용·개선효과·승인 | E13: 품질 / 회계(안) | F13: 월별 집계와 비용 원장·과제결과 연결 | G13: 미확인 | N13: =IF(OR(G13="증빙 확인",G13="비적용"),IF(AND(H13<>"",I13<>"",J13<>"",K13<>"",L13<>"",ISNUMBER(M13)),"확인","근거 확인 필요"),G13) -> 미확인 | O13: M10 | P13: =IF(N13="확인","확인",IF(H13="","실제 담당자 지정",IF(I13="","원본 경로 등록",IF(J13="","대상기간 입력",IF(K13="","기록번호·비적용 근거 입력",IF(L13="","검토자 입력",IF(NOT(ISNUMBER(M13)),"확인일 입력","입력 상태 검토"))))))) -> 실제 담당자 지정
A14: E09 | B14: 내부심사 | C14: 연간 프로그램·QMS/공정/제품심사 | D14: 실시일·심사원 역량·3종 결과·종결 | E14: 품질부서(안) | F14: 이번 심사 대상기간의 실제 결과 확보 | G14: 미확인 | N14: =IF(OR(G14="증빙 확인",G14="비적용"),IF(AND(H14<>"",I14<>"",J14<>"",K14<>"",L14<>"",ISNUMBER(M14)),"확인","근거 확인 필요"),G14) -> 미확인 | O14: M03 | P14: =IF(N14="확인","확인",IF(H14="","실제 담당자 지정",IF(I14="","원본 경로 등록",IF(J14="","대상기간 입력",IF(K14="","기록번호·비적용 근거 입력",IF(L14="","검토자 입력",IF(NOT(ISNUMBER(M14)),"확인일 입력","입력 상태 검토"))))))) -> 실제 담당자 지정
A15: E10 | B15: 경영검토 | C15: 입력·회의록·출력·후속조치 | D15: 최근 실제 회의자료·결정·후속완료 | E15: 경영층 / 품질(안) | F15: 회의록과 입력자료·완료증거 연결 | G15: 미확인 | N15: =IF(OR(G15="증빙 확인",G15="비적용"),IF(AND(H15<>"",I15<>"",J15<>"",K15<>"",L15<>"",ISNUMBER(M15)),"확인","근거 확인 필요"),G15) -> 미확인 | O15: M04 | P15: =IF(N15="확인","확인",IF(H15="","실제 담당자 지정",IF(I15="","원본 경로 등록",IF(J15="","대상기간 입력",IF(K15="","기록번호·비적용 근거 입력",IF(L15="","검토자 입력",IF(NOT(ISNUMBER(M15)),"확인일 입력","입력 상태 검토"))))))) -> 실제 담당자 지정
A16: E11 | B16: 고객성과·CSR | C16: 한온 등 적용 고객별 자료 | D16: 최신 CSR·스코어카드·PPM·납기·불만 | E16: 영업 / 품질(안) | F16: 심사 대상기간과 적용 고객을 확정해 수집 | G16: 미확인 | N16: =IF(OR(G16="증빙 확인",G16="비적용"),IF(AND(H16<>"",I16<>"",J16<>"",K16<>"",L16<>"",ISNUMBER(M16)),"확인","근거 확인 필요"),G16) -> 미확인 | O16: M05 | P16: =IF(N16="확인","확인",IF(H16="","실제 담당자 지정",IF(I16="","원본 경로 등록",IF(J16="","대상기간 입력",IF(K16="","기록번호·비적용 근거 입력",IF(L16="","검토자 입력",IF(NOT(ISNUMBER(M16)),"확인일 입력","입력 상태 검토"))))))) -> 실제 담당자 지정
A17: E12 | B17: 개발·변경 | C17: APQP·PPAP·PFD·PFMEA·CP | D17: 실제 제품 세트·고객승인·변경근거 | E17: 개발 / 품질(안) | F17: 동일 품번·공정·특별특성 상호대조 | G17: 미확인 | N17: =IF(OR(G17="증빙 확인",G17="비적용"),IF(AND(H17<>"",I17<>"",J17<>"",K17<>"",L17<>"",ISNUMBER(M17)),"확인","근거 확인 필요"),G17) -> 미확인 | O17: M06·M20 | P17: =IF(N17="확인","확인",IF(H17="","실제 담당자 지정",IF(I17="","원본 경로 등록",IF(J17="","대상기간 입력",IF(K17="","기록번호·비적용 근거 입력",IF(L17="","검토자 입력",IF(NOT(ISNUMBER(M17)),"확인일 입력","입력 상태 검토"))))))) -> 실제 담당자 지정
... A25: E20 | B25: 직전 외부심사 | C25: 보고서·NC·종결회신 | D25: 직전 심사결과·시정조치·기관 종결 | E25: 품질부서(안) | F25: 기관 보고서와 종결 증빙을 우선 확보 | G25: 미확인 | N25: =IF(OR(G25="증빙 확인",G25="비적용"),IF(AND(H25<>"",I25<>"",J25<>"",K25<>"",L25<>"",ISNUMBER(M25)),"확인","근거 확인 필요"),G25) -> 미확인 | O25: M16·M20 | P25: =IF(N25="확인","확인",IF(H25="","실제 담당자 지정",IF(I25="","원본 경로 등록",IF(J25="","대상기간 입력",IF(K25="","기록번호·비적용 근거 입력",IF(L25="","검토자 입력",IF(NOT(ISNUMBER(M25)),"확인일 입력","입력 상태 검토"))))))) -> 실제 담당자 지정

Sheet 03_모의심사
A2: 모의심사와 인터뷰 실행
A3: 기존 실제 결과 입력칸 유지. M열에서 해당 질문의 운영증빙 또는 신청자료 확인상태를 자동 대조합니다. 실제 실시 결과와 구분합니다.
A5: ID | B5: 심사 질문 | C5: 답변·현장 확인기준 | D5: 대응부서(안) | E5: 연계항목 | F5: 실제 결과 | G5: 실시일 | H5: 응답자 | I5: 객관적 증거 | J5: 확인자 | K5: 연계 시정조치 | L5: 최종 상태 | M5: 선행 증빙 상태
A6: M01 | B6: 최신 문서는 어디서 확인하고 구본 사용은 어떻게 막습니까? | C6: 최신본 조회와 실제 배포·회수 사례를 제시 | D6: 문서관리 | E6: E01~E05 | F6: 미실시 | L6: =IF(OR(F6="적합",F6="비적용"),IF(AND(ISNUMBER(G6),H6<>"",I6<>"",J6<>""),"확인","근거 확인 필요"),F6) -> 미실시 | M6: =IF(AND('02_운영증빙'!N6="확인",'02_운영증빙'!N7="확인",'02_운영증빙'!N8="확인",'02_운영증빙'!N9="확인",'02_운영증빙'!N10="확인"),"선행증빙 확인","원본 확인 대기") -> 원본 확인 대기
A7: M02 | B7: 심사범위와 사업장·지원기능·교대는 실제 운영과 같습니까? | C7: 인증서·계획·현행 조직 및 교대정보 대조 | D7: 품질 / 인사 | E7: U01·U02 | F7: 미실시 | L7: =IF(OR(F7="적합",F7="비적용"),IF(AND(ISNUMBER(G7),H7<>"",I7<>"",J7<>""),"확인","근거 확인 필요"),F7) -> 미실시 | M7: =IF(AND('01_사용자정리'!M6="완료",'01_사용자정리'!M7="완료"),"선행증빙 확인","원본 확인 대기") -> 원본 확인 대기
A8: M03 | B8: 최근 내부심사에서 무엇을 발견했고 어떻게 종결했습니까? | C8: QMS·공정·제품심사 실제 결과와 시정·효과 증빙 | D8: 품질 | E8: E09 | F8: 미실시 | L8: =IF(OR(F8="적합",F8="비적용"),IF(AND(ISNUMBER(G8),H8<>"",I8<>"",J8<>""),"확인","근거 확인 필요"),F8) -> 미실시 | M8: =IF(AND('02_운영증빙'!N14="확인"),"선행증빙 확인","원본 확인 대기") -> 원본 확인 대기
A9: M04 | B9: 경영검토에서 무엇을 결정했고 이행되었습니까? | C9: 입력자료·회의록·결정·책임·완료근거 연결 | D9: 경영 / 품질 | E9: E10 | F9: 미실시 | L9: =IF(OR(F9="적합",F9="비적용"),IF(AND(ISNUMBER(G9),H9<>"",I9<>"",J9<>""),"확인","근거 확인 필요"),F9) -> 미실시 | M9: =IF(AND('02_운영증빙'!N15="확인"),"선행증빙 확인","원본 확인 대기") -> 원본 확인 대기
A10: M05 | B10: 고객의 최신 요구와 품질성과는 어떻게 관리합니까? | C10: 적용 CSR·스코어카드·실적·미달조치 제시 | D10: 영업 / 품질 | E10: E11 | F10: 미실시 | L10: =IF(OR(F10="적합",F10="비적용"),IF(AND(ISNUMBER(G10),H10<>"",I10<>"",J10<>""),"확인","근거 확인 필요"),F10) -> 미실시 | M10: =IF(AND('02_운영증빙'!N16="확인"),"선행증빙 확인","원본 확인 대기") -> 원본 확인 대기
A11: M06 | B11: 이 품번의 공정흐름·PFMEA·CP·WI는 일치합니까? | C11: 동일 품번·공정번호·특별특성·반응계획 연결 | D11: 개발 / 품질 | E11: E12 | F11: 미실시 | L11: =IF(OR(F11="적합",F11="비적용"),IF(AND(ISNUMBER(G11),H11<>"",I11<>"",J11<>""),"확인","근거 확인 필요"),F11) -> 미실시 | M11: =IF(AND('02_운영증빙'!N17="확인"),"선행증빙 확인","원본 확인 대기") -> 원본 확인 대기
A12: M07 | B12: 이 출하 LOT의 원자재·설비·검사·납품처를 추적해 주세요. | C12: 대표 LOT의 정·역추적과 수량 대조. 내부 WI005 목표 1시간은 실제 시간으로 검증 | D12: 생산관리 / 자재 | E12: E13 | F12: 미실시 | L12: =IF(OR(F12="적합",F12="비적용"),IF(AND(ISNUMBER(G12),H12<>"",I12<>"",J12<>""),"확인","근거 확인 필요"),F12) -> 미실시 | M12: =IF(AND('02_운영증빙'!N18="확인"),"선행증빙 확인","원본 확인 대기") -> 원본 확인 대기
A13: M08 | B13: 제품안전 특성과 이상보고 책임은 누구입니까? | C13: 적용요구·책임·교육·에스컬레이션 실제 근거 | D13: 제품안전 / 품질 | E13: E06 | F13: 미실시 | L13: =IF(OR(F13="적합",F13="비적용"),IF(AND(ISNUMBER(G13),H13<>"",I13<>"",J13<>""),"확인","근거 확인 필요"),F13) -> 미실시 | M13: =IF(AND('02_운영증빙'!N11="확인"),"선행증빙 확인","원본 확인 대기") -> 원본 확인 대기
A14: M09 | B14: SPC 특성에서 이상이 발생하면 어떻게 조치합니까? | C14: 실측 원자료·관리기준·판정·제품 봉쇄·효과 제시 | D14: 생산 / 품질 | E14: E07 | F14: 미실시 | L14: =IF(OR(F14="적합",F14="비적용"),IF(AND(ISNUMBER(G14),H14<>"",I14<>"",J14<>""),"확인","근거 확인 필요"),F14) -> 미실시 | M14: =IF(AND('02_운영증빙'!N12="확인"),"선행증빙 확인","원본 확인 대기") -> 원본 확인 대기
A15: M10 | B15: 품질비용과 개선과제는 실제 금액·효과로 확인됩니까? | C15: 비용 원장·COPQ·과제 전후 실적 연결 | D15: 품질 / 회계 | E15: E08 | F15: 미실시 | L15: =IF(OR(F15="적합",F15="비적용"),IF(AND(ISNUMBER(G15),H15<>"",I15<>"",J15<>""),"확인","근거 확인 필요"),F15) -> 미실시 | M15: =IF(AND('02_운영증빙'!N13="확인"),"선행증빙 확인","원본 확인 대기") -> 원본 확인 대기
A16: M11 | B16: 이 측정기는 유효하고 이 특성 측정에 적합합니까? | C16: 교정·MSA·이탈영향 평가와 CP 적용 확인 | D16: 품질 | E16: E14 | F16: 미실시 | L16: =IF(OR(F16="적합",F16="비적용"),IF(AND(ISNUMBER(G16),H16<>"",I16<>"",J16<>""),"확인","근거 확인 필요"),F16) -> 미실시 | M16: =IF(AND('02_운영증빙'!N19="확인"),"선행증빙 확인","원본 확인 대기") -> 원본 확인 대기
A17: M12 | B17: 설비보전 계획 대비 미실시·고장은 어떻게 처리합니까? | C17: 중요설비 점검·보전·고장·복구·지연조치 기록 | D17: 설비 / 생산 | E17: E15 | F17: 미실시 | L17: =IF(OR(F17="적합",F17="비적용"),IF(AND(ISNUMBER(G17),H17<>"",I17<>"",J17<>""),"확인","근거 확인 필요"),F17) -> 미실시 | M17: =IF(AND('02_운영증빙'!N20="확인"),"선행증빙 확인","원본 확인 대기") -> 원본 확인 대기
A18: M13 | B18: 이 작업자는 작업·특별특성·이상조치를 설명할 수 있습니까? | C18: 실제 작업 관찰·교육·역량평가·자격 대조 | D18: 생산 / 교육 | E18: E16 | F18: 미실시 | L18: =IF(OR(F18="적합",F18="비적용"),IF(AND(ISNUMBER(G18),H18<>"",I18<>"",J18<>""),"확인","근거 확인 필요"),F18) -> 미실시 | M18: =IF(AND('02_운영증빙'!N21="확인"),"선행증빙 확인","원본 확인 대기") -> 원본 확인 대기
A19: M14 | B19: 공급자 평가는 어떤 기준과 실제 성과로 결정합니까? | C19: 승인 평가기준·품질·납기·후속조치 제시 | D19: 구매 / 품질 | E19: E17 | F19: 미실시 | L19: =IF(OR(F19="적합",F19="비적용"),IF(AND(ISNUMBER(G19),H19<>"",I19<>"",J19<>""),"확인","근거 확인 필요"),F19) -> 미실시 | M19: =IF(AND('02_운영증빙'!N22="확인"),"선행증빙 확인","원본 확인 대기") -> 원본 확인 대기
A20: M15 | B20: 부적합품과 재작업품의 혼입을 어떻게 막습니까? | C20: 격리·처분·재검사·원 LOT·승인 이력 | D20: 생산 / 품질 | E20: E18 | F20: 미실시 | L20: =IF(OR(F20="적합",F20="비적용"),IF(AND(ISNUMBER(G20),H20<>"",I20<>"",J20<>""),"확인","근거 확인 필요"),F20) -> 미실시 | M20: =IF(AND('02_운영증빙'!N23="확인"),"선행증빙 확인","원본 확인 대기") -> 원본 확인 대기
A21: M16 | B21: 최근 고객불만은 재발하지 않는다고 어떻게 확인했습니까? | C21: 실제 8D·수평전개·효과 기준·관찰결과 제시 | D21: 품질 | E21: E18·E20 | F21: 미실시 | L21: =IF(OR(F21="적합",F21="비적용"),IF(AND(ISNUMBER(G21),H21<>"",I21<>"",J21<>""),"확인","근거 확인 필요"),F21) -> 미실시 | M21: =IF(AND('02_운영증빙'!N23="확인",'02_운영증빙'!N25="확인"),"선행증빙 확인","원본 확인 대기") -> 원본 확인 대기
A22: M17 | B22: 스캔본과 종이 원본이 다르면 어떻게 처리합니까? | C22: QP018의 보류·원본대조·재스캔·긴급추적 승인과 FM363 실제 기록 | D22: 품질 / 자재출하 | E22: E13·E19 | F22: 미실시 | L22: =IF(OR(F22="적합",F22="비적용"),IF(AND(ISNUMBER(G22),H22<>"",I22<>"",J22<>""),"확인","근거 확인 필요"),F22) -> 미실시 | M22: =IF(AND('02_운영증빙'!N18="확인",'02_운영증빙'!N24="확인"),"선행증빙 확인","원본 확인 대기") -> 원본 확인 대기
A23: M18 | B23: 백업 파일을 실제로 복구해 본 결과를 보여주세요. | C23: QP018 내부 기준 월 1회·무작위 3건과 FM364 실제 결과 대조 | D23: 품질 / 관리 | E23: E19 | F23: 미실시 | L23: =IF(OR(F23="적합",F23="비적용"),IF(AND(ISNUMBER(G23),H23<>"",I23<>"",J23<>""),"확인","근거 확인 필요"),F23) -> 미실시 | M23: =IF(AND('02_운영증빙'!N24="확인"),"선행증빙 확인","원본 확인 대기") -> 원본 확인 대기
A24: M19 | B24: 비상상황 후 고객 공급과 제품 적합성을 어떻게 확인합니까? | C24: 실제 훈련·고객통보 판단·복구·재개검증·개선 | D24: 생산 / 품질 | E24: E19 | F24: 미실시 | L24: =IF(OR(F24="적합",F24="비적용"),IF(AND(ISNUMBER(G24),H24<>"",I24<>"",J24<>""),"확인","근거 확인 필요"),F24) -> 미실시 | M24: =IF(AND('02_운영증빙'!N24="확인"),"선행증빙 확인","원본 확인 대기") -> 원본 확인 대기
A25: M20 | B25: 직전 심사 지적과 주요 변경은 현재도 관리됩니까? | C25: 기관 종결·현장 재발 여부·변경승인·고객승인 근거 | D25: 품질 / 개발 | E25: E20·E12 | F25: 미실시 | L25: =IF(OR(F25="적합",F25="비적용"),IF(AND(ISNUMBER(G25),H25<>"",I25<>"",J25<>""),"확인","근거 확인 필요"),F25) -> 미실시 | M25: =IF(AND('02_운영증빙'!N25="확인",'02_운영증빙'!N17="확인"),"선행증빙 확인","원본 확인 대기") -> 원본 확인 대기

Sheet 04_요청기록
A2: 심사 요청자료 기록
A3: 실제 요청이 발생하면 요청·담당·제시자료·제시시각을 기록합니다. 고객·개인정보가 포함된 제출본은 권한자의 확인을 받습니다.
A5: 번호 | B5: 요청시각 | C5: 심사원·요청자 | D5: 요청 내용 | E5: 담당자 | F5: 제시 자료·버전 | G5: 제시시각 | H5: 상태 | I5: 후속조치
A6: 1
A7: 2
A8: 3
A9: 4
A10: 5
A11: 6
A12: 7
A13: 8
A14: 9
A15: 10
A16: 11
A17: 12
... A25: 20

Sheet 05_시정조치
A2: 발견사항과 시정조치
A3: 실제 발견사항만 등록합니다. 조치 완료와 효과검증·종결은 구분합니다. 기한은 기관 또는 사내 합의기한을 실제로 입력합니다.
A5: 관리번호 | B5: 출처·일자 | C5: 발견사항·객관적 증거 | D5: 요구기준 | E5: 즉시 봉쇄 | F5: 근본원인 | G5: 영구조치 | H5: 담당 | I5: 기한 | J5: 완료일 | K5: 효과기준·관찰기간 | L5: 효과 결과·증빙 | M5: 검증자 | N5: 종결일 | O5: 입력 상태 | P5: 최종 상태 | Q5: 기한판정
A6: NC01 | O6: 미등록 | P6: =IF(C6="","미등록",IF(O6="종결",IF(AND(E6<>"",F6<>"",G6<>"",H6<>"",ISNUMBER(J6),K6<>"",L6<>"",M6<>"",ISNUMBER(N6)),"종결","종결근거 확인 필요"),IF(O6="미등록","진행중",O6))) -> 미등록 | Q6: =IF(C6="","미등록",IF(NOT(ISNUMBER(I6)),"기한 미입력",IF(P6="종결",IF(N6<=I6,"기한 내 종결","기한 후 종결"),IF(I6<'00_최종안내'!$B$26,"기한초과",IF(I6-'00_최종안내'!$B$26<=3,"3일 이내","기한 내 진행"))))) -> 미등록
A7: NC02 | O7: 미등록 | P7: =IF(C7="","미등록",IF(O7="종결",IF(AND(E7<>"",F7<>"",G7<>"",H7<>"",ISNUMBER(J7),K7<>"",L7<>"",M7<>"",ISNUMBER(N7)),"종결","종결근거 확인 필요"),IF(O7="미등록","진행중",O7))) -> 미등록 | Q7: =IF(C7="","미등록",IF(NOT(ISNUMBER(I7)),"기한 미입력",IF(P7="종결",IF(N7<=I7,"기한 내 종결","기한 후 종결"),IF(I7<'00_최종안내'!$B$26,"기한초과",IF(I7-'00_최종안내'!$B$26<=3,"3일 이내","기한 내 진행"))))) -> 미등록
A8: NC03 | O8: 미등록 | P8: =IF(C8="","미등록",IF(O8="종결",IF(AND(E8<>"",F8<>"",G8<>"",H8<>"",ISNUMBER(J8),K8<>"",L8<>"",M8<>"",ISNUMBER(N8)),"종결","종결근거 확인 필요"),IF(O8="미등록","진행중",O8))) -> 미등록 | Q8: =IF(C8="","미등록",IF(NOT(ISNUMBER(I8)),"기한 미입력",IF(P8="종결",IF(N8<=I8,"기한 내 종결","기한 후 종결"),IF(I8<'00_최종안내'!$B$26,"기한초과",IF(I8-'00_최종안내'!$B$26<=3,"3일 이내","기한 내 진행"))))) -> 미등록
A9: NC04 | O9: 미등록 | P9: =IF(C9="","미등록",IF(O9="종결",IF(AND(E9<>"",F9<>"",G9<>"",H9<>"",ISNUMBER(J9),K9<>"",L9<>"",M9<>"",ISNUMBER(N9)),"종결","종결근거 확인 필요"),IF(O9="미등록","진행중",O9))) -> 미등록 | Q9: =IF(C9="","미등록",IF(NOT(ISNUMBER(I9)),"기한 미입력",IF(P9="종결",IF(N9<=I9,"기한 내 종결","기한 후 종결"),IF(I9<'00_최종안내'!$B$26,"기한초과",IF(I9-'00_최종안내'!$B$26<=3,"3일 이내","기한 내 진행"))))) -> 미등록
A10: NC05 | O10: 미등록 | P10: =IF(C10="","미등록",IF(O10="종결",IF(AND(E10<>"",F10<>"",G10<>"",H10<>"",ISNUMBER(J10),K10<>"",L10<>"",M10<>"",ISNUMBER(N10)),"종결","종결근거 확인 필요"),IF(O10="미등록","진행중",O10))) -> 미등록 | Q10: =IF(C10="","미등록",IF(NOT(ISNUMBER(I10)),"기한 미입력",IF(P10="종결",IF(N10<=I10,"기한 내 종결","기한 후 종결"),IF(I10<'00_최종안내'!$B$26,"기한초과",IF(I10-'00_최종안내'!$B$26<=3,"3일 이내","기한 내 진행"))))) -> 미등록
A11: NC06 | O11: 미등록 | P11: =IF(C11="","미등록",IF(O11="종결",IF(AND(E11<>"",F11<>"",G11<>"",H11<>"",ISNUMBER(J11),K11<>"",L11<>"",M11<>"",ISNUMBER(N11)),"종결","종결근거 확인 필요"),IF(O11="미등록","진행중",O11))) -> 미등록 | Q11: =IF(C11="","미등록",IF(NOT(ISNUMBER(I11)),"기한 미입력",IF(P11="종결",IF(N11<=I11,"기한 내 종결","기한 후 종결"),IF(I11<'00_최종안내'!$B$26,"기한초과",IF(I11-'00_최종안내'!$B$26<=3,"3일 이내","기한 내 진행"))))) -> 미등록
A12: NC07 | O12: 미등록 | P12: =IF(C12="","미등록",IF(O12="종결",IF(AND(E12<>"",F12<>"",G12<>"",H12<>"",ISNUMBER(J12),K12<>"",L12<>"",M12<>"",ISNUMBER(N12)),"종결","종결근거 확인 필요"),IF(O12="미등록","진행중",O12))) -> 미등록 | Q12: =IF(C12="","미등록",IF(NOT(ISNUMBER(I12)),"기한 미입력",IF(P12="종결",IF(N12<=I12,"기한 내 종결","기한 후 종결"),IF(I12<'00_최종안내'!$B$26,"기한초과",IF(I12-'00_최종안내'!$B$26<=3,"3일 이내","기한 내 진행"))))) -> 미등록
A13: NC08 | O13: 미등록 | P13: =IF(C13="","미등록",IF(O13="종결",IF(AND(E13<>"",F13<>"",G13<>"",H13<>"",ISNUMBER(J13),K13<>"",L13<>"",M13<>"",ISNUMBER(N13)),"종결","종결근거 확인 필요"),IF(O13="미등록","진행중",O13))) -> 미등록 | Q13: =IF(C13="","미등록",IF(NOT(ISNUMBER(I13)),"기한 미입력",IF(P13="종결",IF(N13<=I13,"기한 내 종결","기한 후 종결"),IF(I13<'00_최종안내'!$B$26,"기한초과",IF(I13-'00_최종안내'!$B$26<=3,"3일 이내","기한 내 진행"))))) -> 미등록
A14: NC09 | O14: 미등록 | P14: =IF(C14="","미등록",IF(O14="종결",IF(AND(E14<>"",F14<>"",G14<>"",H14<>"",ISNUMBER(J14),K14<>"",L14<>"",M14<>"",ISNUMBER(N14)),"종결","종결근거 확인 필요"),IF(O14="미등록","진행중",O14))) -> 미등록 | Q14: =IF(C14="","미등록",IF(NOT(ISNUMBER(I14)),"기한 미입력",IF(P14="종결",IF(N14<=I14,"기한 내 종결","기한 후 종결"),IF(I14<'00_최종안내'!$B$26,"기한초과",IF(I14-'00_최종안내'!$B$26<=3,"3일 이내","기한 내 진행"))))) -> 미등록
A15: NC10 | O15: 미등록 | P15: =IF(C15="","미등록",IF(O15="종결",IF(AND(E15<>"",F15<>"",G15<>"",H15<>"",ISNUMBER(J15),K15<>"",L15<>"",M15<>"",ISNUMBER(N15)),"종결","종결근거 확인 필요"),IF(O15="미등록","진행중",O15))) -> 미등록 | Q15: =IF(C15="","미등록",IF(NOT(ISNUMBER(I15)),"기한 미입력",IF(P15="종결",IF(N15<=I15,"기한 내 종결","기한 후 종결"),IF(I15<'00_최종안내'!$B$26,"기한초과",IF(I15-'00_최종안내'!$B$26<=3,"3일 이내","기한 내 진행"))))) -> 미등록
A16: NC11 | O16: 미등록 | P16: =IF(C16="","미등록",IF(O16="종결",IF(AND(E16<>"",F16<>"",G16<>"",H16<>"",ISNUMBER(J16),K16<>"",L16<>"",M16<>"",ISNUMBER(N16)),"종결","종결근거 확인 필요"),IF(O16="미등록","진행중",O16))) -> 미등록 | Q16: =IF(C16="","미등록",IF(NOT(ISNUMBER(I16)),"기한 미입력",IF(P16="종결",IF(N16<=I16,"기한 내 종결","기한 후 종결"),IF(I16<'00_최종안내'!$B$26,"기한초과",IF(I16-'00_최종안내'!$B$26<=3,"3일 이내","기한 내 진행"))))) -> 미등록
A17: NC12 | O17: 미등록 | P17: =IF(C17="","미등록",IF(O17="종결",IF(AND(E17<>"",F17<>"",G17<>"",H17<>"",ISNUMBER(J17),K17<>"",L17<>"",M17<>"",ISNUMBER(N17)),"종결","종결근거 확인 필요"),IF(O17="미등록","진행중",O17))) -> 미등록 | Q17: =IF(C17="","미등록",IF(NOT(ISNUMBER(I17)),"기한 미입력",IF(P17="종결",IF(N17<=I17,"기한 내 종결","기한 후 종결"),IF(I17<'00_최종안내'!$B$26,"기한초과",IF(I17-'00_최종안내'!$B$26<=3,"3일 이내","기한 내 진행"))))) -> 미등록
... A20: NC15 | O20: 미등록 | P20: =IF(C20="","미등록",IF(O20="종결",IF(AND(E20<>"",F20<>"",G20<>"",H20<>"",ISNUMBER(J20),K20<>"",L20<>"",M20<>"",ISNUMBER(N20)),"종결","종결근거 확인 필요"),IF(O20="미등록","진행중",O20))) -> 미등록 | Q20: =IF(C20="","미등록",IF(NOT(ISNUMBER(I20)),"기한 미입력",IF(P20="종결",IF(N20<=I20,"기한 내 종결","기한 후 종결"),IF(I20<'00_최종안내'!$B$26,"기한초과",IF(I20-'00_최종안내'!$B$26<=3,"3일 이내","기한 내 진행"))))) -> 미등록

Sheet 06_최종판정
A2: 최종 준비조건과 제출 판정
A3: 계산 결과는 점검 누락을 찾는 용도입니다. 실제 제출·배포는 승인권자가 근거를 검토한 후 판정합니다.
A5: 구분 | B5: 완료 조건 | C5: 현재 값 | D5: 판정
A6: 사용자 정리 | B6: 14개 항목 모두 근거·담당·확인일·확인자 확인 | C6: =COUNTIF('01_사용자정리'!M6:M19,"완료") -> 0 | D6: =IF(C6=14,"조건 확인","미확인 항목 있음") -> 미확인 항목 있음
A7: 운영증빙 | B7: 20개 영역 실제 증빙 또는 비적용 근거 확인 | C7: =COUNTIF('02_운영증빙'!N6:N25,"확인") -> 0 | D7: =IF(C7=20,"조건 확인","미확인 증빙 있음") -> 미확인 증빙 있음
A8: 모의심사 | B8: 20개 항목 실시·증빙·확인자 확인 | C8: =COUNTIF('03_모의심사'!L6:L25,"확인") -> 0 | D8: =IF(C8=20,"조건 확인","미실시·미확인 있음") -> 미실시·미확인 있음
A9: 미종결 조치 | B9: 등록된 실제 발견사항 중 미종결 0건 | C9: =COUNTA('05_시정조치'!C6:C20)-COUNTIF('05_시정조치'!P6:P20,"종결") -> 0 | D9: =IF(C9=0,"등록분 미종결 0건","미종결 조치 있음") -> 등록분 미종결 0건
A10: 종합 확인 | B10: 상기 네 조건과 모의심사 선행증빙 20항목 확인 후 승인권자 검토 | C10: =COUNTIF('03_모의심사'!M6:M25,"선행증빙 확인") -> 0 | D10: =IF(AND(C6=14,C7=20,C8=20,C9=0,C10=20),"승인권자 최종검토 필요","준비조건 확인 필요") -> 준비조건 확인 필요
A13: 최종 실제 판정 | B13: 판정일 | C13: 판정자 | D13: 근거·남은 조건
A15: 배포본 경로 | B15: 배포일 | C15: 배포 담당 | D15: 구본회수 근거
A17: 제출대상·자료목록 | B17: 제출일 | C17: 제출 담당 | D17: 기관 수령확인

Sheet 07_변경내역
A2: 변경 반영내역
A3: 이번 수정본 4개만 변경내역을 검토합니다. 개정번호 Rev.03·Rev.00은 원본 기준 식별이며 새로운 공식 개정을 임의 부여하지 않았습니다.
A5: ID | B5: 수정본 | C5: 이번 반영내용 | D5: 작성 상태 | E5: 사용자 확인·승인 | F5: 파일명
A6: C01 | B6: 통합본 Rev.03 검토수정본 | C6: QP002 관련기록 표현 / QP018 7.4.3·7.4.9 / 목차 24항목 페이지 중복 해소 | D6: 내용 반영 완료 | E6: 실제 변경 승인·시행·배포 | F6: SH_QMS_Integrated_Rev03_REVIEW_20261026.docx
A7: C02 | B7: QP002 Rev.03 검토수정본 | C7: 8절 문서관리 기록과 도면일치성 기준문서 참조 구분 | D7: 내용 반영 완료 | E7: 실제 변경 승인·시행·배포 | F7: SH_QP002_Rev03_REVIEW_20261026.docx
A8: C03 | B8: FM122 Rev.00 검토수정본 | C8: FM101~121 Rev.03 대조 / 파일연결 / 승인상태 / 기록 보존기준 안내 | D8: 내용 반영 완료 | E8: 실제 담당·운영일·개별 보존기준·결재 근거 | F8: SH_FM122_Rev00_REVIEW_20261026.xlsx
A9: C04 | B9: FM101~121 Rev.03 검토수정본 | C9: 안내 시트의 보존기준·연계목록·검토수정본 상태 정리. 21개 개별 양식 데이터·서식 보존 | D9: 내용 반영 완료 | E9: 실제 검사기준·담당자·운영기록·승인 | F9: SH_FM101_121_Rev03_REVIEW_20261026.xlsx

Sheet 08_제출목록
A2: 심사자료 제출 준비목록
A3: 119개 편집본 기준입니다. 수정본 4개는 이번 묶음에, 나머지는 보존한 원본 ZIP에 있습니다. 실제 제출은 승인된 버전을 선택합니다.
A5: 순번 | B5: 구분 | C5: 원본 ZIP 내부 경로 | D5: 개정 식별 | E5: 확인·변경사항 | F5: 이번 묶음 내 위치 | G5: 실제 승인근거 | H5: 제출 확인
A6: 1 | B6: QP | C6: 02_절차서_QP/원본_편집용/001_SH-QP-001_경영검토절차서_Rev03_수정본2.docx | D6: Rev.03 (본문·파일 기준) | E6: 본문 텍스트·참조 추출 확인 | F6: 03_Reference_Original/SH_QMS_Source_20261013_v2.zip 내부 원경로
A7: 2 | B7: QP | C7: 02_절차서_QP/원본_편집용/002_SH-QP-002_문서화된정보관리절차서_Rev03_수정본8.docx | D7: Rev.03 (본문·파일 기준) | E7: 이번 변경 반영 / 변경 승인대기 | F7: 01_Review_Documents/SH_QP002_Rev03_REVIEW_20261026.docx
A8: 3 | B8: QP | C8: 02_절차서_QP/원본_편집용/003_SH-QP-003_기록관리절차서_Rev03_수정본3.docx | D8: Rev.03 (본문·파일 기준) | E8: 본문 텍스트·참조 추출 확인 | F8: 03_Reference_Original/SH_QMS_Source_20261013_v2.zip 내부 원경로
A9: 4 | B9: QP | C9: 02_절차서_QP/원본_편집용/004_SH-QP-004_리스크및기회관리절차서_Rev03_수정본2.docx | D9: Rev.03 (본문·파일 기준) | E9: 본문 텍스트·참조 추출 확인 | F9: 03_Reference_Original/SH_QMS_Source_20261013_v2.zip 내부 원경로
A10: 5 | B10: QP | C10: 02_절차서_QP/원본_편집용/005_SH-QP-005_내부심사절차서_Rev03_수정본2.docx | D10: Rev.03 (본문·파일 기준) | E10: 본문 텍스트·참조 추출 확인 | F10: 03_Reference_Original/SH_QMS_Source_20261013_v2.zip 내부 원경로
A11: 6 | B11: QP | C11: 02_절차서_QP/원본_편집용/006_SH-QP-006_교육훈련및역량관리절차서_Rev03_수정본2.docx | D11: Rev.03 (본문·파일 기준) | E11: 본문 텍스트·참조 추출 확인 | F11: 03_Reference_Original/SH_QMS_Source_20261013_v2.zip 내부 원경로
A12: 7 | B12: QP | C12: 02_절차서_QP/원본_편집용/007_SH-QP-007_설비및예방보전관리절차서_Rev03_수정본2.docx | D12: Rev.03 (본문·파일 기준) | E12: 본문 텍스트·참조 추출 확인 | F12: 03_Reference_Original/SH_QMS_Source_20261013_v2.zip 내부 원경로
A13: 8 | B13: QP | C13: 02_절차서_QP/원본_편집용/008_SH-QP-008_모니터링및측정자원관리절차서_Rev03_수정본2.docx | D13: Rev.03 (본문·파일 기준) | E13: 본문 텍스트·참조 추출 확인 | F13: 03_Reference_Original/SH_QMS_Source_20261013_v2.zip 내부 원경로
A14: 9 | B14: QP | C14: 02_절차서_QP/원본_편집용/009_SH-QP-009_고객요구사항및계약검토절차서_Rev03_수정본2.docx | D14: Rev.03 (본문·파일 기준) | E14: 본문 텍스트·참조 추출 확인 | F14: 03_Reference_Original/SH_QMS_Source_20261013_v2.zip 내부 원경로
A15: 10 | B15: QP | C15: 02_절차서_QP/원본_편집용/010_SH-QP-010_APQP및PPAP관리절차서_Rev03_수정본2.docx | D15: Rev.03 (본문·파일 기준) | E15: 본문 텍스트·참조 추출 확인 | F15: 03_Reference_Original/SH_QMS_Source_20261013_v2.zip 내부 원경로
A16: 11 | B16: QP | C16: 02_절차서_QP/원본_편집용/011_SH-QP-011_구매및협력사관리절차서_Rev03_수정본2.docx | D16: Rev.03 (본문·파일 기준) | E16: 본문 텍스트·참조 추출 확인 | F16: 03_Reference_Original/SH_QMS_Source_20261013_v2.zip 내부 원경로
A17: 12 | B17: QP | C17: 02_절차서_QP/원본_편집용/012_SH-QP-012_생산및공정관리절차서_Rev03_수정본2.docx | D17: Rev.03 (본문·파일 기준) | E17: 본문 텍스트·참조 추출 확인 | F17: 03_Reference_Original/SH_QMS_Source_20261013_v2.zip 내부 원경로
... A124: 119 | B124: FM 워크북 | C124: 04_기록양식_FM/원본_편집용/062_SH-FM-368_사내자재코드표_Rev00_수정본2.xlsx | D124: Rev00 | E124: 시트구성 확인 / 3시트 | F124: 03_Reference_Original/SH_QMS_Source_20261013_v2.zip 내부 원경로

Sheet 09_FM연결확인
A2: FM 참조 연결과 추가 확인
A3: 식별자 직접 매칭이 안 된 경우에도 양식 부재로 단정하지 않습니다. 범위표현·별도 원본·대체양식을 확인하고 근거를 입력합니다.
A5: FM번호 | B5: 참조문서 수 | C5: 참조 문서 표본 | D5: 식별 연결된 워크북 | E5: 대조 상태 | F5: 판정 범위 | G5: 추가 확인 근거
A6: SH-FM-001 | B6: 4 | C6: 002_SH-QP-002_문서화된정보관리절차서_Rev03_수정본8.docx 021_SH-QP-021_품질목표및KPI관리절차서_Rev03_수정본2.docx 001_SH-QM-001_품질경영매뉴얼_Rev03_수정본7.docx 외 1개 | D6: 제목・시트명·파일명에서 직접 매칭되지 않음 | E6: 실물 대조 필요 | F6: 연결은 양식 식별 기준이며 실제 작성·승인 확인과 별개
A7: SH-FM-013 | B7: 1 | C7: SH_QMS_통합문서_Rev03_20260929_수정본16.docx | D7: 제목・시트명·파일명에서 직접 매칭되지 않음 | E7: 실물 대조 필요 | F7: 연결은 양식 식별 기준이며 실제 작성·승인 확인과 별개
A8: SH-FM-015 | B8: 1 | C8: SH_QMS_통합문서_Rev03_20260929_수정본16.docx | D8: 제목・시트명·파일명에서 직접 매칭되지 않음 | E8: 실물 대조 필요 | F8: 연결은 양식 식별 기준이며 실제 작성·승인 확인과 별개
A9: SH-FM-018 | B9: 1 | C9: SH_QMS_통합문서_Rev03_20260929_수정본16.docx | D9: 제목・시트명·파일명에서 직접 매칭되지 않음 | E9: 실물 대조 필요 | F9: 연결은 양식 식별 기준이며 실제 작성·승인 확인과 별개
A10: SH-FM-025 | B10: 1 | C10: SH_QMS_통합문서_Rev03_20260929_수정본16.docx | D10: 제목・시트명·파일명에서 직접 매칭되지 않음 | E10: 실물 대조 필요 | F10: 연결은 양식 식별 기준이며 실제 작성·승인 확인과 별개
A11: SH-FM-026 | B11: 1 | C11: SH_QMS_통합문서_Rev03_20260929_수정본16.docx | D11: 제목・시트명·파일명에서 직접 매칭되지 않음 | E11: 실물 대조 필요 | F11: 연결은 양식 식별 기준이며 실제 작성·승인 확인과 별개
A12: SH-FM-027 | B12: 1 | C12: SH_QMS_통합문서_Rev03_20260929_수정본16.docx | D12: 제목・시트명·파일명에서 직접 매칭되지 않음 | E12: 실물 대조 필요 | F12: 연결은 양식 식별 기준이며 실제 작성·승인 확인과 별개
A13: SH-FM-028 | B13: 1 | C13: SH_QMS_통합문서_Rev03_20260929_수정본16.docx | D13: 제목・시트명·파일명에서 직접 매칭되지 않음 | E13: 실물 대조 필요 | F13: 연결은 양식 식별 기준이며 실제 작성·승인 확인과 별개
A14: SH-FM-041 | B14: 1 | C14: SH_QMS_통합문서_Rev03_20260929_수정본16.docx | D14: 제목・시트명·파일명에서 직접 매칭되지 않음 | E14: 실물 대조 필요 | F14: 연결은 양식 식별 기준이며 실제 작성·승인 확인과 별개
A15: SH-FM-043 | B15: 1 | C15: SH_QMS_통합문서_Rev03_20260929_수정본16.docx | D15: 제목・시트명·파일명에서 직접 매칭되지 않음 | E15: 실물 대조 필요 | F15: 연결은 양식 식별 기준이며 실제 작성·승인 확인과 별개
A16: SH-FM-044 | B16: 1 | C16: SH_QMS_통합문서_Rev03_20260929_수정본16.docx | D16: 제목・시트명·파일명에서 직접 매칭되지 않음 | E16: 실물 대조 필요 | F16: 연결은 양식 식별 기준이며 실제 작성·승인 확인과 별개
A17: SH-FM-051 | B17: 1 | C17: SH_QMS_통합문서_Rev03_20260929_수정본16.docx | D17: 제목・시트명·파일명에서 직접 매칭되지 않음 | E17: 실물 대조 필요 | F17: 연결은 양식 식별 기준이며 실제 작성·승인 확인과 별개
... A84: SH-FM-366 | B84: 1 | C84: SH_QMS_통합문서_Rev03_20260929_수정본16.docx | D84: 060_SH-FM-366_공급자정기평가표_Rev00_수정본2.xlsx | E84: 식별 연결 확인 | F84: 연결은 양식 식별 기준이며 실제 작성·승인 확인과 별개

Sheet 10_비용일정
A2: 비용과 지급일 확인
A3: 청구서 NQA202610-2101(2026-10-21) 및 기안 작성본 기준. 숙박비·수수료는 별도이며 실제 지급·승인 근거가 필요합니다.
A5: 항목 | B5: 금액·입력값 | C5: 조건·근거
A6: 기획검토 비용 | B6: 450000 | C6: 청구 확인
A7: 사후심사 비용 | B7: 2250000 | C7: 청구 확인
A8: 등록 유지비 | B8: 200000 | C8: 청구 확인
A9: 출장비 | B9: 190000 | C9: 청구 확인
A10: 심사비 네고 | B10: -190000 | C10: 차감
A11: 공급가액 | B11: =SUM(B6:B10) -> 2900000 | C11: 세부항목 합계
A12: VAT | B12: =ROUND(B11*10%,0) -> 290000 | C12: 10%
A13: 청구 총액 | B13: =SUM(B11:B12) -> 3190000 | C13: VAT 포함
A14: 숙박비 | C14: 실제 필요·금액 확인
A15: 이체수수료 | C15: 실제 금액 확인
A16: 심사 시작일 | C16: 일정통보서 기준 입력
A17: 지급기한 | B17: =IF(B16="","",B16-7) | C17: 시작일 7일 전
A18: 실제 지급일 | C18: 실제 송금일 입력
A19: 지급·승인 근거 | C19: 결재·세금계산서·전표 경로
A20: 지급기한 상태 | B20: =IF(B16="","심사일 미확정",IF(B18="","실제 지급일 미확인",IF(B18<=B17,"기한 내 지급","지급기한 초과"))) -> 심사일 미확정 | C20: 실제 지급근거와 함께 검토
