Workbook

Sheet 양식
B2: ■ 부적합품 관리대장
B4: 일자 | C4: 차종 | D4: 품명 | E4: 품번 | F4: 수량 | G4: 확인 | H4: 비고

Sheet 양식 (260818) 품번항목삭제,불량명항목추가
B2: ■ 부적합품 관리대장
B4: 일자 | C4: 차종 | D4: 품명 | E4: 불량명 | F4: 수량 | G4: 확인 | H4: 비고

Sheet 양식 (260909) 문서번호부여
B2: ■ 부적합품 관리대장
B4: 일자 | C4: 차종 | D4: 품명 | E4: 불량명 | F4: 수량 | G4: 확인 | H4: 비고

Sheet DATA
J1: 작성 | K1: 검토 | L1: 승인
B2: ■ 부적합품 관리대장_2026년 | G2: =SUM(G5:G5283) -> 5527 | J2: 박미광 | K2: 박철호 | L2: 조현우
B4: 일자 | C4: 공정 | D4: 차종 | E4: 품명 | F4: 불량명 | G4: 수량 | H4: 확인 | I4: 비고
B5: 46197 | C5: 1동 | D5: US4 | E5: =IFERROR(VLOOKUP(D5,Sheet1!B:F,4,0),"") | F5: 찍힘 | G5: 1
B6: 46202 | C6: 1동 | D6: JK1 | E6: =IFERROR(VLOOKUP(D6,Sheet1!B:F,4,0),"") | F6: 찍힘 | G6: 1
B7: 46206 | C7: 1동 | D7: CN8 HTR | E7: =IFERROR(VLOOKUP(D7,Sheet1!B:F,4,0),"") | F7: 작업불량(변형) | G7: 1
B8: 46210 | C8: 1동 | D8: NX5 | E8: =IFERROR(VLOOKUP(D8,Sheet1!B:F,4,0),"") | F8: 찍힘 | G8: 1
B9: 46213 | C9: 1동 | D9: V710 HTR AA | E9: =IFERROR(VLOOKUP(D9,Sheet1!B:F,4,0),"") | F9: 변형 | G9: 1
B10: 46216 | C10: 1동 | D10: V710 EVAP IN | E10: =IFERROR(VLOOKUP(D10,Sheet1!B:F,4,0),"") | F10: 작업불량 | G10: 1
B11: 46218 | C11: 1동 | D11: CN8 HTR OUT | E11: =IFERROR(VLOOKUP(D11,Sheet1!B:F,4,0),"") | F11: 작업불량 | G11: 1
B12: 46223 | C12: 1동 | D12: V710 HTR OUT RA | E12: =IFERROR(VLOOKUP(D12,Sheet1!B:F,4,0),"") -> OUTLET TUBE-HTR | F12: 찍힘 | G12: 1
B13: 46223 | C13: 1동 | D13: V710 HTR IN RA | E13: =IFERROR(VLOOKUP(D13,Sheet1!B:F,4,0),"") -> INLET TUBE-HTR | F13: 치수미달 | G13: 5
B14: 46223 | C14: 1동 | D14: V710 EVAP IN AA | E14: =IFERROR(VLOOKUP(D14,Sheet1!B:F,4,0),"") -> TUBE INLET-EVAP CORE | F14: 찍힘 | G14: 3
B15: 46223 | C15: 1동 | D15: V710 HTR IN AA | E15: =IFERROR(VLOOKUP(D15,Sheet1!B:F,4,0),"") -> INLET TUBE-HTR | F15: 밴딩 | G15: 1
B16: 46223 | C16: 1동 | D16: V710 HTR IN AA | E16: =IFERROR(VLOOKUP(D16,Sheet1!B:F,4,0),"") -> INLET TUBE-HTR | F16: 찍힘 | G16: 3
... B35: 46225 | C35: 6동 | D35: NX5 JUMP TUBE AA | E35: =IFERROR(VLOOKUP(D35,Sheet1!B:F,4,0),"") -> JUMP TUBE AA 핀무 | F35: 셋팅 | G35: 4
B36: 46225 | C36: 6동 | D36: NX5 JUMP TUBE AA | E36: =IFERROR(VLOOKUP(D36,Sheet1!B:F,4,0),"") -> JUMP TUBE AA 핀무 | F36: 설비 | G36: 4 | I36: 파스피다 고장 에러 Ø12
B37: 46225 | C37: 6동 | D37: NX5 JUMP TUBE AA | E37: =IFERROR(VLOOKUP(D37,Sheet1!B:F,4,0),"") -> JUMP TUBE AA 핀무 | F37: 셋팅 | G37: 4
B38: 46225 | C38: 6동 | D38: NX5 JUMP TUBE AA | E38: =IFERROR(VLOOKUP(D38,Sheet1!B:F,4,0),"") -> JUMP TUBE AA 핀무 | F38: 셋팅 | G38: 16 | I38: Ø9
B39: 46225 | C39: 6동 | D39: NX5 JUMP TUBE AA | E39: =IFERROR(VLOOKUP(D39,Sheet1!B:F,4,0),"") -> JUMP TUBE AA 핀무 | F39: 밴딩 | G39: 4 | I39: Ø9
B40: 46226 | C40: 1동 | D40: V710 EVAP OUT RA | E40: =IFERROR(VLOOKUP(D40,Sheet1!B:F,4,0),"") -> TUBE OUTLET-EVAP CORE | G40: 1
B41: 46226 | C41: 1동 | D41: V710 EVAP OUT AA | E41: =IFERROR(VLOOKUP(D41,Sheet1!B:F,4,0),"") -> TUBE OUTLET-EVAP CORE | F41: 셋팅 | G41: 22
B42: 46226 | C42: 1동 | D42: NEaW AMC | E42: =IFERROR(VLOOKUP(D42,Sheet1!B:F,4,0),"") -> FT-ASY-A/C JUMPER | F42: 작업불량(찍힘) | G42: 2
B43: 46226 | C43: 1동 | D43: NEaW AMC | E43: =IFERROR(VLOOKUP(D43,Sheet1!B:F,4,0),"") -> FT-ASY-A/C JUMPER | F43: 밴딩 | G43: 1
B44: 46226 | C44: 1동 | D44: NEaW AMC | E44: =IFERROR(VLOOKUP(D44,Sheet1!B:F,4,0),"") -> FT-ASY-A/C JUMPER | F44: 용접 | G44: 1
B45: 46226 | C45: 1동 | D45: NEaW AAA | E45: =IFERROR(VLOOKUP(D45,Sheet1!B:F,4,0),"") -> FT-ASY-A/C JUMPER | F45: 작업불량(찍힘) | G45: 3
B46: 46226 | C46: 1동 | D46: NEaW AAA | E46: =IFERROR(VLOOKUP(D46,Sheet1!B:F,4,0),"") -> FT-ASY-A/C JUMPER | F46: 용접과열,핀홀 | G46: 6
B47: 46226 | C47: 1동 | D47: NEaW AAA | E47: =IFERROR(VLOOKUP(D47,Sheet1!B:F,4,0),"") -> FT-ASY-A/C JUMPER | F47: 작업불량(찌그러짐) | G47: 5
B48: 46226 | C48: 1동 | D48: NEaW AAA | E48: =IFERROR(VLOOKUP(D48,Sheet1!B:F,4,0),"") -> FT-ASY-A/C JUMPER | G48: 2
B49: 46226 | C49: 1동 | D49: JLR ZA | E49: =IFERROR(VLOOKUP(D49,Sheet1!B:F,4,0),"") -> COOLANT SPOUT-WCAC | G49: 1
B50: 46226 | C50: 1동 | D50: JLR CA | E50: =IFERROR(VLOOKUP(D50,Sheet1!B:F,4,0),"") -> COOLANT SPOUT-WCAC | G50: 2
B51: 46226 | C51: 1동 | D51: CN8 AA | E51: =IFERROR(VLOOKUP(D51,Sheet1!B:F,4,0),"") | F51: 코킹 | G51: 17 | I51: Ø15
B52: 46226 | C52: 1동 | D52: V710 EVAP OUT RA | E52: =IFERROR(VLOOKUP(D52,Sheet1!B:F,4,0),"") -> TUBE OUTLET-EVAP CORE | F52: 찍힘 | G52: 1
B53: 46226 | C53: 1동 | D53: JLR ZA | E53: =IFERROR(VLOOKUP(D53,Sheet1!B:F,4,0),"") -> COOLANT SPOUT-WCAC | F53: 눌림 | G53: 1
B54: 46226 | C54: 1동 | D54: JLR CA | E54: =IFERROR(VLOOKUP(D54,Sheet1!B:F,4,0),"") -> COOLANT SPOUT-WCAC | F54: 찍힘 | G54: 2
B55: 46227 | C55: 1동 | D55: V710 HTR IN RA | E55: =IFERROR(VLOOKUP(D55,Sheet1!B:F,4,0),"") -> INLET TUBE-HTR | G55: 14
B56: 46227 | C56: 1동 | D56: JLR AA | E56: =IFERROR(VLOOKUP(D56,Sheet1!B:F,4,0),"") -> COOLANT SPOUT-WCAC | F56: 찍힘 | G56: 1
B57: 46227 | C57: 1동 | D57: JLR ZA | E57: =IFERROR(VLOOKUP(D57,Sheet1!B:F,4,0),"") -> COOLANT SPOUT-WCAC | F57: 찍힘 | G57: 4
B58: 46227 | C58: 1동 | D58: JLR ZA | E58: =IFERROR(VLOOKUP(D58,Sheet1!B:F,4,0),"") -> COOLANT SPOUT-WCAC | F58: 칼라 역조립 | G58: 2
B59: 46228 | C59: 1동 | D59: JLR ZA | E59: =IFERROR(VLOOKUP(D59,Sheet1!B:F,4,0),"") -> COOLANT SPOUT-WCAC | F59: 칼라 역조립 | G59: 2
B60: 46228 | C60: 1동 | D60: JLR ZA | E60: =IFERROR(VLOOKUP(D60,Sheet1!B:F,4,0),"") -> COOLANT SPOUT-WCAC | F60: 찍힘 | G60: 1
B61: 46230 | C61: 1동 | D61: KU | E61: =IFERROR(VLOOKUP(D61,Sheet1!B:F,4,0),"") | F61: 찍힘 | G61: 2 | I61: Ø8
B62: 46230 | C62: 1동 | D62: V710 HTR IN AA | E62: =IFERROR(VLOOKUP(D62,Sheet1!B:F,4,0),"") -> INLET TUBE-HTR | F62: 밴딩 | G62: 2
B63: 46230 | C63: 1동 | D63: V710 HTR IN AA | E63: =IFERROR(VLOOKUP(D63,Sheet1!B:F,4,0),"") -> INLET TUBE-HTR | F63: 찍힘 | G63: 4
B64: 46230 | C64: 1동 | D64: JLR AA | E64: =IFERROR(VLOOKUP(D64,Sheet1!B:F,4,0),"") -> COOLANT SPOUT-WCAC | F64: 찍힘 | G64: 2
B65: 46230 | C65: 1동 | D65: JLR ZA | E65: =IFERROR(VLOOKUP(D65,Sheet1!B:F,4,0),"") -> COOLANT SPOUT-WCAC | F65: 칼라 역조립 | G65: 2
B66: 46230 | C66: 1동 | D66: V710 EVAP OUT RA | E66: =IFERROR(VLOOKUP(D66,Sheet1!B:F,4,0),"") -> TUBE OUTLET-EVAP CORE | F66: 찍힘 | G66: 6
B67: 46230 | C67: 1동 | D67: NX5 HTR OUT AA | E67: =IFERROR(VLOOKUP(D67,Sheet1!B:F,4,0),"") -> HTR OUT LHD | F67: 치수 | G67: 7
B68: 46230 | C68: 1동 | D68: NX5 HTR IN AA | E68: =IFERROR(VLOOKUP(D68,Sheet1!B:F,4,0),"") -> HTR IN LHD | F68: 포밍 | G68: 3
B69: 46231 | C69: 1동 | D69: NX5 HTR OUT AA | E69: =IFERROR(VLOOKUP(D69,Sheet1!B:F,4,0),"") -> HTR OUT LHD | F69: 밴딩 | G69: 5
B70: 46231 | C70: 1동 | D70: NX5 HTR OUT AA | E70: =IFERROR(VLOOKUP(D70,Sheet1!B:F,4,0),"") -> HTR OUT LHD | F70: 포밍 | G70: 1
B71: 46231 | C71: 1동 | D71: V710 HTR IN RA | E71: =IFERROR(VLOOKUP(D71,Sheet1!B:F,4,0),"") -> INLET TUBE-HTR | F71: 치수미달 | G71: 2
B72: 46231 | C72: 1동 | D72: V710 HTR IN RA | E72: =IFERROR(VLOOKUP(D72,Sheet1!B:F,4,0),"") -> INLET TUBE-HTR | F72: 찍힘 | G72: 1
B73: 46231 | C73: 1동 | D73: V710 EVAP OUT RA | E73: =IFERROR(VLOOKUP(D73,Sheet1!B:F,4,0),"") -> TUBE OUTLET-EVAP CORE | F73: 찍힘 | G73: 4
... B89: 46233 | C89: 1동 | D89: KU | E89: =IFERROR(VLOOKUP(D89,Sheet1!B:F,4,0),"") | F89: 밴딩 | G89: 2
B90: 46233 | C90: 1동 | D90: KU | E90: =IFERROR(VLOOKUP(D90,Sheet1!B:F,4,0),"") | F90: 찍힘 | G90: 6 | I90: Ø8
B91: 46233 | C91: 1동 | D91: NEaW AAA | E91: =IFERROR(VLOOKUP(D91,Sheet1!B:F,4,0),"") -> FT-ASY-A/C JUMPER | F91: 찍힘 | G91: 5
B92: 46233 | C92: 1동 | D92: NEaW AAA | E92: =IFERROR(VLOOKUP(D92,Sheet1!B:F,4,0),"") -> FT-ASY-A/C JUMPER | F92: 용접물과다 | G92: 5
B93: 46233 | C93: 1동 | D93: NEaW AAA | E93: =IFERROR(VLOOKUP(D93,Sheet1!B:F,4,0),"") -> FT-ASY-A/C JUMPER | F93: 핀홀 | G93: 2
B94: 46233 | C94: 1동 | D94: NEaW AMC | E94: =IFERROR(VLOOKUP(D94,Sheet1!B:F,4,0),"") -> FT-ASY-A/C JUMPER | F94: 플랜지 이탈 | G94: 64
B95: 46233 | C95: 1동 | D95: P702 | E95: =IFERROR(VLOOKUP(D95,Sheet1!B:F,4,0),"") | F95: 셋팅 | G95: 3
B96: 46233 | C96: 1동 | D96: SG2 | E96: =IFERROR(VLOOKUP(D96,Sheet1!B:F,4,0),"") | F96: 셋팅 | G96: 5
B97: 46234 | C97: 1동 | D97: V710 HTR IN AA | E97: =IFERROR(VLOOKUP(D97,Sheet1!B:F,4,0),"") -> INLET TUBE-HTR | F97: 밴딩 | G97: 4
B98: 46234 | C98: 1동 | D98: V710 HTR IN AA | E98: =IFERROR(VLOOKUP(D98,Sheet1!B:F,4,0),"") -> INLET TUBE-HTR | F98: 찍힘 | G98: 1
B99: 46234 | C99: 1동 | D99: V710 EVAP OUT AA | E99: =IFERROR(VLOOKUP(D99,Sheet1!B:F,4,0),"") -> TUBE OUTLET-EVAP CORE | F99: 찍힘 | G99: 21
B100: 46234 | C100: 1동 | D100: V710 EVAP OUT AA | E100: =IFERROR(VLOOKUP(D100,Sheet1!B:F,4,0),"") -> TUBE OUTLET-EVAP CORE | F100: 치수미달 | G100: 1
B101: 46234 | C101: 1동 | D101: SX3 | E101: =IFERROR(VLOOKUP(D101,Sheet1!B:F,4,0),"") -> 0 | F101: 작업불량 | G101: 5
B102: 46234 | C102: 1동 | D102: SX3 | E102: =IFERROR(VLOOKUP(D102,Sheet1!B:F,4,0),"") -> 0 | F102: 셋팅 | G102: 3
B103: 46234 | C103: 1동 | D103: NX5 JUMP TUBE CA | E103: =IFERROR(VLOOKUP(D103,Sheet1!B:F,4,0),"") -> JUMP TUBE CA 핀무 | F103: 밴딩 | G103: 1 | I103: Ø12
B104: 46234 | C104: 1동 | D104: JLR AA | E104: =IFERROR(VLOOKUP(D104,Sheet1!B:F,4,0),"") -> COOLANT SPOUT-WCAC | F104: 밴딩 | G104: 1
B105: 46234 | C105: 1동 | D105: JLR AA | E105: =IFERROR(VLOOKUP(D105,Sheet1!B:F,4,0),"") -> COOLANT SPOUT-WCAC | F105: 찍힘 | G105: 1
B106: 46240 | C106: 1동 | D106: P702 | E106: =IFERROR(VLOOKUP(D106,Sheet1!B:F,4,0),"") | F106: 셋팅 | G106: 8
B107: 46240 | C107: 1동 | D107: V710 EVAP OUT AA | E107: =IFERROR(VLOOKUP(D107,Sheet1!B:F,4,0),"") -> TUBE OUTLET-EVAP CORE | F107: 찍힘 | G107: 2
B108: 46240 | C108: 1동 | D108: CN8 HTR OUT AA | E108: =IFERROR(VLOOKUP(D108,Sheet1!B:F,4,0),"") -> HTR OUT PIPE LHD | F108: 포밍 | G108: 1
B109: 46240 | C109: 1동 | D109: CN8 HTR OUT AA | E109: =IFERROR(VLOOKUP(D109,Sheet1!B:F,4,0),"") -> HTR OUT PIPE LHD | F109: 밴딩 | G109: 1
B110: 46240 | C110: 1동 | D110: JLR ZA | E110: =IFERROR(VLOOKUP(D110,Sheet1!B:F,4,0),"") -> COOLANT SPOUT-WCAC | F110: 칼라 역조립 | G110: 1
B111: 46240 | C111: 1동 | D111: JLR ZA | E111: =IFERROR(VLOOKUP(D111,Sheet1!B:F,4,0),"") -> COOLANT SPOUT-WCAC | F111: 찌그러짐 | G111: 3
B112: 46240 | C112: 1동 | D112: JLR ZA | E112: =IFERROR(VLOOKUP(D112,Sheet1!B:F,4,0),"") -> COOLANT SPOUT-WCAC | F112: 찍힘 | G112: 3
B113: 46240 | C113: 1동 | D113: NX5 JUMP TUBE AA | E113: =IFERROR(VLOOKUP(D113,Sheet1!B:F,4,0),"") -> JUMP TUBE AA 핀무 | F113: Ø12 플랜지 역조립 | G113: 11
B114: 46240 | C114: 1동 | D114: NEaW AMD | E114: =IFERROR(VLOOKUP(D114,Sheet1!B:F,4,0),"") -> FT-ASY-A/C JUMPER | F114: 밴딩,찍힘,작불 | G114: 12
B115: 46241 | C115: 1동 | D115: V710 HTR OUT AA | E115: =IFERROR(VLOOKUP(D115,Sheet1!B:F,4,0),"") -> OUTLET TUBE-HTR | F115: 밴딩 | G115: 1
... B124: 46241 | C124: 6동 | D124: V710 EVAP OUT AA | E124: =IFERROR(VLOOKUP(D124,Sheet1!B:F,4,0),"") -> TUBE OUTLET-EVAP CORE | F124: 셋팅 | G124: 9
B125: 46241 | C125: 6동 | D125: NX5 JUMP TUBE | E125: =IFERROR(VLOOKUP(D125,Sheet1!B:F,4,0),"") | F125: 셋팅 | G125: 9 | I125: Ø12
B126: 46241 | C126: 6동 | D126: NX5 JUMP TUBE | E126: =IFERROR(VLOOKUP(D126,Sheet1!B:F,4,0),"") | F126: 셋팅 | G126: 5 | I126: Ø9
B127: 46241 | C127: 6동 | D127: JLR ZA | E127: =IFERROR(VLOOKUP(D127,Sheet1!B:F,4,0),"") -> COOLANT SPOUT-WCAC | F127: 셋팅 | G127: 30
B128: 46242 | C128: 1동 | D128: JLR CA | E128: =IFERROR(VLOOKUP(D128,Sheet1!B:F,4,0),"") -> COOLANT SPOUT-WCAC | F128: 찍힘 | G128: 12
B129: 46242 | C129: 1동 | D129: JLR CA | E129: =IFERROR(VLOOKUP(D129,Sheet1!B:F,4,0),"") -> COOLANT SPOUT-WCAC | F129: 치수 | G129: 1
B130: 46242 | C130: 1동 | D130: JLR CA | E130: =IFERROR(VLOOKUP(D130,Sheet1!B:F,4,0),"") -> COOLANT SPOUT-WCAC | F130: 찌그러짐 | G130: 1
B131: 46244 | C131: 1동 | D131: SG2 | E131: =IFERROR(VLOOKUP(D131,Sheet1!B:F,4,0),"") | F131: 셋팅 | G131: 1
B132: 46244 | C132: 1동 | D132: V710 EVAP OUT AA | E132: =IFERROR(VLOOKUP(D132,Sheet1!B:F,4,0),"") -> TUBE OUTLET-EVAP CORE | F132: 찍힘 | G132: 5
B133: 46244 | C133: 1동 | D133: V710 EVAP OUT AA | E133: =IFERROR(VLOOKUP(D133,Sheet1!B:F,4,0),"") -> TUBE OUTLET-EVAP CORE | F133: 치수 | G133: 5
B134: 46244 | C134: 1동 | D134: JLR BA | E134: =IFERROR(VLOOKUP(D134,Sheet1!B:F,4,0),"") -> COOLANT SPOUT-WCAC | F134: 밴딩 | G134: 3
B135: 46244 | C135: 1동 | D135: JLR ZA | E135: =IFERROR(VLOOKUP(D135,Sheet1!B:F,4,0),"") -> COOLANT SPOUT-WCAC | F135: 낙하(찌그러짐) | G135: 3
B136: 46244 | C136: 1동 | D136: CN8 HTR IN LA | E136: =IFERROR(VLOOKUP(D136,Sheet1!B:F,4,0),"") -> HTR PIPE IN RHD | F136: 밴딩불량 | G136: 29 | I136: 개발
B137: 46244 | C137: 1동 | D137: CN8 HTR IN AA | E137: =IFERROR(VLOOKUP(D137,Sheet1!B:F,4,0),"") -> HTR PIPE IN LHD | F137: 길이 짧음 | G137: 7 | I137: 개발
B138: 46244 | C138: 1동 | D138: NX5 JUMP TUBE AA | E138: =IFERROR(VLOOKUP(D138,Sheet1!B:F,4,0),"") -> JUMP TUBE AA 핀무 | F138: Ø12 플랜지 역조립 | G138: 1
B139: 46244 | C139: 1동 | D139: NX5 JUMP TUBE CA | E139: =IFERROR(VLOOKUP(D139,Sheet1!B:F,4,0),"") -> JUMP TUBE CA 핀무 | F139: Ø9 플랜지 설삽 | G139: 2
B140: 46244 | C140: 1동 | D140: NEaW AAA | E140: =IFERROR(VLOOKUP(D140,Sheet1!B:F,4,0),"") -> FT-ASY-A/C JUMPER | F140: 용접,세척 | G140: 14 | I140: 개발
B141: 46244 | C141: 1동 | D141: NEaW AMC | E141: =IFERROR(VLOOKUP(D141,Sheet1!B:F,4,0),"") -> FT-ASY-A/C JUMPER | F141: 이물(플랜지 본드 이물) | G141: 1
B142: 46244 | C142: 1동 | D142: NEaW AMB | E142: =IFERROR(VLOOKUP(D142,Sheet1!B:F,4,0),"") -> FT-ASY-A/C JUMPER | F142: 용접,세척 | G142: 12 | I142: 개발
...

Sheet Sheet1
B1: 1 | C1: 2 | D1: 3 | E1: 4 | F1: 5
B2: 차종Ⅰ | C2: 차종 Ⅱ | D2: 품번 | E2: 품명 | F2: 고객사
B3: JLR | C3: JLR | F3: 한온
B4: JLR AA | C4: JLR | D4: HW741D5LAA01 | E4: COOLANT SPOUT-WCAC | F4: 한온
B5: JLR BA | C5: JLR | D5: HW741D5LBA01 | E5: COOLANT SPOUT-WCAC | F5: 한온
B6: JLR CA | C6: JLR | D6: HW741D5LCA02 | E6: COOLANT SPOUT-WCAC | F6: 한온
B7: JLR ZA | C7: JLR | D7: HW741D5LZA01 | E7: COOLANT SPOUT-WCAC | F7: 한온
B8: JX1 HEV 16T AA | C8: JX1 16T | D8: FA1A8L9SAA03 | E8: FA-ASY-A/C-JUMPER | F8: 한온
B9: JX1 20T AA | C9: JX1 20T
B10: V710 EVAP IN AA | C10: V710 EVAP | D10: HE330G7FAA01 | E10: TUBE INLET-EVAP CORE | F10: 한온
B11: V710 EVAP OUT AA | C11: V710 EVAP | D11: HE331G7FAA01 | E11: TUBE OUTLET-EVAP CORE | F11: 한온
B12: V710 HTR IN AA | C12: V710 HTR | D12: HH260G7FAA01 | E12: INLET TUBE-HTR | F12: 한온
B13: V710 HTR OUT AA | C13: V710 HTR | D13: HH261G7FAA01 | E13: OUTLET TUBE-HTR | F13: 한온
B14: V710 EVAP IN RA | C14: V710 EVAP | D14: HE330G7FRA02 | E14: TUBE INLET-EVAP CORE | F14: 한온
B15: V710 EVAP OUT RA | C15: V710 EVAP | D15: HE331G7FRA02 | E15: TUBE OUTLET-EVAP CORE | F15: 한온
B16: V710 HTR IN RA | C16: V710 HTR | D16: HH260G7FRA01 | E16: INLET TUBE-HTR | F16: 한온
B17: V710 HTR OUT RA | C17: V710 HTR | D17: HH261G7FRA01 | E17: OUTLET TUBE-HTR | F17: 한온
B18: CN8 EVAP AA | C18: CN8 EVAP | D18: HE333HCNAA | E18: EVAP PIPE LHD | F18: 한온
B19: CN8 HTR IN AA | C19: CN8 HTR | D19: HH260HCNAA | E19: HTR PIPE IN LHD | F19: 한온
B20: CN8 HTR OUT AA | C20: CN8 HTR | D20: HH261HCNAA | E20: HTR OUT PIPE LHD | F20: 한온
B21: CN8 HEV HTR IN AA | C21: CN8 HEV HTR | D21: HH260L8FAA | E21: HEV HTR PIPE IN LHD | F21: 한온
... B42: NEaW AAA | C42: NEaW | D42: FA1A8HEAAA01 | E42: FT-ASY-A/C JUMPER | F42: 한온
B43: SX3 | C43: SX3 | F43: 한온
B44: JK1 HEV | C44: JK1 HEV | D44: FA1A8JKHAA02 | E44: FT-ASY-A/C JUMPER | F44: 한온
B45: JK1 EREV | C45: JKa EREV | D45: FA1A8JVRAA02 | E45: FT-ASY-A/C JUMPER | F45: 한온

Sheet Sheet2
B2: 결재 | C2: 작성 | D2: 검토 | E2: 승인
